{"calc_counters": [947.1752577319587], "capture": "MLSL", "cmc_iters": [1.0, 17.722408026755854, 34.44481605351171, 51.16722408026756, 67.88963210702342, 84.61204013377927, 101.33444816053512, 118.05685618729098, 134.77926421404683, 151.5016722408027, 168.22408026755855, 184.9464882943144, 201.66889632107024, 218.3913043478261, 235.11371237458195, 251.8361204013378, 268.55852842809367, 285.2809364548495, 302.0033444816054, 318.7257525083612, 335.4481605351171, 352.1705685618729, 368.8929765886288, 385.61538461538464, 402.33779264214047, 419.06020066889636, 435.7826086956522, 452.5050167224081, 469.2274247491639, 485.9498327759198, 502.6722408026756, 519.3946488294315, 536.1170568561873, 552.8394648829432, 569.561872909699, 586.2842809364549, 603.0066889632108, 619.7290969899666, 636.4515050167224, 653.1739130434784, 669.8963210702342, 686.61872909699, 703.3411371237459, 720.0635451505017, 736.7859531772576, 753.5083612040135, 770.2307692307693, 786.9531772575251, 803.6755852842809, 820.3979933110369, 837.1204013377927, 853.8428093645485, 870.5652173913044, 887.2876254180603, 904.0100334448161, 920.732441471572, 937.4548494983278, 954.1772575250836, 970.8996655518396, 987.6220735785954, 1004.3444816053512, 1021.0668896321071, 1037.789297658863, 1054.5117056856188, 1071.2341137123747, 1087.9565217391305, 1104.6789297658863, 1121.4013377926422, 1138.123745819398, 1154.846153846154, 1171.5685618729099, 1188.2909698996657, 1205.0133779264215, 1221.7357859531774, 1238.4581939799332, 1255.180602006689, 1271.9030100334448, 1288.6254180602007, 1305.3478260869567, 1322.0702341137126, 1338.7926421404684, 1355.5150501672242, 1372.23745819398, 1388.9598662207359, 1405.6822742474917, 1422.4046822742475, 1439.1270903010034, 1455.8494983277594, 1472.5719063545152, 1489.294314381271, 1506.016722408027, 1522.7391304347827, 1539.4615384615386, 1556.1839464882944, 1572.9063545150502, 1589.628762541806, 1606.3511705685619, 1623.073578595318, 1639.7959866220738, 1656.5183946488296, 1673.2408026755854, 1689.9632107023413, 1706.685618729097, 1723.408026755853, 1740.1304347826087, 1756.8528428093646, 1773.5752508361206, 1790.2976588628765, 1807.0200668896323, 1823.7424749163881, 1840.464882943144, 1857.1872909698998, 1873.9096989966556, 1890.6321070234114, 1907.3545150501673, 1924.0769230769233, 1940.7993311036792, 1957.521739130435, 1974.2441471571908, 1990.9665551839466, 2007.6889632107025, 2024.4113712374583, 2041.1337792642141, 2057.85618729097, 2074.578595317726, 2091.3010033444816, 2108.0234113712377, 2124.7458193979933, 2141.4682274247493, 2158.1906354515054, 2174.913043478261, 2191.635451505017, 2208.3578595317726, 2225.0802675585287, 2241.8026755852843, 2258.5250836120404, 2275.247491638796, 2291.969899665552, 2308.692307692308, 2325.4147157190637, 2342.1371237458197, 2358.8595317725753, 2375.5819397993314, 2392.304347826087, 2409.026755852843, 2425.7491638795987, 2442.4715719063547, 2459.1939799331108, 2475.9163879598664, 2492.6387959866224, 2509.361204013378, 2526.083612040134, 2542.8060200668897, 2559.5284280936457, 2576.2508361204013, 2592.9732441471574, 2609.6956521739135, 2626.418060200669, 2643.140468227425, 2659.8628762541807, 2676.585284280937, 2693.3076923076924, 2710.0301003344484, 2726.752508361204, 2743.47491638796, 2760.197324414716, 2776.9197324414718, 2793.642140468228, 2810.3645484949834, 2827.0869565217395, 2843.809364548495, 2860.531772575251, 2877.2541806020067, 2893.976588628763, 2910.698996655519, 2927.4214046822744, 2944.1438127090305, 2960.866220735786, 2977.588628762542, 2994.3110367892978, 3011.033444816054, 3027.7558528428094, 3044.4782608695655, 3061.2006688963215, 3077.923076923077, 3094.645484949833, 3111.367892976589, 3128.090301003345, 3144.8127090301005, 3161.5351170568565, 3178.257525083612, 3194.979933110368, 3211.7023411371238, 3228.42474916388, 3245.147157190636, 3261.8695652173915, 3278.5919732441475, 3295.314381270903, 3312.036789297659, 3328.759197324415, 3345.481605351171, 3362.2040133779265, 3378.9264214046825, 3395.6488294314386, 3412.371237458194, 3429.0936454849502, 3445.816053511706, 3462.538461538462, 3479.2608695652175, 3495.9832775919735, 3512.705685618729, 3529.428093645485, 3546.1505016722413, 3562.872909698997, 3579.595317725753, 3596.3177257525085, 3613.0401337792646, 3629.76254180602, 3646.4849498327762, 3663.207357859532, 3679.929765886288, 3696.652173913044, 3713.3745819397996, 3730.0969899665556, 3746.819397993311, 3763.5418060200673, 3780.264214046823, 3796.986622073579, 3813.7090301003345, 3830.4314381270906, 3847.1538461538466, 3863.8762541806022, 3880.5986622073583, 3897.321070234114, 3914.04347826087, 3930.7658862876256, 3947.4882943143816, 3964.210702341137, 3980.9331103678933, 3997.6555183946493, 4014.377926421405, 4031.100334448161, 4047.8227424749166, 4064.5451505016727, 4081.2675585284283, 4097.989966555184, 4114.71237458194, 4131.434782608696, 4148.157190635452, 4164.879598662208, 4181.602006688963, 4198.324414715719, 4215.046822742475, 4231.769230769231, 4248.491638795987, 4265.214046822743, 4281.936454849499, 4298.658862876255, 4315.381270903011, 4332.103678929766, 4348.826086956522, 4365.548494983278, 4382.270903010034, 4398.993311036789, 4415.715719063545, 4432.438127090301, 4449.160535117057, 4465.8829431438135, 4482.605351170569, 4499.327759197325, 4516.050167224081, 4532.772575250837, 4549.494983277592, 4566.217391304348, 4582.939799331104, 4599.66220735786, 4616.384615384616, 4633.107023411371, 4649.829431438127, 4666.551839464883, 4683.2742474916395, 4699.996655518395, 4716.719063545151, 4733.441471571907, 4750.163879598663, 4766.886287625419, 4783.608695652174, 4800.33110367893, 4817.053511705686, 4833.775919732442, 4850.498327759197, 4867.220735785953, 4883.943143812709, 4900.6655518394655, 4917.3879598662215, 4934.110367892977, 4950.832775919733, 4967.555183946489, 4984.277591973245, 5001.0], "num_solved": 97, "cmc_vals": [0.0, 0.02, 0.11, 0.12, 0.12, 0.12, 0.12, 0.12, 0.12, 0.13, 0.15, 0.16, 0.18, 0.25, 0.26, 0.26, 0.26, 0.26, 0.26, 0.26, 0.27, 0.27, 0.28, 0.3, 0.32, 0.33, 0.34, 0.34, 0.34, 0.34, 0.35, 0.35, 0.36, 0.38, 0.4, 0.42, 0.44, 0.44, 0.44, 0.45, 0.46, 0.47, 0.48, 0.5, 0.51, 0.52, 0.52, 0.54, 0.54, 0.54, 0.55, 0.56, 0.56, 0.56, 0.56, 0.57, 0.58, 0.58, 0.58, 0.61, 0.61, 0.61, 0.62, 0.63, 0.64, 0.64, 0.65, 0.66, 0.67, 0.67, 0.67, 0.69, 0.69, 0.7, 0.7, 0.7, 0.71, 0.71, 0.73, 0.74, 0.74, 0.74, 0.74, 0.75, 0.75, 0.76, 0.77, 0.77, 0.78, 0.78, 0.78, 0.79, 0.79, 0.79, 0.8, 0.81, 0.81, 0.81, 0.82, 0.82, 0.83, 0.83, 0.83, 0.83, 0.83, 0.83, 0.84, 0.85, 0.85, 0.85, 0.86, 0.86, 0.86, 0.86, 0.86, 0.86, 0.86, 0.87, 0.87, 0.87, 0.87, 0.88, 0.88, 0.88, 0.88, 0.88, 0.88, 0.88, 0.88, 0.88, 0.88, 0.88, 0.88, 0.88, 0.88, 0.88, 0.89, 0.89, 0.89, 0.89, 0.89, 0.89, 0.89, 0.89, 0.89, 0.89, 0.89, 0.89, 0.89, 0.89, 0.89, 0.89, 0.89, 0.89, 0.89, 0.89, 0.89, 0.9, 0.9, 0.9, 0.9, 0.91, 0.91, 0.91, 0.91, 0.91, 0.91, 0.92, 0.92, 0.92, 0.92, 0.92, 0.92, 0.92, 0.92, 0.92, 0.92, 0.92, 0.92, 0.92, 0.92, 0.92, 0.92, 0.92, 0.92, 0.92, 0.92, 0.92, 0.92, 0.92, 0.92, 0.92, 0.92, 0.92, 0.92, 0.92, 0.92, 0.92, 0.92, 0.93, 0.93, 0.93, 0.93, 0.93, 0.93, 0.93, 0.93, 0.93, 0.93, 0.93, 0.93, 0.94, 0.94, 0.94, 0.94, 0.94, 0.94, 0.94, 0.95, 0.95, 0.95, 0.95, 0.96, 0.96, 0.96, 0.96, 0.96, 0.96, 0.96, 0.96, 0.96, 0.96, 0.97, 0.97, 0.97, 0.97, 0.97, 0.97, 0.97, 0.97, 0.97, 0.97, 0.97, 0.97, 0.97, 0.97, 0.97, 0.97, 0.97, 0.97, 0.97, 0.97, 0.97, 0.97, 0.97, 0.97, 0.97, 0.97, 0.97, 0.97, 0.97, 0.97, 0.97, 0.97, 0.97, 0.97, 0.97, 0.97, 0.97, 0.97, 0.97, 0.97, 0.97, 0.97, 0.97, 0.97, 0.97, 0.97, 0.97, 0.97, 0.97, 0.97, 0.97, 0.97, 0.97, 0.97, 0.97, 0.97, 0.97, 0.97, 0.97, 0.97, 0.97, 0.97, 0.97, 0.97, 0.97, 0.97, 0.97, 0.97]}