{"calc_counters": [203.71], "capture": "AGS", "cmc_iters": [1.0, 2.9933110367892977, 4.986622073578595, 6.979933110367893, 8.97324414715719, 10.966555183946488, 12.959866220735787, 14.953177257525084, 16.94648829431438, 18.93979933110368, 20.933110367892976, 22.926421404682273, 24.919732441471574, 26.91304347826087, 28.906354515050168, 30.899665551839465, 32.89297658862876, 34.88628762541806, 36.87959866220736, 38.87290969899666, 40.86622073578595, 42.85953177257525, 44.852842809364546, 46.84615384615385, 48.83946488294315, 50.83277591973244, 52.82608695652174, 54.819397993311036, 56.812709030100336, 58.80602006688963, 60.79933110367893, 62.792642140468224, 64.78595317725753, 66.77926421404682, 68.77257525083613, 70.76588628762542, 72.75919732441471, 74.75250836120401, 76.74581939799332, 78.73913043478261, 80.7324414715719, 82.72575250836121, 84.7190635451505, 86.7123745819398, 88.70568561872909, 90.6989966555184, 92.6923076923077, 94.68561872909699, 96.6789297658863, 98.67224080267559, 100.66555183946488, 102.65886287625418, 104.65217391304348, 106.64548494983278, 108.63879598662207, 110.63210702341136, 112.62541806020067, 114.61872909698997, 116.61204013377926, 118.60535117056857, 120.59866220735786, 122.59197324414716, 124.58528428093645, 126.57859531772576, 128.57190635451505, 130.56521739130434, 132.55852842809364, 134.55183946488293, 136.54515050167225, 138.53846153846155, 140.53177257525084, 142.52508361204013, 144.51839464882943, 146.51170568561872, 148.50501672240802, 150.49832775919734, 152.49163879598663, 154.48494983277592, 156.47826086956522, 158.4715719063545, 160.4648829431438, 162.4581939799331, 164.45150501672242, 166.44481605351172, 168.438127090301, 170.4314381270903, 172.4247491638796, 174.4180602006689, 176.41137123745818, 178.4046822742475, 180.3979933110368, 182.3913043478261, 184.3846153846154, 186.37792642140468, 188.37123745819397, 190.36454849498327, 192.3578595317726, 194.35117056856188, 196.34448160535118, 198.33779264214047, 200.33110367892976, 202.32441471571906, 204.31772575250835, 206.31103678929765, 208.30434782608697, 210.29765886287626, 212.29096989966555, 214.28428093645485, 216.27759197324414, 218.27090301003344, 220.26421404682273, 222.25752508361205, 224.25083612040135, 226.24414715719064, 228.23745819397993, 230.23076923076923, 232.22408026755852, 234.2173913043478, 236.21070234113714, 238.20401337792643, 240.19732441471572, 242.19063545150502, 244.1839464882943, 246.1772575250836, 248.1705685618729, 250.16387959866222, 252.1571906354515, 254.1505016722408, 256.1438127090301, 258.1371237458194, 260.1304347826087, 262.123745819398, 264.1170568561873, 266.11036789297657, 268.10367892976586, 270.09698996655516, 272.0903010033445, 274.0836120401338, 276.0769230769231, 278.0702341137124, 280.0635451505017, 282.056856187291, 284.05016722408027, 286.04347826086956, 288.03678929765886, 290.03010033444815, 292.02341137123744, 294.01672240802674, 296.01003344481603, 298.0033444816053, 299.9966555183947, 301.98996655518397, 303.98327759197326, 305.97658862876256, 307.96989966555185, 309.96321070234114, 311.95652173913044, 313.94983277591973, 315.943143812709, 317.9364548494983, 319.9297658862876, 321.9230769230769, 323.9163879598662, 325.9096989966555, 327.90301003344484, 329.89632107023414, 331.88963210702343, 333.8829431438127, 335.876254180602, 337.8695652173913, 339.8628762541806, 341.8561872909699, 343.8494983277592, 345.8428093645485, 347.8361204013378, 349.8294314381271, 351.82274247491637, 353.81605351170566, 355.809364548495, 357.8026755852843, 359.7959866220736, 361.7892976588629, 363.7826086956522, 365.7759197324415, 367.7692307692308, 369.76254180602007, 371.75585284280936, 373.74916387959865, 375.74247491638795, 377.73578595317724, 379.72909698996654, 381.72240802675583, 383.7157190635452, 385.7090301003345, 387.70234113712377, 389.69565217391306, 391.68896321070235, 393.68227424749165, 395.67558528428094, 397.66889632107024, 399.66220735785953, 401.6555183946488, 403.6488294314381, 405.6421404682274, 407.6354515050167, 409.628762541806, 411.6220735785953, 413.61538461538464, 415.60869565217394, 417.60200668896323, 419.5953177257525, 421.5886287625418, 423.5819397993311, 425.5752508361204, 427.5685618729097, 429.561872909699, 431.5551839464883, 433.5484949832776, 435.5418060200669, 437.53511705685617, 439.52842809364546, 441.5217391304348, 443.5150501672241, 445.5083612040134, 447.5016722408027, 449.494983277592, 451.4882943143813, 453.4816053511706, 455.47491638795987, 457.46822742474916, 459.46153846153845, 461.45484949832775, 463.44816053511704, 465.44147157190633, 467.4347826086956, 469.428093645485, 471.4214046822743, 473.41471571906357, 475.40802675585286, 477.40133779264215, 479.39464882943145, 481.38795986622074, 483.38127090301003, 485.3745819397993, 487.3678929765886, 489.3612040133779, 491.3545150501672, 493.3478260869565, 495.3411371237458, 497.33444816053515, 499.32775919732444, 501.32107023411373, 503.314381270903, 505.3076923076923, 507.3010033444816, 509.2943143812709, 511.2876254180602, 513.2809364548496, 515.2742474916388, 517.2675585284281, 519.2608695652174, 521.2541806020067, 523.247491638796, 525.2408026755853, 527.2341137123746, 529.2274247491639, 531.2207357859531, 533.2140468227425, 535.2073578595317, 537.2006688963211, 539.1939799331103, 541.1872909698997, 543.180602006689, 545.1739130434783, 547.1672240802676, 549.1605351170568, 551.1538461538462, 553.1471571906354, 555.1404682274248, 557.133779264214, 559.1270903010034, 561.1204013377926, 563.113712374582, 565.1070234113712, 567.1003344481605, 569.0936454849499, 571.0869565217391, 573.0802675585285, 575.0735785953177, 577.0668896321071, 579.0602006688963, 581.0535117056857, 583.0468227424749, 585.0401337792642, 587.0334448160535, 589.0267558528428, 591.0200668896321, 593.0133779264214, 595.0066889632106, 597.0], "cmc_vals": [0.0, 0.0, 0.0, 0.0, 0.0, 0.0, 0.0, 0.0, 0.0, 0.0, 0.0, 0.0, 0.0, 0.0, 0.0, 0.0, 0.0, 0.0, 0.0, 0.0, 0.0, 0.02, 0.02, 0.03, 0.03, 0.03, 0.03, 0.03, 0.03, 0.04, 0.05, 0.05, 0.05, 0.05, 0.05, 0.05, 0.06, 0.06, 0.08, 0.08, 0.08, 0.09, 0.11, 0.12, 0.12, 0.12, 0.12, 0.13, 0.13, 0.13, 0.14, 0.15, 0.16, 0.17, 0.17, 0.18, 0.18, 0.19, 0.2, 0.22, 0.23, 0.25, 0.26, 0.26, 0.26, 0.28, 0.28, 0.28, 0.3, 0.32, 0.32, 0.33, 0.33, 0.34, 0.36, 0.36, 0.36, 0.36, 0.36, 0.37, 0.37, 0.38, 0.41, 0.42, 0.42, 0.42, 0.43, 0.43, 0.46, 0.47, 0.49, 0.49, 0.49, 0.49, 0.51, 0.53, 0.53, 0.54, 0.55, 0.55, 0.55, 0.55, 0.58, 0.61, 0.61, 0.62, 0.62, 0.62, 0.63, 0.65, 0.66, 0.67, 0.68, 0.7, 0.7, 0.71, 0.71, 0.73, 0.74, 0.75, 0.75, 0.75, 0.75, 0.76, 0.77, 0.77, 0.77, 0.77, 0.77, 0.77, 0.78, 0.78, 0.78, 0.79, 0.79, 0.8, 0.81, 0.81, 0.81, 0.82, 0.83, 0.84, 0.84, 0.85, 0.85, 0.85, 0.85, 0.86, 0.86, 0.87, 0.87, 0.87, 0.87, 0.88, 0.88, 0.88, 0.89, 0.89, 0.89, 0.89, 0.9, 0.9, 0.9, 0.9, 0.9, 0.9, 0.9, 0.9, 0.9, 0.9, 0.9, 0.9, 0.9, 0.9, 0.9, 0.9, 0.9, 0.9, 0.9, 0.9, 0.9, 0.9, 0.92, 0.92, 0.92, 0.93, 0.93, 0.94, 0.94, 0.94, 0.94, 0.94, 0.94, 0.94, 0.94, 0.94, 0.94, 0.94, 0.94, 0.94, 0.94, 0.94, 0.94, 0.94, 0.94, 0.94, 0.94, 0.94, 0.94, 0.94, 0.94, 0.94, 0.94, 0.94, 0.94, 0.94, 0.94, 0.94, 0.94, 0.95, 0.95, 0.95, 0.95, 0.95, 0.95, 0.95, 0.95, 0.95, 0.95, 0.95, 0.95, 0.95, 0.95, 0.95, 0.95, 0.95, 0.95, 0.95, 0.95, 0.95, 0.95, 0.95, 0.95, 0.95, 0.95, 0.95, 0.95, 0.95, 0.95, 0.95, 0.95, 0.95, 0.95, 0.95, 0.95, 0.95, 0.95, 0.95, 0.95, 0.96, 0.96, 0.96, 0.96, 0.96, 0.96, 0.96, 0.96, 0.97, 0.97, 0.97, 0.97, 0.97, 0.97, 0.97, 0.98, 0.98, 0.98, 0.98, 0.98, 0.98, 0.98, 0.98, 0.98, 0.98, 0.98, 0.98, 0.98, 0.98, 0.98, 0.98, 0.98, 0.98, 0.98, 0.98, 0.98, 0.99, 0.99, 0.99, 0.99, 1.0]}