{"calc_counters": [193.11], "capture": "AGS", "cmc_iters": [1.0, 2.9899665551839467, 4.979933110367893, 6.969899665551839, 8.959866220735787, 10.949832775919733, 12.939799331103679, 14.929765886287626, 16.919732441471574, 18.909698996655518, 20.899665551839465, 22.889632107023413, 24.879598662207357, 26.869565217391305, 28.859531772575252, 30.849498327759196, 32.83946488294315, 34.82943143812709, 36.819397993311036, 38.80936454849498, 40.79933110367893, 42.78929765886288, 44.779264214046826, 46.76923076923077, 48.759197324414714, 50.74916387959866, 52.73913043478261, 54.72909698996656, 56.719063545150505, 58.709030100334445, 60.69899665551839, 62.68896321070234, 64.6789297658863, 66.66889632107024, 68.65886287625418, 70.64882943143813, 72.63879598662207, 74.62876254180603, 76.61872909698997, 78.6086956521739, 80.59866220735786, 82.5886287625418, 84.57859531772576, 86.5685618729097, 88.55852842809365, 90.54849498327759, 92.53846153846153, 94.52842809364549, 96.51839464882943, 98.50836120401338, 100.49832775919732, 102.48829431438128, 104.47826086956522, 106.46822742474916, 108.45819397993311, 110.44816053511705, 112.43812709030101, 114.42809364548495, 116.41806020066889, 118.40802675585284, 120.39799331103679, 122.38795986622074, 124.37792642140468, 126.36789297658864, 128.3578595317726, 130.34782608695653, 132.33779264214047, 134.3277591973244, 136.31772575250835, 138.30769230769232, 140.29765886287626, 142.2876254180602, 144.27759197324414, 146.26755852842808, 148.25752508361205, 150.247491638796, 152.23745819397993, 154.22742474916387, 156.2173913043478, 158.20735785953178, 160.19732441471572, 162.18729096989966, 164.1772575250836, 166.16722408026757, 168.1571906354515, 170.14715719063545, 172.1371237458194, 174.12709030100334, 176.1170568561873, 178.10702341137124, 180.09698996655518, 182.08695652173913, 184.07692307692307, 186.06688963210703, 188.05685618729098, 190.04682274247492, 192.03678929765886, 194.0267558528428, 196.01672240802677, 198.0066889632107, 199.99665551839465, 201.9866220735786, 203.97658862876256, 205.9665551839465, 207.95652173913044, 209.94648829431438, 211.93645484949832, 213.9264214046823, 215.91638795986623, 217.90635451505017, 219.8963210702341, 221.88628762541805, 223.87625418060202, 225.86622073578596, 227.8561872909699, 229.84615384615384, 231.83612040133778, 233.82608695652175, 235.8160535117057, 237.80602006688963, 239.79598662207357, 241.78595317725754, 243.77591973244148, 245.76588628762542, 247.75585284280936, 249.7458193979933, 251.73578595317727, 253.7257525083612, 255.71571906354515, 257.7056856187291, 259.69565217391306, 261.685618729097, 263.67558528428094, 265.6655518394649, 267.6555183946488, 269.6454849498328, 271.6354515050167, 273.6254180602007, 275.61538461538464, 277.60535117056855, 279.5953177257525, 281.58528428093643, 283.5752508361204, 285.5652173913044, 287.5551839464883, 289.54515050167225, 291.53511705685617, 293.52508361204013, 295.5150501672241, 297.505016722408, 299.494983277592, 301.4849498327759, 303.47491638795987, 305.46488294314383, 307.45484949832775, 309.4448160535117, 311.4347826086956, 313.4247491638796, 315.41471571906357, 317.4046822742475, 319.39464882943145, 321.38461538461536, 323.3745819397993, 325.3645484949833, 327.3545150501672, 329.3444816053512, 331.33444816053515, 333.32441471571906, 335.314381270903, 337.30434782608694, 339.2943143812709, 341.2842809364549, 343.2742474916388, 345.26421404682276, 347.25418060200667, 349.24414715719064, 351.2341137123746, 353.2240802675585, 355.2140468227425, 357.2040133779264, 359.19397993311037, 361.18394648829434, 363.17391304347825, 365.1638795986622, 367.15384615384613, 369.1438127090301, 371.13377926421407, 373.123745819398, 375.11371237458195, 377.10367892976586, 379.09364548494983, 381.0836120401338, 383.0735785953177, 385.0635451505017, 387.0535117056856, 389.04347826086956, 391.03344481605353, 393.02341137123744, 395.0133779264214, 397.0033444816053, 398.9933110367893, 400.98327759197326, 402.9732441471572, 404.96321070234114, 406.9531772575251, 408.943143812709, 410.933110367893, 412.9230769230769, 414.9130434782609, 416.90301003344484, 418.89297658862876, 420.8829431438127, 422.87290969899664, 424.8628762541806, 426.8528428093646, 428.8428093645485, 430.83277591973246, 432.82274247491637, 434.81270903010034, 436.8026755852843, 438.7926421404682, 440.7826086956522, 442.7725752508361, 444.76254180602007, 446.75250836120404, 448.74247491638795, 450.7324414715719, 452.72240802675583, 454.7123745819398, 456.70234113712377, 458.6923076923077, 460.68227424749165, 462.67224080267556, 464.66220735785953, 466.6521739130435, 468.6421404682274, 470.6321070234114, 472.6220735785953, 474.61204013377926, 476.60200668896323, 478.59197324414714, 480.5819397993311, 482.5719063545151, 484.561872909699, 486.55183946488296, 488.5418060200669, 490.53177257525084, 492.5217391304348, 494.5117056856187, 496.5016722408027, 498.4916387959866, 500.4816053511706, 502.47157190635454, 504.46153846153845, 506.4515050167224, 508.44147157190633, 510.4314381270903, 512.4214046822742, 514.4113712374582, 516.4013377926422, 518.3913043478261, 520.3812709030101, 522.371237458194, 524.3612040133779, 526.3511705685619, 528.3411371237459, 530.3311036789298, 532.3210702341137, 534.3110367892976, 536.3010033444816, 538.2909698996656, 540.2809364548496, 542.2709030100334, 544.2608695652174, 546.2508361204013, 548.2408026755853, 550.2307692307693, 552.2207357859531, 554.2107023411371, 556.2006688963211, 558.190635451505, 560.180602006689, 562.1705685618729, 564.1605351170568, 566.1505016722408, 568.1404682274248, 570.1304347826087, 572.1204013377926, 574.1103678929766, 576.1003344481605, 578.0903010033445, 580.0802675585285, 582.0702341137123, 584.0602006688963, 586.0501672240803, 588.0401337792642, 590.0301003344482, 592.0200668896321, 594.010033444816, 596.0], "num_solved": 100, "cmc_vals": [0.0, 0.0, 0.0, 0.0, 0.0, 0.0, 0.0, 0.0, 0.0, 0.0, 0.0, 0.0, 0.0, 0.0, 0.0, 0.0, 0.0, 0.0, 0.0, 0.0, 0.02, 0.02, 0.02, 0.03, 0.03, 0.03, 0.03, 0.03, 0.03, 0.04, 0.05, 0.05, 0.05, 0.05, 0.05, 0.05, 0.06, 0.07, 0.08, 0.08, 0.09, 0.1, 0.11, 0.12, 0.12, 0.12, 0.13, 0.13, 0.13, 0.14, 0.15, 0.15, 0.16, 0.17, 0.17, 0.18, 0.2, 0.2, 0.23, 0.24, 0.25, 0.27, 0.27, 0.27, 0.27, 0.29, 0.29, 0.3, 0.32, 0.33, 0.33, 0.34, 0.34, 0.35, 0.37, 0.37, 0.37, 0.37, 0.37, 0.38, 0.38, 0.4, 0.43, 0.43, 0.43, 0.43, 0.44, 0.45, 0.47, 0.49, 0.5, 0.5, 0.51, 0.51, 0.54, 0.54, 0.55, 0.55, 0.56, 0.56, 0.56, 0.56, 0.59, 0.62, 0.62, 0.63, 0.63, 0.63, 0.64, 0.66, 0.67, 0.68, 0.69, 0.71, 0.71, 0.72, 0.72, 0.74, 0.75, 0.76, 0.76, 0.77, 0.77, 0.78, 0.79, 0.79, 0.79, 0.79, 0.79, 0.79, 0.8, 0.8, 0.8, 0.81, 0.81, 0.82, 0.83, 0.83, 0.83, 0.84, 0.85, 0.86, 0.86, 0.87, 0.87, 0.87, 0.87, 0.88, 0.88, 0.89, 0.89, 0.89, 0.89, 0.9, 0.9, 0.91, 0.91, 0.91, 0.91, 0.92, 0.92, 0.92, 0.92, 0.92, 0.92, 0.93, 0.93, 0.93, 0.93, 0.93, 0.93, 0.93, 0.93, 0.93, 0.93, 0.93, 0.93, 0.93, 0.93, 0.93, 0.93, 0.93, 0.95, 0.95, 0.95, 0.96, 0.96, 0.97, 0.97, 0.97, 0.97, 0.97, 0.97, 0.97, 0.97, 0.97, 0.97, 0.97, 0.97, 0.97, 0.97, 0.97, 0.97, 0.97, 0.97, 0.97, 0.97, 0.97, 0.97, 0.97, 0.97, 0.97, 0.97, 0.97, 0.97, 0.97, 0.97, 0.97, 0.97, 0.98, 0.98, 0.98, 0.98, 0.98, 0.98, 0.98, 0.98, 0.98, 0.98, 0.98, 0.98, 0.98, 0.98, 0.98, 0.98, 0.98, 0.98, 0.98, 0.98, 0.98, 0.98, 0.98, 0.98, 0.98, 0.98, 0.98, 0.98, 0.98, 0.98, 0.98, 0.98, 0.98, 0.98, 0.98, 0.98, 0.98, 0.98, 0.98, 0.98, 0.98, 0.98, 0.98, 0.98, 0.98, 0.98, 0.98, 0.98, 0.98, 0.98, 0.98, 0.98, 0.98, 0.98, 0.98, 0.99, 0.99, 0.99, 0.99, 0.99, 0.99, 0.99, 0.99, 0.99, 0.99, 0.99, 0.99, 0.99, 0.99, 0.99, 0.99, 0.99, 0.99, 0.99, 0.99, 0.99, 0.99, 0.99, 0.99, 0.99, 1.0]}