{"calc_counters": [400.30263157894734], "capture": "CRS", "cmc_iters": [1.0, 17.755852842809364, 34.51170568561873, 51.2675585284281, 68.02341137123746, 84.77926421404682, 101.5351170568562, 118.29096989966555, 135.04682274247492, 151.80267558528428, 168.55852842809364, 185.314381270903, 202.0702341137124, 218.82608695652175, 235.5819397993311, 252.33779264214047, 269.09364548494983, 285.8494983277592, 302.60535117056855, 319.3612040133779, 336.1170568561873, 352.87290969899664, 369.628762541806, 386.38461538461536, 403.1404682274248, 419.89632107023414, 436.6521739130435, 453.40802675585286, 470.1638795986622, 486.9197324414716, 503.67558528428094, 520.4314381270902, 537.1872909698997, 553.9431438127091, 570.6989966555184, 587.4548494983278, 604.2107023411371, 620.9665551839465, 637.7224080267558, 654.4782608695652, 671.2341137123746, 687.989966555184, 704.7458193979933, 721.5016722408027, 738.257525083612, 755.0133779264214, 771.7692307692307, 788.5250836120401, 805.2809364548496, 822.0367892976589, 838.7926421404683, 855.5484949832776, 872.304347826087, 889.0602006688963, 905.8160535117057, 922.571906354515, 939.3277591973244, 956.0836120401337, 972.8394648829432, 989.5953177257525, 1006.3511705685619, 1023.1070234113712, 1039.8628762541805, 1056.61872909699, 1073.3745819397993, 1090.1304347826087, 1106.8862876254182, 1123.6421404682274, 1140.3979933110368, 1157.1538461538462, 1173.9096989966556, 1190.6655518394648, 1207.4214046822742, 1224.1772575250836, 1240.933110367893, 1257.6889632107022, 1274.4448160535117, 1291.200668896321, 1307.9565217391305, 1324.7123745819397, 1341.468227424749, 1358.2240802675585, 1374.979933110368, 1391.7357859531774, 1408.4916387959865, 1425.247491638796, 1442.0033444816054, 1458.7591973244148, 1475.515050167224, 1492.2709030100334, 1509.0267558528428, 1525.7826086956522, 1542.5384615384614, 1559.2943143812709, 1576.0501672240803, 1592.8060200668897, 1609.561872909699, 1626.3177257525083, 1643.0735785953177, 1659.8294314381271, 1676.5852842809365, 1693.3411371237457, 1710.0969899665552, 1726.8528428093646, 1743.608695652174, 1760.3645484949832, 1777.1204013377926, 1793.876254180602, 1810.6321070234114, 1827.3879598662206, 1844.14381270903, 1860.8996655518395, 1877.6555183946489, 1894.4113712374583, 1911.1672240802675, 1927.923076923077, 1944.6789297658863, 1961.4347826086957, 1978.190635451505, 1994.9464882943143, 2011.7023411371238, 2028.4581939799332, 2045.2140468227424, 2061.969899665552, 2078.725752508361, 2095.4816053511704, 2112.23745819398, 2128.9933110367892, 2145.7491638795987, 2162.505016722408, 2179.2608695652175, 2196.016722408027, 2212.7725752508363, 2229.5284280936453, 2246.2842809364547, 2263.040133779264, 2279.7959866220735, 2296.551839464883, 2313.3076923076924, 2330.063545150502, 2346.819397993311, 2363.57525083612, 2380.3311036789296, 2397.086956521739, 2413.8428093645484, 2430.598662207358, 2447.3545150501673, 2464.1103678929767, 2480.866220735786, 2497.6220735785955, 2514.3779264214045, 2531.133779264214, 2547.8896321070233, 2564.6454849498327, 2581.401337792642, 2598.1571906354516, 2614.913043478261, 2631.6688963210704, 2648.4247491638794, 2665.180602006689, 2681.936454849498, 2698.6923076923076, 2715.448160535117, 2732.2040133779265, 2748.959866220736, 2765.7157190635453, 2782.4715719063547, 2799.2274247491637, 2815.983277591973, 2832.7391304347825, 2849.494983277592, 2866.2508361204013, 2883.0066889632108, 2899.76254180602, 2916.5183946488296, 2933.2742474916386, 2950.030100334448, 2966.7859531772574, 2983.541806020067, 3000.2976588628762, 3017.0535117056857, 3033.809364548495, 3050.5652173913045, 3067.321070234114, 3084.076923076923, 3100.8327759197323, 3117.5886287625417, 3134.344481605351, 3151.1003344481605, 3167.85618729097, 3184.6120401337794, 3201.367892976589, 3218.123745819398, 3234.879598662207, 3251.6354515050166, 3268.391304347826, 3285.1471571906354, 3301.903010033445, 3318.6588628762543, 3335.4147157190637, 3352.170568561873, 3368.926421404682, 3385.6822742474915, 3402.438127090301, 3419.1939799331103, 3435.9498327759197, 3452.705685618729, 3469.4615384615386, 3486.217391304348, 3502.9732441471574, 3519.7290969899664, 3536.484949832776, 3553.240802675585, 3569.9966555183946, 3586.752508361204, 3603.5083612040135, 3620.264214046823, 3637.0200668896323, 3653.7759197324413, 3670.5317725752507, 3687.28762541806, 3704.0434782608695, 3720.799331103679, 3737.5551839464883, 3754.3110367892978, 3771.066889632107, 3787.8227424749166, 3804.5785953177256, 3821.334448160535, 3838.0903010033444, 3854.846153846154, 3871.6020066889632, 3888.3578595317726, 3905.113712374582, 3921.8695652173915, 3938.6254180602004, 3955.38127090301, 3972.1371237458193, 3988.8929765886287, 4005.648829431438, 4022.4046822742475, 4039.160535117057, 4055.9163879598664, 4072.672240802676, 4089.4280936454848, 4106.183946488294, 4122.939799331104, 4139.695652173913, 4156.451505016722, 4173.207357859532, 4189.963210702341, 4206.719063545151, 4223.47491638796, 4240.2307692307695, 4256.9866220735785, 4273.742474916388, 4290.498327759197, 4307.254180602006, 4324.010033444816, 4340.765886287625, 4357.521739130435, 4374.277591973244, 4391.033444816054, 4407.789297658863, 4424.545150501673, 4441.301003344482, 4458.056856187291, 4474.8127090301, 4491.568561872909, 4508.324414715719, 4525.080267558528, 4541.836120401338, 4558.591973244147, 4575.347826086957, 4592.103678929766, 4608.859531772575, 4625.615384615385, 4642.371237458194, 4659.127090301004, 4675.882943143813, 4692.638795986622, 4709.394648829431, 4726.15050167224, 4742.90635451505, 4759.662207357859, 4776.418060200669, 4793.173913043478, 4809.929765886288, 4826.685618729097, 4843.441471571907, 4860.197324414716, 4876.953177257525, 4893.7090301003345, 4910.4648829431435, 4927.220735785953, 4943.976588628762, 4960.732441471572, 4977.488294314381, 4994.244147157191, 5011.0], "num_solved": 76, "cmc_vals": [0.0, 0.0, 0.01, 0.01, 0.01, 0.03, 0.03, 0.03, 0.03, 0.06, 0.19, 0.21, 0.22, 0.23, 0.23, 0.25, 0.3, 0.31, 0.32, 0.33, 0.35, 0.38, 0.39, 0.41, 0.42, 0.46, 0.46, 0.47, 0.49, 0.52, 0.52, 0.54, 0.55, 0.57, 0.6, 0.62, 0.63, 0.64, 0.64, 0.65, 0.66, 0.66, 0.66, 0.66, 0.66, 0.67, 0.69, 0.7, 0.7, 0.7, 0.71, 0.73, 0.73, 0.73, 0.74, 0.74, 0.74, 0.74, 0.74, 0.74, 0.75, 0.75, 0.75, 0.75, 0.75, 0.75, 0.75, 0.75, 0.75, 0.75, 0.75, 0.75, 0.75, 0.75, 0.76, 0.76, 0.76, 0.76, 0.76, 0.76, 0.76, 0.76, 0.76, 0.76, 0.76, 0.76, 0.76, 0.76, 0.76, 0.76, 0.76, 0.76, 0.76, 0.76, 0.76, 0.76, 0.76, 0.76, 0.76, 0.76, 0.76, 0.76, 0.76, 0.76, 0.76, 0.76, 0.76, 0.76, 0.76, 0.76, 0.76, 0.76, 0.76, 0.76, 0.76, 0.76, 0.76, 0.76, 0.76, 0.76, 0.76, 0.76, 0.76, 0.76, 0.76, 0.76, 0.76, 0.76, 0.76, 0.76, 0.76, 0.76, 0.76, 0.76, 0.76, 0.76, 0.76, 0.76, 0.76, 0.76, 0.76, 0.76, 0.76, 0.76, 0.76, 0.76, 0.76, 0.76, 0.76, 0.76, 0.76, 0.76, 0.76, 0.76, 0.76, 0.76, 0.76, 0.76, 0.76, 0.76, 0.76, 0.76, 0.76, 0.76, 0.76, 0.76, 0.76, 0.76, 0.76, 0.76, 0.76, 0.76, 0.76, 0.76, 0.76, 0.76, 0.76, 0.76, 0.76, 0.76, 0.76, 0.76, 0.76, 0.76, 0.76, 0.76, 0.76, 0.76, 0.76, 0.76, 0.76, 0.76, 0.76, 0.76, 0.76, 0.76, 0.76, 0.76, 0.76, 0.76, 0.76, 0.76, 0.76, 0.76, 0.76, 0.76, 0.76, 0.76, 0.76, 0.76, 0.76, 0.76, 0.76, 0.76, 0.76, 0.76, 0.76, 0.76, 0.76, 0.76, 0.76, 0.76, 0.76, 0.76, 0.76, 0.76, 0.76, 0.76, 0.76, 0.76, 0.76, 0.76, 0.76, 0.76, 0.76, 0.76, 0.76, 0.76, 0.76, 0.76, 0.76, 0.76, 0.76, 0.76, 0.76, 0.76, 0.76, 0.76, 0.76, 0.76, 0.76, 0.76, 0.76, 0.76, 0.76, 0.76, 0.76, 0.76, 0.76, 0.76, 0.76, 0.76, 0.76, 0.76, 0.76, 0.76, 0.76, 0.76, 0.76, 0.76, 0.76, 0.76, 0.76, 0.76, 0.76, 0.76, 0.76, 0.76, 0.76, 0.76, 0.76, 0.76, 0.76, 0.76, 0.76, 0.76, 0.76, 0.76, 0.76, 0.76, 0.76, 0.76, 0.76, 0.76, 0.76, 0.76, 0.76, 0.76, 0.76, 0.76]}