{"calc_counters": [182.25], "capture": "DIRECT", "cmc_iters": [1.0, 4.491638795986622, 7.983277591973244, 11.474916387959865, 14.966555183946488, 18.45819397993311, 21.94983277591973, 25.441471571906355, 28.933110367892976, 32.424749163879596, 35.91638795986622, 39.408026755852845, 42.89966555183946, 46.391304347826086, 49.88294314381271, 53.37458193979933, 56.86622073578595, 60.357859531772576, 63.84949832775919, 67.34113712374582, 70.83277591973244, 74.32441471571906, 77.81605351170569, 81.3076923076923, 84.79933110367892, 88.29096989966555, 91.78260869565217, 95.27424749163879, 98.76588628762542, 102.25752508361204, 105.74916387959865, 109.24080267558529, 112.7324414715719, 116.22408026755852, 119.71571906354515, 123.20735785953177, 126.69899665551839, 130.19063545150502, 133.68227424749165, 137.17391304347825, 140.66555183946488, 144.1571906354515, 147.64882943143812, 151.14046822742475, 154.63210702341138, 158.12374581939798, 161.6153846153846, 165.10702341137124, 168.59866220735785, 172.09030100334448, 175.5819397993311, 179.0735785953177, 182.56521739130434, 186.05685618729098, 189.54849498327758, 193.0401337792642, 196.53177257525084, 200.02341137123744, 203.51505016722408, 207.0066889632107, 210.4983277591973, 213.98996655518394, 217.48160535117057, 220.97324414715717, 224.4648829431438, 227.95652173913044, 231.44816053511704, 234.93979933110367, 238.4314381270903, 241.9230769230769, 245.41471571906354, 248.90635451505017, 252.39799331103677, 255.8896321070234, 259.38127090301003, 262.87290969899664, 266.3645484949833, 269.8561872909699, 273.3478260869565, 276.83946488294316, 280.33110367892976, 283.82274247491637, 287.314381270903, 290.80602006688963, 294.29765886287623, 297.7892976588629, 301.2809364548495, 304.7725752508361, 308.26421404682276, 311.75585284280936, 315.24749163879596, 318.7391304347826, 322.2307692307692, 325.72240802675583, 329.2140468227425, 332.7056856187291, 336.1973244147157, 339.68896321070235, 343.18060200668896, 346.67224080267556, 350.1638795986622, 353.6555183946488, 357.1471571906354, 360.6387959866221, 364.1304347826087, 367.6220735785953, 371.11371237458195, 374.60535117056855, 378.09698996655516, 381.5886287625418, 385.0802675585284, 388.571906354515, 392.0635451505017, 395.5551839464883, 399.0468227424749, 402.53846153846155, 406.03010033444815, 409.52173913043475, 413.0133779264214, 416.505016722408, 419.9966555183946, 423.4882943143813, 426.9799331103679, 430.4715719063545, 433.96321070234114, 437.45484949832775, 440.94648829431435, 444.438127090301, 447.9297658862876, 451.4214046822742, 454.9130434782609, 458.4046822742475, 461.8963210702341, 465.38795986622074, 468.87959866220734, 472.37123745819395, 475.8628762541806, 479.3545150501672, 482.8461538461538, 486.33779264214047, 489.8294314381271, 493.3210702341137, 496.81270903010034, 500.30434782608694, 503.79598662207354, 507.2876254180602, 510.7792642140468, 514.2709030100334, 517.7625418060201, 521.2541806020067, 524.7458193979933, 528.2374581939799, 531.7290969899666, 535.2207357859531, 538.7123745819398, 542.2040133779265, 545.695652173913, 549.1872909698997, 552.6789297658863, 556.1705685618729, 559.6622073578595, 563.1538461538462, 566.6454849498327, 570.1371237458194, 573.628762541806, 577.1204013377926, 580.6120401337793, 584.1036789297659, 587.5953177257525, 591.0869565217391, 594.5785953177258, 598.0702341137123, 601.561872909699, 605.0535117056857, 608.5451505016722, 612.0367892976589, 615.5284280936455, 619.0200668896321, 622.5117056856187, 626.0033444816054, 629.4949832775919, 632.9866220735786, 636.4782608695652, 639.9698996655518, 643.4615384615385, 646.9531772575251, 650.4448160535117, 653.9364548494983, 657.428093645485, 660.9197324414715, 664.4113712374582, 667.9030100334448, 671.3946488294314, 674.886287625418, 678.3779264214047, 681.8695652173913, 685.3612040133779, 688.8528428093646, 692.3444816053511, 695.8361204013378, 699.3277591973244, 702.819397993311, 706.3110367892976, 709.8026755852843, 713.2943143812709, 716.7859531772575, 720.2775919732442, 723.7692307692307, 727.2608695652174, 730.752508361204, 734.2441471571906, 737.7357859531772, 741.2274247491639, 744.7190635451504, 748.2107023411371, 751.7023411371238, 755.1939799331103, 758.685618729097, 762.1772575250836, 765.6688963210702, 769.1605351170568, 772.6521739130435, 776.14381270903, 779.6354515050167, 783.1270903010034, 786.6187290969899, 790.1103678929766, 793.6020066889632, 797.0936454849498, 800.5852842809364, 804.0769230769231, 807.5685618729096, 811.0602006688963, 814.551839464883, 818.0434782608695, 821.5351170568562, 825.0267558528428, 828.5183946488294, 832.010033444816, 835.5016722408027, 838.9933110367892, 842.4849498327759, 845.9765886287626, 849.4682274247491, 852.9598662207358, 856.4515050167224, 859.943143812709, 863.4347826086956, 866.9264214046823, 870.4180602006688, 873.9096989966555, 877.4013377926422, 880.8929765886287, 884.3846153846154, 887.876254180602, 891.3678929765886, 894.8595317725752, 898.3511705685619, 901.8428093645484, 905.3344481605351, 908.8260869565217, 912.3177257525083, 915.809364548495, 919.3010033444816, 922.7926421404682, 926.2842809364548, 929.7759197324415, 933.267558528428, 936.7591973244147, 940.2508361204013, 943.7424749163879, 947.2341137123746, 950.7257525083612, 954.2173913043478, 957.7090301003344, 961.2006688963211, 964.6923076923076, 968.1839464882943, 971.6755852842809, 975.1672240802675, 978.6588628762541, 982.1505016722408, 985.6421404682274, 989.133779264214, 992.6254180602007, 996.1170568561872, 999.6086956521739, 1003.1003344481605, 1006.5919732441471, 1010.0836120401337, 1013.5752508361204, 1017.066889632107, 1020.5585284280936, 1024.0501672240803, 1027.5418060200668, 1031.0334448160536, 1034.5250836120401, 1038.0167224080267, 1041.5083612040135, 1045.0], "num_solved": 100, "cmc_vals": [0.0, 0.0, 0.0, 0.0, 0.0, 0.0, 0.0, 0.02, 0.02, 0.05, 0.06, 0.08, 0.09, 0.12, 0.15, 0.16, 0.17, 0.18, 0.19, 0.23, 0.24, 0.24, 0.27, 0.28, 0.29, 0.3, 0.33, 0.38, 0.38, 0.41, 0.43, 0.43, 0.44, 0.5, 0.52, 0.54, 0.55, 0.57, 0.58, 0.61, 0.61, 0.61, 0.61, 0.61, 0.62, 0.63, 0.63, 0.64, 0.65, 0.66, 0.66, 0.68, 0.68, 0.69, 0.69, 0.69, 0.69, 0.71, 0.71, 0.71, 0.72, 0.72, 0.73, 0.75, 0.75, 0.77, 0.8, 0.81, 0.81, 0.81, 0.82, 0.83, 0.83, 0.84, 0.85, 0.85, 0.85, 0.85, 0.85, 0.85, 0.86, 0.86, 0.87, 0.87, 0.88, 0.88, 0.88, 0.88, 0.88, 0.88, 0.88, 0.88, 0.88, 0.88, 0.88, 0.88, 0.89, 0.89, 0.89, 0.89, 0.89, 0.89, 0.89, 0.89, 0.9, 0.9, 0.9, 0.9, 0.9, 0.9, 0.9, 0.91, 0.91, 0.91, 0.91, 0.92, 0.92, 0.92, 0.92, 0.92, 0.92, 0.92, 0.92, 0.92, 0.92, 0.92, 0.92, 0.92, 0.92, 0.92, 0.93, 0.93, 0.93, 0.93, 0.93, 0.93, 0.93, 0.93, 0.93, 0.93, 0.93, 0.93, 0.93, 0.93, 0.93, 0.93, 0.93, 0.93, 0.93, 0.93, 0.93, 0.93, 0.94, 0.94, 0.94, 0.94, 0.94, 0.94, 0.94, 0.94, 0.94, 0.94, 0.94, 0.94, 0.94, 0.94, 0.94, 0.94, 0.94, 0.94, 0.94, 0.94, 0.94, 0.94, 0.94, 0.94, 0.94, 0.94, 0.94, 0.94, 0.94, 0.94, 0.94, 0.94, 0.94, 0.94, 0.94, 0.94, 0.94, 0.94, 0.94, 0.95, 0.95, 0.95, 0.95, 0.95, 0.95, 0.95, 0.95, 0.95, 0.95, 0.95, 0.95, 0.95, 0.95, 0.95, 0.95, 0.96, 0.96, 0.96, 0.96, 0.96, 0.96, 0.96, 0.96, 0.97, 0.98, 0.98, 0.98, 0.98, 0.98, 0.98, 0.98, 0.98, 0.98, 0.98, 0.98, 0.98, 0.98, 0.98, 0.98, 0.98, 0.98, 0.98, 0.98, 0.98, 0.98, 0.98, 0.98, 0.98, 0.98, 0.98, 0.98, 0.98, 0.98, 0.98, 0.98, 0.98, 0.98, 0.98, 0.98, 0.98, 0.98, 0.98, 0.98, 0.98, 0.98, 0.98, 0.98, 0.98, 0.98, 0.98, 0.98, 0.98, 0.98, 0.98, 0.98, 0.99, 0.99, 0.99, 0.99, 0.99, 0.99, 0.99, 0.99, 0.99, 0.99, 0.99, 0.99, 0.99, 0.99, 0.99, 0.99, 0.99, 0.99, 0.99, 0.99, 0.99, 0.99, 0.99, 0.99, 0.99, 0.99, 0.99, 0.99, 0.99, 0.99, 0.99, 0.99, 1.0]}