{"calc_counters": [214.92], "capture": "DIRECTl", "cmc_iters": [1.0, 5.494983277591973, 9.989966555183946, 14.484949832775918, 18.97993311036789, 23.474916387959865, 27.969899665551836, 32.464882943143806, 36.95986622073578, 41.454849498327754, 45.94983277591973, 50.4448160535117, 54.93979933110367, 59.43478260869565, 63.92976588628762, 68.4247491638796, 72.91973244147157, 77.41471571906354, 81.90969899665551, 86.40468227424749, 90.89966555183946, 95.39464882943143, 99.8896321070234, 104.38461538461537, 108.87959866220734, 113.37458193979933, 117.8695652173913, 122.36454849498327, 126.85953177257524, 131.3545150501672, 135.8494983277592, 140.34448160535115, 144.83946488294313, 149.33444816053512, 153.82943143812707, 158.32441471571906, 162.81939799331101, 167.314381270903, 171.80936454849498, 176.30434782608694, 180.79933110367892, 185.29431438127088, 189.78929765886286, 194.28428093645485, 198.7792642140468, 203.2742474916388, 207.76923076923075, 212.26421404682273, 216.75919732441469, 221.25418060200667, 225.74916387959865, 230.2441471571906, 234.7391304347826, 239.23411371237455, 243.72909698996654, 248.22408026755852, 252.71906354515048, 257.21404682274243, 261.7090301003344, 266.2040133779264, 270.6989966555184, 275.19397993311037, 279.6889632107023, 284.1839464882943, 288.67892976588627, 293.17391304347825, 297.66889632107024, 302.16387959866216, 306.65886287625415, 311.15384615384613, 315.6488294314381, 320.1438127090301, 324.63879598662203, 329.133779264214, 333.628762541806, 338.123745819398, 342.61872909698997, 347.1137123745819, 351.6086956521739, 356.10367892976586, 360.59866220735785, 365.09364548494983, 369.58862876254176, 374.08361204013374, 378.5785953177257, 383.0735785953177, 387.5685618729097, 392.0635451505016, 396.5585284280936, 401.0535117056856, 405.5484949832776, 410.04347826086956, 414.5384615384615, 419.0334448160535, 423.52842809364546, 428.02341137123744, 432.51839464882937, 437.01337792642136, 441.50836120401334, 446.0033444816053, 450.4983277591973, 454.99331103678924, 459.4882943143812, 463.9832775919732, 468.4782608695652, 472.9732441471572, 477.4682274247491, 481.9632107023411, 486.45819397993307, 490.95317725752506, 495.44816053511704, 499.94314381270897, 504.43812709030095, 508.93311036789294, 513.4280936454849, 517.9230769230769, 522.4180602006688, 526.9130434782609, 531.4080267558528, 535.9030100334447, 540.3979933110368, 544.8929765886287, 549.3879598662207, 553.8829431438127, 558.3779264214046, 562.8729096989966, 567.3678929765886, 571.8628762541806, 576.3578595317725, 580.8528428093645, 585.3478260869565, 589.8428093645484, 594.3377926421405, 598.8327759197324, 603.3277591973243, 607.8227424749164, 612.3177257525083, 616.8127090301003, 621.3076923076923, 625.8026755852842, 630.2976588628762, 634.7926421404682, 639.2876254180602, 643.7826086956521, 648.2775919732441, 652.7725752508361, 657.267558528428, 661.7625418060201, 666.257525083612, 670.7525083612039, 675.247491638796, 679.7424749163879, 684.2374581939799, 688.7324414715719, 693.2274247491638, 697.7224080267558, 702.2173913043478, 706.7123745819398, 711.2073578595317, 715.7023411371237, 720.1973244147157, 724.6923076923076, 729.1872909698997, 733.6822742474916, 738.1772575250835, 742.6722408026756, 747.1672240802675, 751.6622073578595, 756.1571906354515, 760.6521739130434, 765.1471571906354, 769.6421404682274, 774.1371237458194, 778.6321070234113, 783.1270903010032, 787.6220735785953, 792.1170568561872, 796.6120401337793, 801.1070234113712, 805.6020066889631, 810.0969899665552, 814.5919732441471, 819.0869565217391, 823.581939799331, 828.076923076923, 832.571906354515, 837.066889632107, 841.561872909699, 846.0568561872909, 850.5518394648828, 855.0468227424749, 859.5418060200668, 864.0367892976587, 868.5317725752508, 873.0267558528427, 877.5217391304348, 882.0167224080267, 886.5117056856186, 891.0066889632106, 895.5016722408026, 899.9966555183946, 904.4916387959865, 908.9866220735785, 913.4816053511705, 917.9765886287624, 922.4715719063545, 926.9665551839464, 931.4615384615383, 935.9565217391304, 940.4515050167223, 944.9464882943143, 949.4414715719063, 953.9364548494982, 958.4314381270902, 962.9264214046822, 967.4214046822742, 971.9163879598661, 976.4113712374581, 980.9063545150501, 985.401337792642, 989.8963210702341, 994.391304347826, 998.8862876254179, 1003.38127090301, 1007.8762541806019, 1012.371237458194, 1016.8662207357859, 1021.3612040133778, 1025.8561872909697, 1030.3511705685619, 1034.8461538461538, 1039.3411371237457, 1043.8361204013377, 1048.3311036789296, 1052.8260869565217, 1057.3210702341137, 1061.8160535117056, 1066.3110367892975, 1070.8060200668895, 1075.3010033444816, 1079.7959866220735, 1084.2909698996655, 1088.7859531772574, 1093.2809364548493, 1097.7759197324415, 1102.2709030100334, 1106.7658862876253, 1111.2608695652173, 1115.7558528428092, 1120.2508361204013, 1124.7458193979933, 1129.2408026755852, 1133.7357859531771, 1138.230769230769, 1142.7257525083612, 1147.2207357859531, 1151.715719063545, 1156.210702341137, 1160.705685618729, 1165.200668896321, 1169.695652173913, 1174.190635451505, 1178.6856187290969, 1183.1806020066888, 1187.675585284281, 1192.1705685618729, 1196.6655518394648, 1201.1605351170567, 1205.6555183946487, 1210.1505016722408, 1214.6454849498327, 1219.1404682274247, 1223.6354515050166, 1228.1304347826085, 1232.6254180602007, 1237.1204013377926, 1241.6153846153845, 1246.1103678929765, 1250.6053511705684, 1255.1003344481605, 1259.5953177257525, 1264.0903010033444, 1268.5852842809363, 1273.0802675585282, 1277.5752508361204, 1282.0702341137123, 1286.5652173913043, 1291.0602006688962, 1295.5551839464881, 1300.0501672240803, 1304.5451505016722, 1309.0401337792641, 1313.535117056856, 1318.030100334448, 1322.5250836120401, 1327.020066889632, 1331.515050167224, 1336.010033444816, 1340.5050167224078, 1345.0], "cmc_vals": [0.0, 0.0, 0.0, 0.0, 0.0, 0.0, 0.03, 0.09, 0.12, 0.16, 0.16, 0.17, 0.2, 0.21, 0.21, 0.25, 0.28, 0.29, 0.3, 0.34, 0.34, 0.35, 0.37, 0.38, 0.39, 0.41, 0.43, 0.43, 0.44, 0.45, 0.46, 0.46, 0.46, 0.47, 0.48, 0.5, 0.51, 0.51, 0.54, 0.54, 0.54, 0.54, 0.56, 0.59, 0.61, 0.61, 0.62, 0.65, 0.68, 0.68, 0.68, 0.7, 0.71, 0.72, 0.73, 0.73, 0.75, 0.75, 0.77, 0.78, 0.78, 0.78, 0.78, 0.79, 0.8, 0.82, 0.82, 0.83, 0.83, 0.84, 0.85, 0.85, 0.85, 0.85, 0.85, 0.85, 0.85, 0.87, 0.87, 0.87, 0.87, 0.88, 0.88, 0.88, 0.88, 0.89, 0.89, 0.89, 0.89, 0.89, 0.89, 0.89, 0.9, 0.9, 0.9, 0.91, 0.91, 0.91, 0.91, 0.91, 0.91, 0.91, 0.91, 0.91, 0.91, 0.91, 0.91, 0.91, 0.92, 0.92, 0.92, 0.92, 0.92, 0.92, 0.92, 0.92, 0.92, 0.92, 0.92, 0.92, 0.93, 0.93, 0.94, 0.94, 0.94, 0.94, 0.94, 0.94, 0.94, 0.94, 0.94, 0.94, 0.94, 0.94, 0.94, 0.94, 0.94, 0.94, 0.94, 0.94, 0.94, 0.94, 0.94, 0.94, 0.94, 0.94, 0.94, 0.94, 0.94, 0.94, 0.94, 0.94, 0.94, 0.94, 0.94, 0.94, 0.94, 0.94, 0.94, 0.94, 0.94, 0.94, 0.94, 0.94, 0.94, 0.94, 0.94, 0.94, 0.94, 0.94, 0.94, 0.94, 0.94, 0.95, 0.95, 0.95, 0.95, 0.95, 0.96, 0.96, 0.96, 0.96, 0.96, 0.96, 0.96, 0.96, 0.96, 0.96, 0.96, 0.96, 0.96, 0.96, 0.96, 0.96, 0.97, 0.97, 0.97, 0.97, 0.97, 0.97, 0.97, 0.97, 0.97, 0.97, 0.97, 0.97, 0.97, 0.97, 0.97, 0.97, 0.97, 0.97, 0.97, 0.97, 0.97, 0.97, 0.97, 0.97, 0.97, 0.97, 0.98, 0.98, 0.98, 0.98, 0.98, 0.98, 0.98, 0.98, 0.98, 0.98, 0.98, 0.98, 0.98, 0.98, 0.98, 0.98, 0.98, 0.98, 0.98, 0.98, 0.98, 0.98, 0.98, 0.98, 0.98, 0.98, 0.98, 0.98, 0.98, 0.98, 0.98, 0.98, 0.98, 0.98, 0.98, 0.98, 0.98, 0.98, 0.98, 0.98, 0.98, 0.98, 0.98, 0.99, 0.99, 0.99, 0.99, 0.99, 0.99, 0.99, 0.99, 0.99, 0.99, 0.99, 0.99, 0.99, 0.99, 0.99, 0.99, 0.99, 0.99, 0.99, 0.99, 0.99, 0.99, 0.99, 0.99, 0.99, 0.99, 0.99, 0.99, 0.99, 0.99, 0.99, 0.99, 0.99, 0.99, 0.99, 0.99, 1.0]}