{"calc_counters": [1078.79], "capture": "MLSL", "cmc_iters": [1.0, 19.11705685618729, 37.23411371237458, 55.35117056856187, 73.46822742474916, 91.58528428093645, 109.70234113712374, 127.81939799331103, 145.93645484949832, 164.0535117056856, 182.1705685618729, 200.2876254180602, 218.40468227424748, 236.52173913043475, 254.63879598662206, 272.75585284280936, 290.87290969899664, 308.9899665551839, 327.1070234113712, 345.2240802675585, 363.3411371237458, 381.45819397993307, 399.5752508361204, 417.6923076923077, 435.80936454849495, 453.92642140468223, 472.0434782608695, 490.16053511705684, 508.2775919732441, 526.3946488294314, 544.5117056856187, 562.6287625418059, 580.7458193979933, 598.8628762541806, 616.9799331103678, 635.0969899665552, 653.2140468227424, 671.3311036789297, 689.448160535117, 707.5652173913043, 725.6822742474916, 743.7993311036789, 761.9163879598661, 780.0334448160535, 798.1505016722408, 816.267558528428, 834.3846153846154, 852.5016722408026, 870.6187290969899, 888.7357859531772, 906.8528428093645, 924.9698996655518, 943.086956521739, 961.2040133779263, 979.3210702341137, 997.4381270903009, 1015.5551839464882, 1033.6722408026756, 1051.7892976588628, 1069.90635451505, 1088.0234113712374, 1106.1404682274247, 1124.2575250836119, 1142.3745819397993, 1160.4916387959865, 1178.6086956521738, 1196.7257525083612, 1214.8428093645484, 1232.9598662207356, 1251.076923076923, 1269.1939799331103, 1287.3110367892975, 1305.4280936454848, 1323.5451505016722, 1341.6622073578594, 1359.7792642140466, 1377.896321070234, 1396.0133779264213, 1414.1304347826085, 1432.247491638796, 1450.3645484949832, 1468.4816053511704, 1486.5986622073578, 1504.715719063545, 1522.8327759197323, 1540.9498327759197, 1559.066889632107, 1577.1839464882942, 1595.3010033444816, 1613.4180602006688, 1631.535117056856, 1649.6521739130433, 1667.7692307692307, 1685.886287625418, 1704.0033444816052, 1722.1204013377926, 1740.2374581939798, 1758.354515050167, 1776.4715719063545, 1794.5886287625417, 1812.705685618729, 1830.8227424749164, 1848.9397993311036, 1867.0568561872908, 1885.173913043478, 1903.2909698996655, 1921.4080267558527, 1939.52508361204, 1957.6421404682274, 1975.7591973244146, 1993.8762541806018, 2011.9933110367892, 2030.1103678929765, 2048.2274247491637, 2066.344481605351, 2084.461538461538, 2102.5785953177256, 2120.695652173913, 2138.8127090301, 2156.9297658862874, 2175.046822742475, 2193.163879598662, 2211.2809364548493, 2229.3979933110368, 2247.5150501672238, 2265.632107023411, 2283.7491638795987, 2301.8662207357856, 2319.983277591973, 2338.1003344481605, 2356.2173913043475, 2374.334448160535, 2392.4515050167224, 2410.5685618729094, 2428.685618729097, 2446.8026755852843, 2464.9197324414713, 2483.0367892976587, 2501.153846153846, 2519.270903010033, 2537.3879598662206, 2555.505016722408, 2573.622073578595, 2591.7391304347825, 2609.8561872909695, 2627.973244147157, 2646.0903010033444, 2664.2073578595314, 2682.324414715719, 2700.4414715719063, 2718.5585284280933, 2736.6755852842807, 2754.792642140468, 2772.909698996655, 2791.0267558528426, 2809.14381270903, 2827.260869565217, 2845.3779264214045, 2863.494983277592, 2881.612040133779, 2899.7290969899664, 2917.846153846154, 2935.963210702341, 2954.0802675585282, 2972.1973244147157, 2990.3143812709027, 3008.43143812709, 3026.5484949832776, 3044.6655518394646, 3062.782608695652, 3080.8996655518395, 3099.0167224080265, 3117.133779264214, 3135.2508361204013, 3153.3678929765883, 3171.484949832776, 3189.6020066889632, 3207.71906354515, 3225.8361204013377, 3243.9531772575247, 3262.070234113712, 3280.1872909698995, 3298.3043478260865, 3316.421404682274, 3334.5384615384614, 3352.6555183946484, 3370.772575250836, 3388.8896321070233, 3407.0066889632103, 3425.1237458193978, 3443.240802675585, 3461.357859531772, 3479.4749163879596, 3497.591973244147, 3515.709030100334, 3533.8260869565215, 3551.943143812709, 3570.060200668896, 3588.1772575250834, 3606.294314381271, 3624.411371237458, 3642.5284280936453, 3660.6454849498327, 3678.7625418060197, 3696.879598662207, 3714.9966555183946, 3733.1137123745816, 3751.230769230769, 3769.347826086956, 3787.4648829431435, 3805.581939799331, 3823.698996655518, 3841.8160535117054, 3859.933110367893, 3878.05016722408, 3896.1672240802673, 3914.2842809364547, 3932.4013377926417, 3950.518394648829, 3968.6354515050166, 3986.7525083612036, 4004.869565217391, 4022.9866220735785, 4041.1036789297655, 4059.220735785953, 4077.3377926421404, 4095.4548494983273, 4113.571906354515, 4131.688963210702, 4149.80602006689, 4167.923076923076, 4186.040133779264, 4204.157190635451, 4222.274247491639, 4240.391304347826, 4258.508361204013, 4276.6254180602, 4294.742474916387, 4312.859531772575, 4330.976588628762, 4349.09364548495, 4367.210702341137, 4385.327759197324, 4403.444816053511, 4421.561872909699, 4439.678929765886, 4457.7959866220735, 4475.913043478261, 4494.0301003344475, 4512.147157190635, 4530.264214046822, 4548.38127090301, 4566.498327759197, 4584.615384615385, 4602.732441471571, 4620.849498327759, 4638.966555183946, 4657.083612040134, 4675.200668896321, 4693.317725752508, 4711.434782608695, 4729.5518394648825, 4747.66889632107, 4765.785953177257, 4783.903010033445, 4802.020066889631, 4820.137123745819, 4838.254180602006, 4856.371237458194, 4874.488294314381, 4892.605351170569, 4910.722408026755, 4928.839464882943, 4946.95652173913, 4965.0735785953175, 4983.190635451505, 5001.307692307692, 5019.424749163879, 5037.541806020066, 5055.658862876254, 5073.775919732441, 5091.892976588629, 5110.010033444816, 5128.127090301003, 5146.24414715719, 5164.361204013378, 5182.478260869565, 5200.5953177257525, 5218.712374581939, 5236.829431438126, 5254.946488294314, 5273.063545150501, 5291.180602006689, 5309.297658862876, 5327.414715719063, 5345.53177257525, 5363.648829431438, 5381.765886287625, 5399.882943143813, 5418.0], "cmc_vals": [0.0, 0.02, 0.11, 0.12, 0.12, 0.12, 0.12, 0.12, 0.12, 0.14, 0.16, 0.18, 0.25, 0.26, 0.26, 0.26, 0.26, 0.26, 0.27, 0.27, 0.28, 0.29, 0.31, 0.33, 0.34, 0.34, 0.34, 0.34, 0.35, 0.36, 0.37, 0.4, 0.42, 0.43, 0.44, 0.44, 0.45, 0.46, 0.48, 0.48, 0.5, 0.51, 0.52, 0.54, 0.54, 0.54, 0.54, 0.56, 0.56, 0.56, 0.56, 0.58, 0.58, 0.58, 0.59, 0.61, 0.61, 0.62, 0.63, 0.64, 0.64, 0.65, 0.66, 0.67, 0.67, 0.67, 0.69, 0.7, 0.7, 0.7, 0.7, 0.71, 0.73, 0.74, 0.74, 0.74, 0.74, 0.75, 0.75, 0.76, 0.77, 0.77, 0.78, 0.78, 0.79, 0.79, 0.79, 0.8, 0.81, 0.81, 0.82, 0.82, 0.82, 0.83, 0.83, 0.83, 0.83, 0.83, 0.84, 0.85, 0.85, 0.85, 0.86, 0.86, 0.86, 0.86, 0.86, 0.86, 0.87, 0.87, 0.87, 0.87, 0.88, 0.88, 0.88, 0.88, 0.88, 0.88, 0.88, 0.88, 0.88, 0.88, 0.88, 0.88, 0.88, 0.88, 0.89, 0.89, 0.89, 0.89, 0.89, 0.89, 0.89, 0.89, 0.89, 0.89, 0.89, 0.89, 0.89, 0.89, 0.89, 0.89, 0.89, 0.89, 0.89, 0.9, 0.9, 0.9, 0.91, 0.91, 0.91, 0.91, 0.91, 0.91, 0.92, 0.92, 0.92, 0.92, 0.92, 0.92, 0.92, 0.92, 0.92, 0.92, 0.92, 0.92, 0.92, 0.92, 0.92, 0.92, 0.92, 0.92, 0.92, 0.92, 0.92, 0.92, 0.92, 0.92, 0.92, 0.92, 0.92, 0.92, 0.92, 0.92, 0.93, 0.93, 0.93, 0.93, 0.93, 0.93, 0.93, 0.93, 0.93, 0.93, 0.93, 0.94, 0.94, 0.94, 0.94, 0.94, 0.94, 0.95, 0.95, 0.95, 0.95, 0.96, 0.96, 0.96, 0.96, 0.96, 0.96, 0.96, 0.96, 0.96, 0.97, 0.97, 0.97, 0.97, 0.97, 0.97, 0.97, 0.97, 0.97, 0.97, 0.97, 0.97, 0.97, 0.97, 0.97, 0.97, 0.97, 0.97, 0.97, 0.97, 0.97, 0.97, 0.97, 0.97, 0.97, 0.97, 0.97, 0.97, 0.97, 0.97, 0.97, 0.97, 0.97, 0.97, 0.97, 0.97, 0.97, 0.97, 0.97, 0.97, 0.97, 0.97, 0.97, 0.97, 0.97, 0.97, 0.97, 0.97, 0.97, 0.97, 0.97, 0.97, 0.97, 0.97, 0.97, 0.97, 0.97, 0.97, 0.97, 0.97, 0.97, 0.97, 0.97, 0.97, 0.97, 0.97, 0.97, 0.97, 0.97, 0.97, 0.97, 0.97, 0.97, 0.97, 0.98, 0.98, 0.98, 0.98, 0.98, 0.98, 0.98, 0.98, 0.98, 0.98, 0.99, 1.0]}