{"calc_counters": [1257.34375], "capture": "Scipy DE", "cmc_iters": [1.0, 17.926421404682273, 34.852842809364546, 51.77926421404682, 68.70568561872909, 85.63210702341136, 102.55852842809364, 119.48494983277591, 136.41137123745818, 153.33779264214047, 170.26421404682273, 187.190635451505, 204.11705685618728, 221.04347826086956, 237.96989966555182, 254.89632107023408, 271.82274247491637, 288.74916387959865, 305.67558528428094, 322.6020066889632, 339.52842809364546, 356.45484949832775, 373.38127090301, 390.30769230769226, 407.23411371237455, 424.16053511705684, 441.0869565217391, 458.01337792642136, 474.93979933110364, 491.86622073578593, 508.79264214046816, 525.7190635451504, 542.6454849498327, 559.571906354515, 576.4983277591973, 593.4247491638796, 610.3511705685619, 627.2775919732441, 644.2040133779263, 661.1304347826086, 678.0568561872909, 694.9832775919732, 711.9096989966555, 728.8361204013378, 745.76254180602, 762.6889632107022, 779.6153846153845, 796.5418060200668, 813.4682274247491, 830.3946488294314, 847.3210702341137, 864.247491638796, 881.1739130434783, 898.1003344481604, 915.0267558528427, 931.953177257525, 948.8795986622073, 965.8060200668896, 982.7324414715719, 999.6588628762541, 1016.5852842809363, 1033.5117056856186, 1050.438127090301, 1067.3645484949832, 1084.2909698996655, 1101.2173913043478, 1118.14381270903, 1135.0702341137123, 1151.9966555183946, 1168.923076923077, 1185.8494983277592, 1202.7759197324415, 1219.7023411371238, 1236.6287625418058, 1253.5551839464881, 1270.4816053511704, 1287.4080267558527, 1304.334448160535, 1321.2608695652173, 1338.1872909698995, 1355.1137123745818, 1372.0401337792641, 1388.9665551839464, 1405.8929765886287, 1422.819397993311, 1439.7458193979933, 1456.6722408026756, 1473.5986622073578, 1490.52508361204, 1507.4515050167222, 1524.3779264214045, 1541.3043478260868, 1558.230769230769, 1575.1571906354513, 1592.0836120401336, 1609.010033444816, 1625.9364548494982, 1642.8628762541805, 1659.7892976588628, 1676.715719063545, 1693.6421404682274, 1710.5685618729096, 1727.494983277592, 1744.4214046822742, 1761.3478260869565, 1778.2742474916386, 1795.2006688963208, 1812.1270903010031, 1829.0535117056854, 1845.9799331103677, 1862.90635451505, 1879.8327759197323, 1896.7591973244146, 1913.6856187290969, 1930.6120401337791, 1947.5384615384614, 1964.4648829431437, 1981.391304347826, 1998.3177257525083, 2015.2441471571906, 2032.1705685618726, 2049.096989966555, 2066.023411371237, 2082.9498327759197, 2099.876254180602, 2116.8026755852843, 2133.7290969899664, 2150.655518394649, 2167.581939799331, 2184.508361204013, 2201.4347826086955, 2218.3612040133776, 2235.28762541806, 2252.214046822742, 2269.1404682274247, 2286.0668896321067, 2302.9933110367892, 2319.9197324414713, 2336.846153846154, 2353.772575250836, 2370.6989966555184, 2387.6254180602004, 2404.551839464883, 2421.478260869565, 2438.4046822742475, 2455.3311036789296, 2472.2575250836117, 2489.183946488294, 2506.1103678929762, 2523.0367892976587, 2539.963210702341, 2556.8896321070233, 2573.8160535117054, 2590.742474916388, 2607.66889632107, 2624.5953177257525, 2641.5217391304345, 2658.448160535117, 2675.374581939799, 2692.3010033444816, 2709.2274247491637, 2726.1538461538457, 2743.0802675585282, 2760.0066889632103, 2776.933110367893, 2793.859531772575, 2810.7859531772574, 2827.7123745819395, 2844.638795986622, 2861.565217391304, 2878.4916387959865, 2895.4180602006686, 2912.344481605351, 2929.270903010033, 2946.1973244147157, 2963.1237458193978, 2980.05016722408, 2996.9765886287623, 3013.9030100334444, 3030.829431438127, 3047.755852842809, 3064.6822742474915, 3081.6086956521735, 3098.535117056856, 3115.461538461538, 3132.3879598662206, 3149.3143812709027, 3166.240802675585, 3183.1672240802673, 3200.09364548495, 3217.020066889632, 3233.9464882943143, 3250.8729096989964, 3267.7993311036785, 3284.725752508361, 3301.652173913043, 3318.5785953177256, 3335.5050167224076, 3352.43143812709, 3369.357859531772, 3386.2842809364547, 3403.2107023411368, 3420.1371237458193, 3437.0635451505013, 3453.989966555184, 3470.916387959866, 3487.8428093645484, 3504.7692307692305, 3521.695652173913, 3538.622073578595, 3555.548494983277, 3572.4749163879596, 3589.4013377926417, 3606.327759197324, 3623.2541806020063, 3640.180602006689, 3657.107023411371, 3674.0334448160534, 3690.9598662207354, 3707.886287625418, 3724.8127090301, 3741.7391304347825, 3758.6655518394646, 3775.591973244147, 3792.518394648829, 3809.444816053511, 3826.3712374581937, 3843.297658862876, 3860.2240802675583, 3877.1505016722404, 3894.076923076923, 3911.003344481605, 3927.9297658862874, 3944.8561872909695, 3961.782608695652, 3978.709030100334, 3995.6354515050166, 4012.5618729096986, 4029.488294314381, 4046.414715719063, 4063.3411371237453, 4080.267558528428, 4097.19397993311, 4114.120401337792, 4131.046822742474, 4147.973244147157, 4164.8996655518395, 4181.826086956521, 4198.752508361204, 4215.678929765886, 4232.605351170569, 4249.53177257525, 4266.458193979933, 4283.384615384615, 4300.311036789298, 4317.237458193979, 4334.163879598662, 4351.090301003344, 4368.016722408026, 4384.9431438127085, 4401.869565217391, 4418.7959866220735, 4435.722408026755, 4452.648829431438, 4469.57525083612, 4486.501672240803, 4503.428093645484, 4520.354515050167, 4537.280936454849, 4554.207357859532, 4571.133779264213, 4588.060200668896, 4604.9866220735785, 4621.91304347826, 4638.839464882943, 4655.765886287625, 4672.692307692308, 4689.618729096989, 4706.545150501672, 4723.471571906354, 4740.397993311037, 4757.324414715718, 4774.250836120401, 4791.177257525083, 4808.103678929766, 4825.0301003344475, 4841.95652173913, 4858.882943143813, 4875.809364548495, 4892.735785953177, 4909.662207357859, 4926.588628762542, 4943.515050167223, 4960.441471571906, 4977.367892976588, 4994.294314381271, 5011.2207357859525, 5028.147157190635, 5045.0735785953175, 5062.0], "num_solved": 96, "cmc_vals": [0.0, 0.0, 0.0, 0.0, 0.0, 0.0, 0.0, 0.01, 0.02, 0.03, 0.04, 0.05, 0.06, 0.06, 0.06, 0.07, 0.07, 0.08, 0.09, 0.1, 0.1, 0.1, 0.11, 0.11, 0.12, 0.12, 0.12, 0.13, 0.14, 0.14, 0.14, 0.14, 0.14, 0.14, 0.14, 0.15, 0.16, 0.16, 0.17, 0.18, 0.18, 0.22, 0.22, 0.23, 0.24, 0.26, 0.29, 0.3, 0.3, 0.32, 0.35, 0.35, 0.35, 0.35, 0.35, 0.36, 0.37, 0.39, 0.42, 0.44, 0.46, 0.46, 0.5, 0.51, 0.52, 0.53, 0.54, 0.56, 0.57, 0.57, 0.58, 0.59, 0.6, 0.62, 0.62, 0.62, 0.62, 0.64, 0.65, 0.65, 0.65, 0.65, 0.65, 0.65, 0.66, 0.66, 0.67, 0.67, 0.68, 0.68, 0.68, 0.68, 0.68, 0.7, 0.71, 0.71, 0.73, 0.73, 0.73, 0.73, 0.74, 0.74, 0.74, 0.74, 0.75, 0.76, 0.76, 0.77, 0.77, 0.78, 0.79, 0.79, 0.79, 0.79, 0.8, 0.8, 0.8, 0.8, 0.8, 0.8, 0.81, 0.81, 0.81, 0.81, 0.82, 0.82, 0.82, 0.82, 0.83, 0.83, 0.83, 0.83, 0.83, 0.83, 0.83, 0.83, 0.84, 0.84, 0.84, 0.84, 0.84, 0.84, 0.84, 0.84, 0.84, 0.84, 0.86, 0.86, 0.87, 0.88, 0.89, 0.89, 0.89, 0.89, 0.89, 0.89, 0.89, 0.89, 0.89, 0.89, 0.89, 0.89, 0.89, 0.89, 0.89, 0.89, 0.89, 0.89, 0.89, 0.89, 0.89, 0.89, 0.9, 0.9, 0.91, 0.91, 0.91, 0.91, 0.91, 0.91, 0.91, 0.91, 0.91, 0.92, 0.92, 0.92, 0.92, 0.92, 0.92, 0.92, 0.92, 0.94, 0.94, 0.94, 0.94, 0.94, 0.95, 0.95, 0.95, 0.95, 0.95, 0.95, 0.95, 0.95, 0.95, 0.95, 0.95, 0.95, 0.95, 0.95, 0.95, 0.95, 0.95, 0.95, 0.95, 0.95, 0.95, 0.95, 0.95, 0.95, 0.95, 0.95, 0.95, 0.95, 0.95, 0.95, 0.95, 0.95, 0.95, 0.95, 0.95, 0.95, 0.95, 0.95, 0.95, 0.95, 0.95, 0.95, 0.95, 0.95, 0.95, 0.95, 0.95, 0.95, 0.95, 0.95, 0.95, 0.95, 0.95, 0.95, 0.95, 0.95, 0.95, 0.95, 0.95, 0.95, 0.95, 0.95, 0.96, 0.96, 0.96, 0.96, 0.96, 0.96, 0.96, 0.96, 0.96, 0.96, 0.96, 0.96, 0.96, 0.96, 0.96, 0.96, 0.96, 0.96, 0.96, 0.96, 0.96, 0.96, 0.96, 0.96, 0.96, 0.96, 0.96, 0.96, 0.96, 0.96, 0.96, 0.96, 0.96, 0.96, 0.96, 0.96, 0.96, 0.96, 0.96, 0.96, 0.96, 0.96]}