{"calc_counters": [1237.76], "capture": "Scipy DE", "cmc_iters": [1.0, 13.120401337792643, 25.240802675585286, 37.36120401337793, 49.48160535117057, 61.602006688963215, 73.72240802675586, 85.8428093645485, 97.96321070234114, 110.08361204013379, 122.20401337792643, 134.32441471571906, 146.44481605351172, 158.56521739130437, 170.685618729097, 182.80602006688963, 194.9264214046823, 207.04682274247494, 219.16722408026757, 231.2876254180602, 243.40802675585286, 255.52842809364552, 267.6488294314381, 279.7692307692308, 291.88963210702343, 304.0100334448161, 316.13043478260875, 328.25083612040135, 340.371237458194, 352.49163879598666, 364.61204013377926, 376.7324414715719, 388.8528428093646, 400.97324414715723, 413.0936454849499, 425.2140468227425, 437.33444816053515, 449.4548494983278, 461.5752508361204, 473.69565217391306, 485.8160535117057, 497.9364548494984, 510.05685618729103, 522.1772575250836, 534.2976588628762, 546.418060200669, 558.5384615384615, 570.6588628762543, 582.7792642140469, 594.8996655518395, 607.0200668896322, 619.1404682274248, 631.2608695652175, 643.3812709030101, 655.5016722408027, 667.6220735785954, 679.742474916388, 691.8628762541806, 703.9832775919733, 716.1036789297659, 728.2240802675585, 740.3444816053512, 752.4648829431438, 764.5852842809365, 776.7056856187291, 788.8260869565217, 800.9464882943145, 813.0668896321071, 825.1872909698998, 837.3076923076924, 849.428093645485, 861.5484949832777, 873.6688963210703, 885.7892976588629, 897.9096989966556, 910.0301003344482, 922.1505016722408, 934.2709030100335, 946.3913043478261, 958.5117056856188, 970.6321070234114, 982.752508361204, 994.8729096989968, 1006.9933110367894, 1019.1137123745821, 1031.2341137123747, 1043.3545150501673, 1055.4749163879599, 1067.5953177257525, 1079.7157190635453, 1091.836120401338, 1103.9565217391305, 1116.076923076923, 1128.1973244147157, 1140.3177257525085, 1152.4381270903011, 1164.5585284280937, 1176.6789297658863, 1188.799331103679, 1200.9197324414718, 1213.0401337792644, 1225.160535117057, 1237.2809364548496, 1249.4013377926422, 1261.521739130435, 1273.6421404682276, 1285.7625418060202, 1297.8829431438128, 1310.0033444816054, 1322.123745819398, 1334.2441471571908, 1346.3645484949834, 1358.484949832776, 1370.6053511705686, 1382.7257525083612, 1394.846153846154, 1406.9665551839466, 1419.0869565217392, 1431.2073578595318, 1443.3277591973244, 1455.448160535117, 1467.5685618729099, 1479.6889632107025, 1491.809364548495, 1503.9297658862877, 1516.0501672240803, 1528.170568561873, 1540.2909698996657, 1552.4113712374583, 1564.531772575251, 1576.6521739130435, 1588.7725752508363, 1600.892976588629, 1613.0133779264215, 1625.1337792642141, 1637.2541806020067, 1649.3745819397996, 1661.4949832775922, 1673.6153846153848, 1685.7357859531774, 1697.85618729097, 1709.9765886287626, 1722.0969899665554, 1734.217391304348, 1746.3377926421406, 1758.4581939799332, 1770.5785953177258, 1782.6989966555186, 1794.8193979933112, 1806.9397993311038, 1819.0602006688964, 1831.180602006689, 1843.3010033444816, 1855.4214046822744, 1867.541806020067, 1879.6622073578596, 1891.7826086956522, 1903.9030100334448, 1916.0234113712377, 1928.1438127090303, 1940.2642140468229, 1952.3846153846155, 1964.505016722408, 1976.625418060201, 1988.7458193979935, 2000.866220735786, 2012.9866220735787, 2025.1070234113713, 2037.2274247491641, 2049.3478260869565, 2061.4682274247493, 2073.588628762542, 2085.7090301003345, 2097.8294314381274, 2109.9498327759197, 2122.0702341137126, 2134.190635451505, 2146.3110367892978, 2158.4314381270906, 2170.551839464883, 2182.672240802676, 2194.792642140468, 2206.913043478261, 2219.033444816054, 2231.153846153846, 2243.274247491639, 2255.3946488294314, 2267.515050167224, 2279.635451505017, 2291.7558528428094, 2303.8762541806022, 2315.9966555183946, 2328.1170568561874, 2340.2374581939803, 2352.3578595317726, 2364.4782608695655, 2376.598662207358, 2388.7190635451507, 2400.8394648829435, 2412.959866220736, 2425.0802675585287, 2437.200668896321, 2449.321070234114, 2461.4414715719067, 2473.561872909699, 2485.682274247492, 2497.8026755852843, 2509.923076923077, 2522.04347826087, 2534.1638795986623, 2546.284280936455, 2558.4046822742475, 2570.5250836120404, 2582.6454849498327, 2594.7658862876256, 2606.8862876254184, 2619.0066889632108, 2631.1270903010036, 2643.247491638796, 2655.367892976589, 2667.4882943143816, 2679.608695652174, 2691.729096989967, 2703.849498327759, 2715.969899665552, 2728.090301003345, 2740.210702341137, 2752.33110367893, 2764.4515050167224, 2776.5719063545152, 2788.692307692308, 2800.8127090301005, 2812.9331103678933, 2825.0535117056857, 2837.1739130434785, 2849.2943143812713, 2861.4147157190637, 2873.5351170568565, 2885.655518394649, 2897.7759197324417, 2909.896321070234, 2922.016722408027, 2934.1371237458197, 2946.257525083612, 2958.377926421405, 2970.4983277591973, 2982.61872909699, 2994.739130434783, 3006.8595317725753, 3018.979933110368, 3031.1003344481605, 3043.2207357859534, 3055.341137123746, 3067.4615384615386, 3079.5819397993314, 3091.7023411371238, 3103.8227424749166, 3115.9431438127094, 3128.063545150502, 3140.1839464882946, 3152.304347826087, 3164.42474916388, 3176.5451505016727, 3188.665551839465, 3200.785953177258, 3212.90635451505, 3225.026755852843, 3237.147157190636, 3249.2675585284283, 3261.387959866221, 3273.5083612040135, 3285.6287625418063, 3297.749163879599, 3309.8695652173915, 3321.9899665551843, 3334.1103678929767, 3346.2307692307695, 3358.351170568562, 3370.4715719063547, 3382.5919732441475, 3394.71237458194, 3406.8327759197327, 3418.953177257525, 3431.073578595318, 3443.1939799331108, 3455.314381270903, 3467.434782608696, 3479.5551839464883, 3491.675585284281, 3503.795986622074, 3515.9163879598664, 3528.036789297659, 3540.1571906354516, 3552.2775919732444, 3564.397993311037, 3576.5183946488296, 3588.6387959866224, 3600.759197324415, 3612.8795986622076, 3625.0], "cmc_vals": [0.0, 0.0, 0.0, 0.0, 0.0, 0.0, 0.0, 0.0, 0.0, 0.0, 0.01, 0.02, 0.02, 0.03, 0.04, 0.04, 0.04, 0.04, 0.04, 0.05, 0.05, 0.06, 0.06, 0.07, 0.08, 0.08, 0.08, 0.08, 0.08, 0.08, 0.09, 0.09, 0.09, 0.09, 0.09, 0.09, 0.1, 0.1, 0.1, 0.1, 0.12, 0.13, 0.13, 0.13, 0.13, 0.15, 0.18, 0.18, 0.18, 0.18, 0.2, 0.2, 0.21, 0.22, 0.22, 0.22, 0.22, 0.22, 0.24, 0.26, 0.26, 0.26, 0.26, 0.28, 0.28, 0.28, 0.31, 0.33, 0.34, 0.34, 0.35, 0.37, 0.37, 0.38, 0.4, 0.4, 0.42, 0.43, 0.45, 0.45, 0.47, 0.47, 0.47, 0.48, 0.49, 0.49, 0.49, 0.49, 0.49, 0.49, 0.49, 0.51, 0.52, 0.52, 0.52, 0.52, 0.52, 0.53, 0.53, 0.53, 0.53, 0.53, 0.55, 0.56, 0.56, 0.56, 0.56, 0.56, 0.57, 0.58, 0.59, 0.59, 0.59, 0.59, 0.59, 0.6, 0.6, 0.61, 0.61, 0.62, 0.62, 0.62, 0.63, 0.63, 0.63, 0.64, 0.65, 0.65, 0.66, 0.66, 0.67, 0.69, 0.7, 0.71, 0.71, 0.72, 0.73, 0.76, 0.78, 0.78, 0.78, 0.78, 0.78, 0.78, 0.79, 0.8, 0.81, 0.81, 0.81, 0.82, 0.83, 0.83, 0.84, 0.84, 0.84, 0.85, 0.85, 0.85, 0.85, 0.85, 0.85, 0.85, 0.85, 0.85, 0.85, 0.86, 0.87, 0.88, 0.88, 0.88, 0.88, 0.88, 0.88, 0.88, 0.89, 0.89, 0.89, 0.89, 0.89, 0.89, 0.89, 0.89, 0.89, 0.89, 0.9, 0.9, 0.91, 0.92, 0.92, 0.92, 0.92, 0.92, 0.92, 0.93, 0.93, 0.93, 0.93, 0.94, 0.94, 0.94, 0.94, 0.94, 0.94, 0.94, 0.94, 0.94, 0.94, 0.94, 0.94, 0.94, 0.94, 0.94, 0.94, 0.94, 0.94, 0.94, 0.94, 0.94, 0.94, 0.94, 0.94, 0.94, 0.94, 0.94, 0.94, 0.94, 0.94, 0.94, 0.94, 0.94, 0.94, 0.94, 0.94, 0.94, 0.94, 0.94, 0.94, 0.94, 0.94, 0.94, 0.95, 0.95, 0.96, 0.96, 0.96, 0.97, 0.97, 0.97, 0.97, 0.97, 0.97, 0.98, 0.98, 0.98, 0.98, 0.98, 0.98, 0.98, 0.98, 0.98, 0.98, 0.98, 0.98, 0.98, 0.98, 0.98, 0.98, 0.98, 0.98, 0.98, 0.98, 0.98, 0.98, 0.98, 0.98, 0.98, 0.98, 0.98, 0.98, 0.98, 0.98, 0.98, 0.98, 0.98, 0.98, 0.98, 0.98, 0.98, 0.98, 0.98, 0.98, 0.98, 0.98, 0.98, 0.98, 0.98, 0.98, 0.98, 0.98, 0.98]}