{"calc_counters": [691.2395833333334], "capture": "Simulated annealing", "cmc_iters": [1.0, 17.73913043478261, 34.47826086956522, 51.21739130434783, 67.95652173913044, 84.69565217391305, 101.43478260869566, 118.17391304347827, 134.91304347826087, 151.6521739130435, 168.3913043478261, 185.1304347826087, 201.8695652173913, 218.60869565217394, 235.34782608695653, 252.08695652173913, 268.82608695652175, 285.5652173913044, 302.304347826087, 319.04347826086956, 335.7826086956522, 352.5217391304348, 369.2608695652174, 386.0, 402.7391304347826, 419.47826086956525, 436.21739130434787, 452.95652173913044, 469.69565217391306, 486.4347826086957, 503.17391304347825, 519.9130434782609, 536.6521739130435, 553.3913043478261, 570.1304347826087, 586.8695652173914, 603.608695652174, 620.3478260869565, 637.0869565217391, 653.8260869565217, 670.5652173913044, 687.304347826087, 704.0434782608696, 720.7826086956522, 737.5217391304348, 754.2608695652174, 771.0, 787.7391304347826, 804.4782608695652, 821.2173913043479, 837.9565217391305, 854.6956521739131, 871.4347826086957, 888.1739130434783, 904.9130434782609, 921.6521739130435, 938.3913043478261, 955.1304347826087, 971.8695652173914, 988.608695652174, 1005.3478260869565, 1022.0869565217391, 1038.8260869565217, 1055.5652173913045, 1072.304347826087, 1089.0434782608695, 1105.7826086956522, 1122.5217391304348, 1139.2608695652175, 1156.0, 1172.7391304347827, 1189.4782608695652, 1206.217391304348, 1222.9565217391305, 1239.695652173913, 1256.4347826086957, 1273.1739130434783, 1289.913043478261, 1306.6521739130435, 1323.3913043478262, 1340.1304347826087, 1356.8695652173913, 1373.608695652174, 1390.3478260869565, 1407.0869565217392, 1423.8260869565217, 1440.5652173913045, 1457.304347826087, 1474.0434782608695, 1490.7826086956522, 1507.5217391304348, 1524.2608695652175, 1541.0, 1557.7391304347827, 1574.4782608695652, 1591.217391304348, 1607.9565217391305, 1624.695652173913, 1641.4347826086957, 1658.1739130434783, 1674.913043478261, 1691.6521739130435, 1708.3913043478262, 1725.1304347826087, 1741.8695652173915, 1758.608695652174, 1775.3478260869565, 1792.0869565217392, 1808.8260869565217, 1825.5652173913045, 1842.304347826087, 1859.0434782608697, 1875.7826086956522, 1892.5217391304348, 1909.2608695652175, 1926.0, 1942.7391304347827, 1959.4782608695652, 1976.217391304348, 1992.9565217391305, 2009.695652173913, 2026.4347826086957, 2043.1739130434783, 2059.913043478261, 2076.6521739130435, 2093.391304347826, 2110.130434782609, 2126.8695652173915, 2143.608695652174, 2160.3478260869565, 2177.086956521739, 2193.826086956522, 2210.5652173913045, 2227.304347826087, 2244.0434782608695, 2260.7826086956525, 2277.521739130435, 2294.2608695652175, 2311.0, 2327.7391304347825, 2344.4782608695655, 2361.217391304348, 2377.9565217391305, 2394.695652173913, 2411.434782608696, 2428.1739130434785, 2444.913043478261, 2461.6521739130435, 2478.391304347826, 2495.130434782609, 2511.8695652173915, 2528.608695652174, 2545.3478260869565, 2562.086956521739, 2578.826086956522, 2595.5652173913045, 2612.304347826087, 2629.0434782608695, 2645.7826086956525, 2662.521739130435, 2679.2608695652175, 2696.0, 2712.7391304347825, 2729.4782608695655, 2746.217391304348, 2762.9565217391305, 2779.695652173913, 2796.434782608696, 2813.1739130434785, 2829.913043478261, 2846.6521739130435, 2863.391304347826, 2880.130434782609, 2896.8695652173915, 2913.608695652174, 2930.3478260869565, 2947.086956521739, 2963.826086956522, 2980.5652173913045, 2997.304347826087, 3014.0434782608695, 3030.7826086956525, 3047.521739130435, 3064.2608695652175, 3081.0, 3097.7391304347825, 3114.4782608695655, 3131.217391304348, 3147.9565217391305, 3164.695652173913, 3181.434782608696, 3198.1739130434785, 3214.913043478261, 3231.6521739130435, 3248.391304347826, 3265.130434782609, 3281.8695652173915, 3298.608695652174, 3315.3478260869565, 3332.0869565217395, 3348.826086956522, 3365.5652173913045, 3382.304347826087, 3399.0434782608695, 3415.7826086956525, 3432.521739130435, 3449.2608695652175, 3466.0, 3482.739130434783, 3499.4782608695655, 3516.217391304348, 3532.9565217391305, 3549.695652173913, 3566.434782608696, 3583.1739130434785, 3599.913043478261, 3616.6521739130435, 3633.391304347826, 3650.130434782609, 3666.8695652173915, 3683.608695652174, 3700.3478260869565, 3717.0869565217395, 3733.826086956522, 3750.5652173913045, 3767.304347826087, 3784.0434782608695, 3800.7826086956525, 3817.521739130435, 3834.2608695652175, 3851.0, 3867.739130434783, 3884.4782608695655, 3901.217391304348, 3917.9565217391305, 3934.695652173913, 3951.434782608696, 3968.1739130434785, 3984.913043478261, 4001.6521739130435, 4018.391304347826, 4035.130434782609, 4051.8695652173915, 4068.608695652174, 4085.3478260869565, 4102.086956521739, 4118.826086956522, 4135.565217391305, 4152.304347826087, 4169.04347826087, 4185.782608695652, 4202.521739130435, 4219.260869565218, 4236.0, 4252.739130434783, 4269.478260869565, 4286.217391304348, 4302.956521739131, 4319.695652173913, 4336.434782608696, 4353.173913043478, 4369.913043478261, 4386.652173913044, 4403.391304347826, 4420.130434782609, 4436.869565217391, 4453.608695652174, 4470.347826086957, 4487.086956521739, 4503.826086956522, 4520.565217391305, 4537.304347826087, 4554.04347826087, 4570.782608695652, 4587.521739130435, 4604.260869565218, 4621.0, 4637.739130434783, 4654.478260869565, 4671.217391304348, 4687.956521739131, 4704.695652173913, 4721.434782608696, 4738.173913043478, 4754.913043478261, 4771.652173913044, 4788.391304347826, 4805.130434782609, 4821.869565217392, 4838.608695652174, 4855.347826086957, 4872.086956521739, 4888.826086956522, 4905.565217391305, 4922.304347826087, 4939.04347826087, 4955.782608695652, 4972.521739130435, 4989.260869565218, 5006.0], "num_solved": 96, "cmc_vals": [0.0, 0.03, 0.09, 0.15, 0.16, 0.18, 0.22, 0.25, 0.28, 0.34, 0.35, 0.37, 0.42, 0.48, 0.5, 0.54, 0.57, 0.58, 0.59, 0.61, 0.62, 0.62, 0.62, 0.63, 0.63, 0.65, 0.65, 0.65, 0.65, 0.65, 0.65, 0.65, 0.66, 0.66, 0.66, 0.66, 0.68, 0.68, 0.68, 0.69, 0.69, 0.69, 0.7, 0.7, 0.73, 0.74, 0.74, 0.74, 0.74, 0.74, 0.75, 0.75, 0.75, 0.75, 0.75, 0.75, 0.76, 0.78, 0.78, 0.78, 0.78, 0.78, 0.78, 0.79, 0.79, 0.79, 0.8, 0.8, 0.81, 0.81, 0.81, 0.81, 0.81, 0.81, 0.81, 0.81, 0.81, 0.81, 0.81, 0.82, 0.82, 0.82, 0.82, 0.82, 0.82, 0.82, 0.83, 0.83, 0.84, 0.84, 0.84, 0.84, 0.84, 0.84, 0.84, 0.84, 0.84, 0.84, 0.84, 0.85, 0.85, 0.85, 0.85, 0.85, 0.85, 0.85, 0.85, 0.85, 0.85, 0.85, 0.85, 0.85, 0.85, 0.85, 0.85, 0.85, 0.86, 0.86, 0.86, 0.86, 0.86, 0.86, 0.86, 0.86, 0.86, 0.86, 0.86, 0.86, 0.86, 0.87, 0.87, 0.87, 0.87, 0.87, 0.87, 0.88, 0.88, 0.88, 0.88, 0.88, 0.88, 0.88, 0.88, 0.88, 0.88, 0.88, 0.88, 0.88, 0.89, 0.89, 0.89, 0.89, 0.89, 0.89, 0.89, 0.89, 0.89, 0.89, 0.89, 0.89, 0.89, 0.89, 0.89, 0.89, 0.89, 0.89, 0.89, 0.89, 0.89, 0.89, 0.89, 0.89, 0.89, 0.89, 0.89, 0.89, 0.89, 0.89, 0.89, 0.89, 0.89, 0.89, 0.89, 0.89, 0.89, 0.89, 0.89, 0.89, 0.89, 0.89, 0.89, 0.89, 0.89, 0.89, 0.89, 0.89, 0.89, 0.89, 0.89, 0.89, 0.89, 0.89, 0.89, 0.89, 0.89, 0.89, 0.89, 0.89, 0.89, 0.89, 0.89, 0.89, 0.89, 0.89, 0.89, 0.89, 0.89, 0.89, 0.89, 0.89, 0.89, 0.89, 0.89, 0.89, 0.89, 0.9, 0.91, 0.91, 0.91, 0.91, 0.92, 0.92, 0.92, 0.92, 0.92, 0.92, 0.92, 0.92, 0.92, 0.92, 0.92, 0.92, 0.92, 0.92, 0.92, 0.92, 0.92, 0.93, 0.93, 0.93, 0.93, 0.93, 0.93, 0.94, 0.94, 0.94, 0.94, 0.94, 0.95, 0.95, 0.95, 0.95, 0.95, 0.95, 0.96, 0.96, 0.96, 0.96, 0.96, 0.96, 0.96, 0.96, 0.96, 0.96, 0.96, 0.96, 0.96, 0.96, 0.96, 0.96, 0.96, 0.96, 0.96, 0.96, 0.96, 0.96, 0.96, 0.96, 0.96, 0.96, 0.96, 0.96, 0.96, 0.96, 0.96, 0.96, 0.96, 0.96, 0.96, 0.96]}