{"calc_counters": [219.13], "capture": "Simple", "cmc_iters": [1.0, 6.8361204013377925, 12.672240802675585, 18.508361204013376, 24.34448160535117, 30.180602006688964, 36.01672240802675, 41.852842809364546, 47.68896321070234, 53.525083612040135, 59.36120401337793, 65.19732441471572, 71.0334448160535, 76.8695652173913, 82.70568561872909, 88.54180602006689, 94.37792642140468, 100.21404682274247, 106.05016722408027, 111.88628762541806, 117.72240802675586, 123.55852842809364, 129.39464882943145, 135.23076923076923, 141.066889632107, 146.90301003344482, 152.7391304347826, 158.5752508361204, 164.41137123745818, 170.247491638796, 176.08361204013377, 181.91973244147158, 187.75585284280936, 193.59197324414714, 199.42809364548495, 205.26421404682273, 211.10033444816054, 216.93645484949832, 222.77257525083613, 228.6086956521739, 234.44481605351172, 240.2809364548495, 246.11705685618728, 251.95317725752508, 257.7892976588629, 263.6254180602007, 269.46153846153845, 275.29765886287623, 281.133779264214, 286.96989966555185, 292.80602006688963, 298.6421404682274, 304.4782608695652, 310.314381270903, 316.1505016722408, 321.9866220735786, 327.82274247491637, 333.65886287625415, 339.494983277592, 345.33110367892976, 351.16722408026754, 357.0033444816053, 362.83946488294316, 368.67558528428094, 374.5117056856187, 380.3478260869565, 386.1839464882943, 392.0200668896321, 397.8561872909699, 403.6923076923077, 409.52842809364546, 415.3645484949833, 421.2006688963211, 427.03678929765886, 432.87290969899664, 438.7090301003344, 444.54515050167225, 450.38127090301003, 456.2173913043478, 462.0535117056856, 467.88963210702343, 473.7257525083612, 479.561872909699, 485.39799331103677, 491.23411371237455, 497.0702341137124, 502.90635451505017, 508.74247491638795, 514.5785953177258, 520.4147157190636, 526.2508361204013, 532.0869565217391, 537.9230769230769, 543.7591973244147, 549.5953177257525, 555.4314381270902, 561.267558528428, 567.1036789297659, 572.9397993311037, 578.7759197324415, 584.6120401337793, 590.448160535117, 596.2842809364548, 602.1204013377926, 607.9565217391304, 613.7926421404682, 619.628762541806, 625.4648829431438, 631.3010033444816, 637.1371237458194, 642.9732441471572, 648.809364548495, 654.6454849498327, 660.4816053511705, 666.3177257525083, 672.1538461538462, 677.989966555184, 683.8260869565217, 689.6622073578595, 695.4983277591973, 701.3344481605351, 707.1705685618729, 713.0066889632106, 718.8428093645484, 724.6789297658863, 730.5150501672241, 736.3511705685619, 742.1872909698997, 748.0234113712374, 753.8595317725752, 759.695652173913, 765.5317725752508, 771.3678929765886, 777.2040133779265, 783.0401337792642, 788.876254180602, 794.7123745819398, 800.5484949832776, 806.3846153846154, 812.2207357859531, 818.0568561872909, 823.8929765886287, 829.7290969899666, 835.5652173913044, 841.4013377926422, 847.2374581939799, 853.0735785953177, 858.9096989966555, 864.7458193979933, 870.581939799331, 876.4180602006688, 882.2541806020067, 888.0903010033445, 893.9264214046823, 899.7625418060201, 905.5986622073578, 911.4347826086956, 917.2709030100334, 923.1070234113712, 928.943143812709, 934.7792642140469, 940.6153846153846, 946.4515050167224, 952.2876254180602, 958.123745819398, 963.9598662207358, 969.7959866220735, 975.6321070234113, 981.4682274247491, 987.3043478260869, 993.1404682274248, 998.9765886287626, 1004.8127090301003, 1010.6488294314381, 1016.4849498327759, 1022.3210702341137, 1028.1571906354516, 1033.9933110367892, 1039.8294314381271, 1045.6655518394648, 1051.5016722408027, 1057.3377926421404, 1063.1739130434783, 1069.0100334448161, 1074.8461538461538, 1080.6822742474917, 1086.5183946488294, 1092.3545150501673, 1098.190635451505, 1104.0267558528428, 1109.8628762541805, 1115.6989966555184, 1121.535117056856, 1127.371237458194, 1133.2073578595318, 1139.0434782608695, 1144.8795986622074, 1150.715719063545, 1156.551839464883, 1162.3879598662206, 1168.2240802675585, 1174.0602006688962, 1179.896321070234, 1185.732441471572, 1191.5685618729096, 1197.4046822742475, 1203.2408026755852, 1209.076923076923, 1214.9130434782608, 1220.7491638795987, 1226.5852842809363, 1232.4214046822742, 1238.257525083612, 1244.0936454849498, 1249.9297658862877, 1255.7658862876253, 1261.6020066889632, 1267.438127090301, 1273.2742474916388, 1279.1103678929765, 1284.9464882943143, 1290.7826086956522, 1296.61872909699, 1302.4548494983278, 1308.2909698996655, 1314.1270903010034, 1319.963210702341, 1325.799331103679, 1331.6354515050166, 1337.4715719063545, 1343.3076923076924, 1349.14381270903, 1354.979933110368, 1360.8160535117056, 1366.6521739130435, 1372.4882943143812, 1378.324414715719, 1384.1605351170567, 1389.9966555183946, 1395.8327759197325, 1401.6688963210702, 1407.505016722408, 1413.3411371237457, 1419.1772575250836, 1425.0133779264213, 1430.8494983277592, 1436.6856187290969, 1442.5217391304348, 1448.3578595317726, 1454.1939799331103, 1460.0301003344482, 1465.8662207357859, 1471.7023411371238, 1477.5384615384614, 1483.3745819397993, 1489.210702341137, 1495.046822742475, 1500.8829431438128, 1506.7190635451504, 1512.5551839464883, 1518.391304347826, 1524.227424749164, 1530.0635451505016, 1535.8996655518395, 1541.7357859531771, 1547.571906354515, 1553.408026755853, 1559.2441471571906, 1565.0802675585285, 1570.9163879598661, 1576.752508361204, 1582.5886287625417, 1588.4247491638796, 1594.2608695652173, 1600.0969899665552, 1605.933110367893, 1611.7692307692307, 1617.6053511705686, 1623.4414715719063, 1629.2775919732442, 1635.1137123745818, 1640.9498327759197, 1646.7859531772574, 1652.6220735785953, 1658.4581939799332, 1664.2943143812709, 1670.1304347826087, 1675.9665551839464, 1681.8026755852843, 1687.638795986622, 1693.4749163879599, 1699.3110367892975, 1705.1471571906354, 1710.9832775919733, 1716.819397993311, 1722.6555183946489, 1728.4916387959865, 1734.3277591973244, 1740.163879598662, 1746.0], "cmc_vals": [0.0, 0.17, 0.17, 0.17, 0.17, 0.18, 0.18, 0.2, 0.23, 0.26, 0.28, 0.3, 0.33, 0.33, 0.36, 0.38, 0.4, 0.43, 0.45, 0.45, 0.45, 0.46, 0.51, 0.53, 0.55, 0.55, 0.57, 0.59, 0.59, 0.62, 0.62, 0.63, 0.63, 0.64, 0.66, 0.66, 0.67, 0.67, 0.67, 0.67, 0.7, 0.7, 0.7, 0.7, 0.71, 0.71, 0.73, 0.73, 0.74, 0.78, 0.79, 0.8, 0.8, 0.81, 0.81, 0.81, 0.81, 0.83, 0.83, 0.83, 0.83, 0.84, 0.84, 0.84, 0.84, 0.84, 0.85, 0.86, 0.86, 0.86, 0.86, 0.87, 0.87, 0.87, 0.87, 0.87, 0.87, 0.87, 0.87, 0.87, 0.87, 0.87, 0.87, 0.88, 0.88, 0.88, 0.88, 0.88, 0.88, 0.88, 0.88, 0.88, 0.88, 0.88, 0.88, 0.88, 0.88, 0.88, 0.88, 0.88, 0.89, 0.89, 0.89, 0.89, 0.89, 0.89, 0.89, 0.89, 0.89, 0.89, 0.89, 0.89, 0.89, 0.89, 0.89, 0.89, 0.89, 0.9, 0.91, 0.91, 0.91, 0.91, 0.91, 0.91, 0.91, 0.91, 0.91, 0.91, 0.91, 0.91, 0.91, 0.91, 0.91, 0.92, 0.92, 0.92, 0.92, 0.92, 0.92, 0.92, 0.92, 0.92, 0.92, 0.92, 0.92, 0.92, 0.92, 0.92, 0.92, 0.92, 0.92, 0.92, 0.92, 0.92, 0.92, 0.92, 0.92, 0.92, 0.92, 0.93, 0.93, 0.93, 0.93, 0.93, 0.93, 0.93, 0.93, 0.93, 0.93, 0.93, 0.93, 0.93, 0.93, 0.93, 0.93, 0.93, 0.93, 0.93, 0.93, 0.93, 0.93, 0.93, 0.93, 0.93, 0.93, 0.93, 0.93, 0.93, 0.93, 0.93, 0.93, 0.93, 0.93, 0.93, 0.93, 0.93, 0.93, 0.93, 0.94, 0.94, 0.94, 0.94, 0.94, 0.94, 0.94, 0.94, 0.94, 0.94, 0.94, 0.94, 0.94, 0.94, 0.94, 0.94, 0.94, 0.94, 0.94, 0.94, 0.94, 0.94, 0.94, 0.94, 0.94, 0.94, 0.94, 0.94, 0.94, 0.94, 0.94, 0.94, 0.94, 0.94, 0.94, 0.95, 0.95, 0.95, 0.95, 0.95, 0.95, 0.95, 0.95, 0.95, 0.95, 0.95, 0.95, 0.95, 0.95, 0.95, 0.95, 0.95, 0.95, 0.95, 0.95, 0.95, 0.95, 0.95, 0.95, 0.95, 0.95, 0.95, 0.95, 0.95, 0.95, 0.95, 0.95, 0.95, 0.95, 0.95, 0.95, 0.95, 0.95, 0.95, 0.95, 0.95, 0.95, 0.95, 0.95, 0.95, 0.95, 0.95, 0.95, 0.95, 0.95, 0.95, 0.95, 0.95, 0.95, 0.95, 0.95, 0.95, 0.95, 0.95, 0.95, 0.95, 0.95, 0.95, 0.95, 0.95, 0.95, 0.96]}