{"calc_counters": [880.96], "capture": "StoGO", "cmc_iters": [1.0, 7.688963210702341, 14.377926421404682, 21.066889632107024, 27.755852842809364, 34.44481605351171, 41.13377926421405, 47.82274247491639, 54.51170568561873, 61.20066889632107, 67.88963210702342, 74.57859531772576, 81.2675585284281, 87.95652173913044, 94.64548494983278, 101.33444816053512, 108.02341137123746, 114.7123745819398, 121.40133779264214, 128.09030100334448, 134.77926421404683, 141.46822742474916, 148.1571906354515, 154.84615384615384, 161.5351170568562, 168.22408026755852, 174.91304347826087, 181.6020066889632, 188.29096989966555, 194.97993311036788, 201.66889632107024, 208.35785953177256, 215.04682274247492, 221.73578595317727, 228.4247491638796, 235.11371237458195, 241.80267558528428, 248.49163879598663, 255.18060200668896, 261.8695652173913, 268.55852842809367, 275.24749163879596, 281.9364548494983, 288.6254180602007, 295.314381270903, 302.0033444816053, 308.6923076923077, 315.38127090301003, 322.0702341137124, 328.75919732441474, 335.44816053511704, 342.1371237458194, 348.82608695652175, 355.5150501672241, 362.2040133779264, 368.89297658862876, 375.5819397993311, 382.27090301003346, 388.95986622073576, 395.6488294314381, 402.33779264214047, 409.0267558528428, 415.7157190635451, 422.4046822742475, 429.09364548494983, 435.7826086956522, 442.47157190635454, 449.16053511705684, 455.8494983277592, 462.53846153846155, 469.2274247491639, 475.9163879598662, 482.60535117056855, 489.2943143812709, 495.98327759197326, 502.67224080267556, 509.3612040133779, 516.0501672240803, 522.7391304347826, 529.428093645485, 536.1170568561873, 542.8060200668897, 549.4949832775919, 556.1839464882943, 562.8729096989966, 569.561872909699, 576.2508361204013, 582.9397993311037, 589.628762541806, 596.3177257525084, 603.0066889632106, 609.695652173913, 616.3846153846154, 623.0735785953177, 629.7625418060201, 636.4515050167224, 643.1404682274248, 649.8294314381271, 656.5183946488295, 663.2073578595317, 669.8963210702341, 676.5852842809364, 683.2742474916388, 689.9632107023411, 696.6521739130435, 703.3411371237459, 710.0301003344482, 716.7190635451504, 723.4080267558528, 730.0969899665552, 736.7859531772575, 743.4749163879599, 750.1638795986622, 756.8528428093646, 763.5418060200669, 770.2307692307693, 776.9197324414715, 783.6086956521739, 790.2976588628762, 796.9866220735786, 803.6755852842809, 810.3645484949833, 817.0535117056857, 823.742474916388, 830.4314381270902, 837.1204013377926, 843.809364548495, 850.4983277591973, 857.1872909698997, 863.876254180602, 870.5652173913044, 877.2541806020067, 883.9431438127091, 890.6321070234113, 897.3210702341137, 904.010033444816, 910.6989966555184, 917.3879598662207, 924.0769230769231, 930.7658862876254, 937.4548494983278, 944.14381270903, 950.8327759197324, 957.5217391304348, 964.2107023411371, 970.8996655518395, 977.5886287625418, 984.2775919732442, 990.9665551839465, 997.6555183946489, 1004.3444816053511, 1011.0334448160535, 1017.7224080267558, 1024.4113712374583, 1031.1003344481605, 1037.7892976588628, 1044.4782608695652, 1051.1672240802675, 1057.85618729097, 1064.5451505016722, 1071.2341137123747, 1077.923076923077, 1084.6120401337794, 1091.3010033444816, 1097.9899665551839, 1104.6789297658863, 1111.3678929765886, 1118.056856187291, 1124.7458193979933, 1131.4347826086957, 1138.123745819398, 1144.8127090301002, 1151.5016722408027, 1158.190635451505, 1164.8795986622074, 1171.5685618729096, 1178.257525083612, 1184.9464882943143, 1191.6354515050168, 1198.324414715719, 1205.0133779264213, 1211.7023411371238, 1218.391304347826, 1225.0802675585285, 1231.7692307692307, 1238.4581939799332, 1245.1471571906354, 1251.836120401338, 1258.5250836120401, 1265.2140468227424, 1271.9030100334448, 1278.591973244147, 1285.2809364548496, 1291.9698996655518, 1298.6588628762543, 1305.3478260869565, 1312.036789297659, 1318.7257525083612, 1325.4147157190635, 1332.103678929766, 1338.7926421404682, 1345.4816053511706, 1352.1705685618729, 1358.8595317725753, 1365.5484949832776, 1372.2374581939798, 1378.9264214046823, 1385.6153846153845, 1392.304347826087, 1398.9933110367892, 1405.6822742474917, 1412.371237458194, 1419.0602006688964, 1425.7491638795987, 1432.438127090301, 1439.1270903010034, 1445.8160535117056, 1452.505016722408, 1459.1939799331103, 1465.8829431438128, 1472.571906354515, 1479.2608695652175, 1485.9498327759197, 1492.638795986622, 1499.3277591973244, 1506.0167224080267, 1512.7056856187291, 1519.3946488294314, 1526.0836120401339, 1532.772575250836, 1539.4615384615386, 1546.1505016722408, 1552.839464882943, 1559.5284280936455, 1566.2173913043478, 1572.9063545150502, 1579.5953177257525, 1586.284280936455, 1592.9732441471572, 1599.6622073578594, 1606.3511705685619, 1613.0401337792641, 1619.7290969899666, 1626.4180602006688, 1633.1070234113713, 1639.7959866220735, 1646.484949832776, 1653.1739130434783, 1659.8628762541805, 1666.551839464883, 1673.2408026755852, 1679.9297658862877, 1686.61872909699, 1693.3076923076924, 1699.9966555183946, 1706.685618729097, 1713.3745819397993, 1720.0635451505016, 1726.752508361204, 1733.4414715719063, 1740.1304347826087, 1746.819397993311, 1753.5083612040135, 1760.1973244147157, 1766.8862876254182, 1773.5752508361204, 1780.2642140468226, 1786.953177257525, 1793.6421404682274, 1800.3311036789298, 1807.020066889632, 1813.7090301003345, 1820.3979933110368, 1827.0869565217392, 1833.7759197324415, 1840.4648829431437, 1847.1538461538462, 1853.8428093645484, 1860.531772575251, 1867.2207357859531, 1873.9096989966556, 1880.5986622073578, 1887.28762541806, 1893.9765886287626, 1900.6655518394648, 1907.3545150501673, 1914.0434782608695, 1920.732441471572, 1927.4214046822742, 1934.1103678929767, 1940.799331103679, 1947.4882943143812, 1954.1772575250836, 1960.8662207357859, 1967.5551839464883, 1974.2441471571906, 1980.933110367893, 1987.6220735785953, 1994.3110367892978, 2001.0], "cmc_vals": [0.0, 0.0, 0.0, 0.0, 0.02, 0.03, 0.05, 0.07, 0.09, 0.09, 0.1, 0.1, 0.11, 0.11, 0.13, 0.13, 0.14, 0.14, 0.16, 0.17, 0.18, 0.19, 0.21, 0.23, 0.24, 0.24, 0.24, 0.27, 0.28, 0.28, 0.28, 0.28, 0.28, 0.28, 0.28, 0.29, 0.29, 0.29, 0.29, 0.3, 0.31, 0.33, 0.35, 0.37, 0.37, 0.37, 0.37, 0.38, 0.38, 0.38, 0.39, 0.39, 0.4, 0.4, 0.4, 0.42, 0.43, 0.45, 0.45, 0.45, 0.46, 0.46, 0.46, 0.46, 0.46, 0.46, 0.47, 0.48, 0.48, 0.48, 0.49, 0.49, 0.49, 0.5, 0.5, 0.5, 0.51, 0.51, 0.51, 0.51, 0.51, 0.51, 0.51, 0.51, 0.51, 0.52, 0.53, 0.54, 0.55, 0.55, 0.55, 0.55, 0.55, 0.55, 0.55, 0.55, 0.55, 0.55, 0.55, 0.56, 0.56, 0.56, 0.56, 0.56, 0.56, 0.56, 0.56, 0.56, 0.56, 0.56, 0.56, 0.56, 0.56, 0.56, 0.56, 0.56, 0.56, 0.56, 0.57, 0.57, 0.57, 0.57, 0.57, 0.58, 0.58, 0.58, 0.58, 0.58, 0.58, 0.58, 0.59, 0.59, 0.59, 0.59, 0.59, 0.59, 0.59, 0.59, 0.6, 0.61, 0.61, 0.62, 0.62, 0.62, 0.62, 0.62, 0.62, 0.62, 0.62, 0.62, 0.62, 0.62, 0.62, 0.62, 0.62, 0.62, 0.62, 0.62, 0.62, 0.62, 0.62, 0.62, 0.62, 0.62, 0.62, 0.62, 0.62, 0.62, 0.62, 0.62, 0.62, 0.62, 0.62, 0.62, 0.62, 0.62, 0.62, 0.62, 0.62, 0.62, 0.62, 0.62, 0.62, 0.62, 0.62, 0.62, 0.62, 0.62, 0.62, 0.62, 0.62, 0.62, 0.62, 0.63, 0.63, 0.63, 0.64, 0.64, 0.64, 0.64, 0.64, 0.64, 0.64, 0.64, 0.64, 0.64, 0.64, 0.64, 0.65, 0.65, 0.65, 0.65, 0.66, 0.67, 0.67, 0.67, 0.68, 0.68, 0.68, 0.68, 0.68, 0.68, 0.68, 0.68, 0.68, 0.68, 0.68, 0.69, 0.7, 0.7, 0.7, 0.7, 0.7, 0.7, 0.7, 0.7, 0.7, 0.7, 0.7, 0.7, 0.7, 0.7, 0.7, 0.71, 0.71, 0.71, 0.71, 0.71, 0.71, 0.71, 0.71, 0.71, 0.71, 0.71, 0.71, 0.71, 0.71, 0.71, 0.72, 0.72, 0.72, 0.72, 0.72, 0.72, 0.72, 0.72, 0.72, 0.72, 0.72, 0.72, 0.72, 0.72, 0.72, 0.72, 0.72, 0.72, 0.72, 0.72, 0.72, 0.73, 0.73, 0.73, 0.74, 0.74, 0.74, 0.75, 0.75, 0.75, 0.75, 0.75, 0.75, 0.75, 0.75, 0.75, 0.75, 0.75, 0.75, 0.75, 0.75, 0.75]}