{"calc_counters": [254.89], "capture": "AGS", "cmc_iters": [1.0, 3.177257525083612, 5.354515050167224, 7.531772575250836, 9.709030100334449, 11.88628762541806, 14.063545150501673, 16.240802675585286, 18.418060200668897, 20.59531772575251, 22.77257525083612, 24.949832775919734, 27.127090301003346, 29.304347826086957, 31.481605351170572, 33.65886287625418, 35.836120401337794, 38.013377926421406, 40.19063545150502, 42.36789297658863, 44.54515050167224, 46.72240802675586, 48.89966555183947, 51.07692307692308, 53.25418060200669, 55.4314381270903, 57.608695652173914, 59.785953177257525, 61.963210702341144, 64.14046822742475, 66.31772575250837, 68.49498327759197, 70.67224080267559, 72.8494983277592, 75.02675585284281, 77.20401337792643, 79.38127090301003, 81.55852842809365, 83.73578595317726, 85.91304347826087, 88.09030100334448, 90.2675585284281, 92.44481605351172, 94.62207357859532, 96.79933110367894, 98.97658862876254, 101.15384615384616, 103.33110367892976, 105.50836120401338, 107.685618729097, 109.8628762541806, 112.04013377926422, 114.21739130434783, 116.39464882943145, 118.57190635451505, 120.74916387959867, 122.92642140468229, 125.10367892976589, 127.28093645484951, 129.45819397993313, 131.63545150501673, 133.81270903010034, 135.98996655518394, 138.16722408026757, 140.34448160535118, 142.52173913043478, 144.6989966555184, 146.87625418060202, 149.05351170568562, 151.23076923076923, 153.40802675585286, 155.58528428093646, 157.76254180602007, 159.9397993311037, 162.1170568561873, 164.2943143812709, 166.4715719063545, 168.64882943143814, 170.82608695652175, 173.00334448160535, 175.18060200668896, 177.3578595317726, 179.5351170568562, 181.7123745819398, 183.88963210702343, 186.06688963210703, 188.24414715719064, 190.42140468227424, 192.59866220735788, 194.77591973244148, 196.95317725752508, 199.13043478260872, 201.30769230769232, 203.48494983277592, 205.66220735785953, 207.83946488294316, 210.01672240802677, 212.19397993311037, 214.371237458194, 216.5484949832776, 218.7257525083612, 220.90301003344482, 223.08026755852845, 225.25752508361205, 227.43478260869566, 229.6120401337793, 231.7892976588629, 233.9665551839465, 236.1438127090301, 238.32107023411373, 240.49832775919734, 242.67558528428094, 244.85284280936457, 247.03010033444818, 249.20735785953178, 251.3846153846154, 253.56187290969902, 255.73913043478262, 257.91638795986626, 260.09364548494983, 262.27090301003346, 264.4481605351171, 266.6254180602007, 268.8026755852843, 270.9799331103679, 273.1571906354515, 275.33444816053515, 277.5117056856187, 279.68896321070235, 281.866220735786, 284.04347826086956, 286.2207357859532, 288.3979933110368, 290.5752508361204, 292.75250836120404, 294.9297658862876, 297.10702341137124, 299.2842809364549, 301.46153846153845, 303.6387959866221, 305.8160535117057, 307.9933110367893, 310.1705685618729, 312.34782608695656, 314.52508361204013, 316.70234113712377, 318.8795986622074, 321.056856187291, 323.2341137123746, 325.4113712374582, 327.5886287625418, 329.76588628762545, 331.943143812709, 334.12040133779266, 336.2976588628763, 338.47491638795987, 340.6521739130435, 342.82943143812713, 345.0066889632107, 347.18394648829434, 349.3612040133779, 351.53846153846155, 353.7157190635452, 355.89297658862876, 358.0702341137124, 360.247491638796, 362.4247491638796, 364.60200668896323, 366.77926421404686, 368.95652173913044, 371.13377926421407, 373.3110367892977, 375.4882943143813, 377.6655518394649, 379.8428093645485, 382.0200668896321, 384.19732441471575, 386.3745819397993, 388.55183946488296, 390.7290969899666, 392.90635451505017, 395.0836120401338, 397.26086956521743, 399.438127090301, 401.61538461538464, 403.7926421404683, 405.96989966555185, 408.1471571906355, 410.32441471571906, 412.5016722408027, 414.6789297658863, 416.8561872909699, 419.03344481605353, 421.21070234113716, 423.38795986622074, 425.5652173913044, 427.742474916388, 429.9197324414716, 432.0969899665552, 434.2742474916388, 436.4515050167224, 438.62876254180605, 440.80602006688963, 442.98327759197326, 445.1605351170569, 447.33779264214047, 449.5150501672241, 451.69230769230774, 453.8695652173913, 456.04682274247494, 458.2240802675586, 460.40133779264215, 462.5785953177258, 464.75585284280936, 466.933110367893, 469.1103678929766, 471.2876254180602, 473.46488294314383, 475.64214046822747, 477.81939799331104, 479.9966555183947, 482.1739130434783, 484.3511705685619, 486.5284280936455, 488.70568561872915, 490.8829431438127, 493.06020066889636, 495.23745819397993, 497.41471571906357, 499.5919732441472, 501.7692307692308, 503.9464882943144, 506.12374581939804, 508.3010033444816, 510.47826086956525, 512.6555183946489, 514.8327759197325, 517.010033444816, 519.1872909698997, 521.3645484949833, 523.5418060200669, 525.7190635451506, 527.8963210702342, 530.0735785953177, 532.2508361204013, 534.428093645485, 536.6053511705686, 538.7826086956522, 540.9598662207358, 543.1371237458194, 545.314381270903, 547.4916387959867, 549.6688963210703, 551.8461538461539, 554.0234113712374, 556.2006688963211, 558.3779264214047, 560.5551839464883, 562.732441471572, 564.9096989966555, 567.0869565217391, 569.2642140468228, 571.4414715719064, 573.61872909699, 575.7959866220737, 577.9732441471572, 580.1505016722408, 582.3277591973244, 584.5050167224081, 586.6822742474917, 588.8595317725752, 591.0367892976589, 593.2140468227425, 595.3913043478261, 597.5685618729098, 599.7458193979934, 601.9230769230769, 604.1003344481605, 606.2775919732442, 608.4548494983278, 610.6321070234114, 612.8093645484951, 614.9866220735786, 617.1638795986622, 619.3411371237459, 621.5183946488295, 623.6956521739131, 625.8729096989966, 628.0501672240803, 630.2274247491639, 632.4046822742475, 634.5819397993312, 636.7591973244148, 638.9364548494983, 641.113712374582, 643.2909698996656, 645.4682274247492, 647.6454849498328, 649.8227424749164, 652.0], "num_solved": 100, "cmc_vals": [0.0, 0.0, 0.0, 0.0, 0.0, 0.0, 0.0, 0.0, 0.0, 0.0, 0.0, 0.01, 0.01, 0.01, 0.01, 0.01, 0.01, 0.01, 0.01, 0.01, 0.01, 0.01, 0.01, 0.03, 0.04, 0.04, 0.04, 0.04, 0.05, 0.06, 0.06, 0.06, 0.06, 0.08, 0.08, 0.08, 0.08, 0.1, 0.1, 0.1, 0.12, 0.12, 0.12, 0.12, 0.13, 0.13, 0.13, 0.13, 0.13, 0.13, 0.14, 0.15, 0.16, 0.17, 0.17, 0.18, 0.19, 0.2, 0.22, 0.22, 0.23, 0.23, 0.24, 0.24, 0.24, 0.25, 0.25, 0.25, 0.25, 0.26, 0.26, 0.28, 0.28, 0.28, 0.28, 0.29, 0.29, 0.29, 0.29, 0.3, 0.3, 0.3, 0.31, 0.33, 0.33, 0.34, 0.34, 0.34, 0.35, 0.35, 0.37, 0.37, 0.38, 0.38, 0.38, 0.39, 0.4, 0.41, 0.42, 0.43, 0.45, 0.45, 0.45, 0.46, 0.46, 0.46, 0.46, 0.46, 0.46, 0.47, 0.48, 0.48, 0.48, 0.48, 0.48, 0.5, 0.5, 0.5, 0.5, 0.51, 0.52, 0.53, 0.54, 0.54, 0.54, 0.54, 0.54, 0.54, 0.54, 0.55, 0.57, 0.58, 0.61, 0.61, 0.61, 0.61, 0.64, 0.64, 0.68, 0.69, 0.7, 0.7, 0.7, 0.7, 0.7, 0.71, 0.71, 0.71, 0.71, 0.73, 0.74, 0.75, 0.75, 0.75, 0.75, 0.75, 0.75, 0.76, 0.78, 0.79, 0.79, 0.79, 0.79, 0.79, 0.79, 0.79, 0.79, 0.8, 0.8, 0.8, 0.81, 0.81, 0.81, 0.81, 0.82, 0.82, 0.83, 0.84, 0.84, 0.84, 0.84, 0.84, 0.84, 0.84, 0.85, 0.85, 0.85, 0.86, 0.87, 0.87, 0.87, 0.88, 0.92, 0.92, 0.92, 0.92, 0.92, 0.92, 0.92, 0.92, 0.92, 0.92, 0.92, 0.92, 0.92, 0.92, 0.92, 0.92, 0.92, 0.92, 0.92, 0.93, 0.93, 0.93, 0.93, 0.93, 0.94, 0.94, 0.95, 0.95, 0.95, 0.95, 0.95, 0.95, 0.95, 0.96, 0.97, 0.97, 0.97, 0.97, 0.97, 0.97, 0.97, 0.97, 0.97, 0.97, 0.97, 0.97, 0.97, 0.97, 0.97, 0.97, 0.97, 0.97, 0.97, 0.97, 0.97, 0.97, 0.97, 0.97, 0.97, 0.97, 0.97, 0.97, 0.97, 0.97, 0.97, 0.97, 0.97, 0.97, 0.97, 0.97, 0.97, 0.97, 0.97, 0.97, 0.97, 0.97, 0.97, 0.97, 0.97, 0.98, 0.98, 0.98, 0.98, 0.98, 0.98, 0.99, 0.99, 0.99, 0.99, 0.99, 0.99, 0.99, 0.99, 0.99, 0.99, 0.99, 0.99, 0.99, 0.99, 0.99, 0.99, 0.99, 0.99, 0.99, 0.99, 0.99, 0.99, 1.0]}