{"calc_counters": [427.61], "capture": "AGS", "cmc_iters": [1.0, 5.394648829431438, 9.789297658862877, 14.183946488294314, 18.578595317725753, 22.973244147157192, 27.367892976588628, 31.762541806020067, 36.15719063545151, 40.551839464882946, 44.946488294314385, 49.341137123745824, 53.735785953177256, 58.130434782608695, 62.525083612040135, 66.91973244147158, 71.31438127090301, 75.70903010033445, 80.10367892976589, 84.49832775919732, 88.89297658862877, 93.2876254180602, 97.68227424749165, 102.07692307692308, 106.47157190635451, 110.86622073578596, 115.26086956521739, 119.65551839464884, 124.05016722408027, 128.44481605351172, 132.83946488294316, 137.23411371237458, 141.62876254180603, 146.02341137123747, 150.4180602006689, 154.81270903010034, 159.20735785953178, 163.60200668896323, 167.99665551839465, 172.3913043478261, 176.78595317725754, 181.18060200668896, 185.5752508361204, 189.96989966555185, 194.3645484949833, 198.7591973244147, 203.15384615384616, 207.5484949832776, 211.94314381270902, 216.33779264214047, 220.73244147157192, 225.12709030100336, 229.52173913043478, 233.91638795986623, 238.31103678929767, 242.70568561872912, 247.10033444816054, 251.49498327759198, 255.88963210702343, 260.2842809364549, 264.6789297658863, 269.0735785953177, 273.46822742474916, 277.8628762541806, 282.25752508361205, 286.6521739130435, 291.04682274247494, 295.4414715719064, 299.8361204013378, 304.2307692307692, 308.6254180602007, 313.0200668896321, 317.41471571906357, 321.809364548495, 326.20401337792646, 330.59866220735785, 334.9933110367893, 339.38795986622074, 343.7826086956522, 348.17725752508363, 352.5719063545151, 356.9665551839465, 361.3612040133779, 365.75585284280936, 370.1505016722408, 374.54515050167225, 378.9397993311037, 383.33444816053515, 387.7290969899666, 392.123745819398, 396.5183946488294, 400.9130434782609, 405.3076923076923, 409.70234113712377, 414.0969899665552, 418.49163879598666, 422.88628762541805, 427.2809364548495, 431.67558528428094, 436.0702341137124, 440.46488294314383, 444.8595317725753, 449.2541806020067, 453.6488294314382, 458.04347826086956, 462.438127090301, 466.83277591973246, 471.2274247491639, 475.62207357859535, 480.0167224080268, 484.41137123745824, 488.80602006688963, 493.2006688963211, 497.5953177257525, 501.98996655518397, 506.3846153846154, 510.77926421404686, 515.1739130434783, 519.5685618729098, 523.9632107023411, 528.3578595317726, 532.752508361204, 537.1471571906354, 541.5418060200669, 545.9364548494983, 550.3311036789298, 554.7257525083612, 559.1204013377927, 563.5150501672241, 567.9096989966555, 572.304347826087, 576.6989966555184, 581.0936454849499, 585.4882943143813, 589.8829431438128, 594.2775919732442, 598.6722408026756, 603.0668896321071, 607.4615384615385, 611.85618729097, 616.2508361204013, 620.6454849498328, 625.0401337792642, 629.4347826086956, 633.8294314381271, 638.2240802675585, 642.61872909699, 647.0133779264214, 651.4080267558529, 655.8026755852843, 660.1973244147157, 664.5919732441472, 668.9866220735786, 673.3812709030101, 677.7759197324415, 682.170568561873, 686.5652173913044, 690.9598662207358, 695.3545150501673, 699.7491638795987, 704.1438127090302, 708.5384615384615, 712.933110367893, 717.3277591973244, 721.7224080267558, 726.1170568561873, 730.5117056856187, 734.9063545150502, 739.3010033444816, 743.6956521739131, 748.0903010033445, 752.4849498327759, 756.8795986622074, 761.2742474916388, 765.6688963210703, 770.0635451505017, 774.4581939799332, 778.8528428093646, 783.247491638796, 787.6421404682275, 792.0367892976589, 796.4314381270904, 800.8260869565217, 805.2207357859533, 809.6153846153846, 814.010033444816, 818.4046822742475, 822.7993311036789, 827.1939799331104, 831.5886287625418, 835.9832775919733, 840.3779264214047, 844.7725752508361, 849.1672240802676, 853.561872909699, 857.9565217391305, 862.3511705685619, 866.7458193979934, 871.1404682274248, 875.5351170568563, 879.9297658862877, 884.3244147157191, 888.7190635451506, 893.113712374582, 897.5083612040135, 901.9030100334448, 906.2976588628763, 910.6923076923077, 915.0869565217391, 919.4816053511706, 923.876254180602, 928.2709030100335, 932.6655518394649, 937.0602006688964, 941.4548494983278, 945.8494983277592, 950.2441471571907, 954.6387959866221, 959.0334448160536, 963.428093645485, 967.8227424749165, 972.2173913043479, 976.6120401337793, 981.0066889632108, 985.4013377926422, 989.7959866220737, 994.190635451505, 998.5852842809365, 1002.9799331103679, 1007.3745819397993, 1011.7692307692308, 1016.1638795986622, 1020.5585284280937, 1024.953177257525, 1029.3478260869565, 1033.742474916388, 1038.1371237458195, 1042.531772575251, 1046.9264214046823, 1051.3210702341137, 1055.7157190635453, 1060.1103678929767, 1064.505016722408, 1068.8996655518395, 1073.2943143812709, 1077.6889632107025, 1082.0836120401339, 1086.4782608695652, 1090.8729096989966, 1095.267558528428, 1099.6622073578596, 1104.056856187291, 1108.4515050167224, 1112.8461538461538, 1117.2408026755854, 1121.6354515050168, 1126.0301003344482, 1130.4247491638796, 1134.819397993311, 1139.2140468227426, 1143.608695652174, 1148.0033444816054, 1152.3979933110368, 1156.7926421404684, 1161.1872909698998, 1165.5819397993312, 1169.9765886287626, 1174.371237458194, 1178.7658862876256, 1183.160535117057, 1187.5551839464883, 1191.9498327759197, 1196.3444816053511, 1200.7391304347827, 1205.1337792642141, 1209.5284280936455, 1213.923076923077, 1218.3177257525085, 1222.71237458194, 1227.1070234113713, 1231.5016722408027, 1235.896321070234, 1240.2909698996657, 1244.685618729097, 1249.0802675585285, 1253.4749163879599, 1257.8695652173913, 1262.2642140468229, 1266.6588628762543, 1271.0535117056857, 1275.448160535117, 1279.8428093645487, 1284.23745819398, 1288.6321070234114, 1293.0267558528428, 1297.4214046822742, 1301.8160535117058, 1306.2107023411372, 1310.6053511705686, 1315.0], "num_solved": 100, "cmc_vals": [0.0, 0.0, 0.0, 0.0, 0.0, 0.0, 0.0, 0.0, 0.0, 0.0, 0.0, 0.0, 0.01, 0.01, 0.01, 0.02, 0.02, 0.03, 0.03, 0.04, 0.04, 0.05, 0.05, 0.05, 0.05, 0.05, 0.07, 0.07, 0.07, 0.07, 0.07, 0.07, 0.07, 0.08, 0.08, 0.09, 0.09, 0.09, 0.09, 0.09, 0.09, 0.1, 0.1, 0.11, 0.13, 0.13, 0.13, 0.13, 0.13, 0.14, 0.16, 0.17, 0.17, 0.18, 0.19, 0.2, 0.22, 0.22, 0.22, 0.22, 0.22, 0.22, 0.23, 0.24, 0.25, 0.28, 0.3, 0.3, 0.3, 0.32, 0.35, 0.35, 0.36, 0.36, 0.38, 0.41, 0.41, 0.41, 0.43, 0.45, 0.46, 0.46, 0.46, 0.47, 0.47, 0.47, 0.47, 0.48, 0.5, 0.51, 0.52, 0.52, 0.52, 0.54, 0.56, 0.57, 0.6, 0.61, 0.61, 0.62, 0.63, 0.63, 0.64, 0.65, 0.65, 0.67, 0.67, 0.69, 0.7, 0.7, 0.7, 0.7, 0.71, 0.71, 0.72, 0.72, 0.72, 0.73, 0.73, 0.73, 0.74, 0.75, 0.75, 0.76, 0.77, 0.77, 0.77, 0.78, 0.78, 0.78, 0.78, 0.79, 0.79, 0.79, 0.79, 0.81, 0.81, 0.81, 0.81, 0.81, 0.82, 0.82, 0.82, 0.83, 0.83, 0.83, 0.84, 0.85, 0.85, 0.85, 0.85, 0.85, 0.85, 0.85, 0.86, 0.87, 0.87, 0.88, 0.88, 0.88, 0.88, 0.88, 0.88, 0.88, 0.89, 0.9, 0.91, 0.91, 0.91, 0.91, 0.91, 0.92, 0.92, 0.92, 0.92, 0.92, 0.92, 0.92, 0.92, 0.92, 0.93, 0.93, 0.93, 0.93, 0.93, 0.93, 0.93, 0.93, 0.94, 0.94, 0.94, 0.94, 0.94, 0.94, 0.94, 0.94, 0.94, 0.94, 0.94, 0.94, 0.95, 0.95, 0.95, 0.95, 0.95, 0.95, 0.95, 0.95, 0.95, 0.95, 0.95, 0.95, 0.95, 0.95, 0.95, 0.95, 0.96, 0.96, 0.96, 0.96, 0.96, 0.96, 0.96, 0.96, 0.96, 0.96, 0.96, 0.96, 0.96, 0.96, 0.96, 0.96, 0.96, 0.97, 0.97, 0.97, 0.97, 0.97, 0.97, 0.97, 0.97, 0.97, 0.97, 0.98, 0.98, 0.98, 0.98, 0.98, 0.98, 0.98, 0.98, 0.98, 0.98, 0.98, 0.98, 0.98, 0.98, 0.98, 0.98, 0.98, 0.98, 0.99, 0.99, 0.99, 0.99, 0.99, 0.99, 0.99, 0.99, 0.99, 0.99, 0.99, 0.99, 0.99, 0.99, 0.99, 0.99, 0.99, 0.99, 0.99, 0.99, 0.99, 0.99, 0.99, 0.99, 0.99, 0.99, 0.99, 0.99, 0.99, 0.99, 0.99, 0.99, 0.99, 0.99, 0.99, 0.99, 0.99, 0.99, 1.0]}