{"calc_counters": [2285.010101010101], "capture": "CRS", "cmc_iters": [1.0, 25.32441471571906, 49.64882943143812, 73.97324414715719, 98.29765886287625, 122.6220735785953, 146.94648829431438, 171.27090301003344, 195.5953177257525, 219.91973244147155, 244.2441471571906, 268.5685618729097, 292.89297658862876, 317.2173913043478, 341.5418060200669, 365.86622073578593, 390.190635451505, 414.51505016722405, 438.8394648829431, 463.16387959866216, 487.4882943143812, 511.8127090301003, 536.1371237458194, 560.4615384615385, 584.7859531772575, 609.1103678929766, 633.4347826086956, 657.7591973244147, 682.0836120401337, 706.4080267558528, 730.7324414715719, 755.0568561872909, 779.38127090301, 803.705685618729, 828.0301003344481, 852.3545150501672, 876.6789297658862, 901.0033444816053, 925.3277591973243, 949.6521739130434, 973.9765886287624, 998.3010033444815, 1022.6254180602006, 1046.9498327759197, 1071.2742474916388, 1095.5986622073578, 1119.923076923077, 1144.247491638796, 1168.571906354515, 1192.896321070234, 1217.2207357859531, 1241.5451505016722, 1265.8695652173913, 1290.1939799331103, 1314.5183946488294, 1338.8428093645484, 1363.1672240802675, 1387.4916387959865, 1411.8160535117056, 1436.1404682274247, 1460.4648829431437, 1484.7892976588628, 1509.1137123745818, 1533.438127090301, 1557.76254180602, 1582.086956521739, 1606.411371237458, 1630.7357859531771, 1655.0602006688962, 1679.3846153846152, 1703.7090301003343, 1728.0334448160534, 1752.3578595317724, 1776.6822742474915, 1801.0066889632105, 1825.3311036789296, 1849.6555183946487, 1873.9799331103677, 1898.3043478260868, 1922.6287625418058, 1946.9531772575249, 1971.277591973244, 1995.602006688963, 2019.926421404682, 2044.2508361204011, 2068.57525083612, 2092.8996655518395, 2117.2240802675583, 2141.5484949832776, 2165.8729096989964, 2190.1973244147157, 2214.5217391304345, 2238.846153846154, 2263.1705685618726, 2287.494983277592, 2311.8193979933108, 2336.14381270903, 2360.468227424749, 2384.792642140468, 2409.117056856187, 2433.4414715719063, 2457.765886287625, 2482.0903010033444, 2506.414715719063, 2530.7391304347825, 2555.0635451505013, 2579.3879598662206, 2603.7123745819395, 2628.0367892976587, 2652.3612040133776, 2676.685618729097, 2701.0100334448157, 2725.334448160535, 2749.658862876254, 2773.983277591973, 2798.307692307692, 2822.632107023411, 2846.95652173913, 2871.2809364548493, 2895.605351170568, 2919.9297658862874, 2944.2541806020063, 2968.5785953177256, 2992.9030100334444, 3017.2274247491637, 3041.5518394648825, 3065.876254180602, 3090.2006688963206, 3114.52508361204, 3138.849498327759, 3163.173913043478, 3187.4983277591973, 3211.822742474916, 3236.1471571906354, 3260.4715719063543, 3284.7959866220735, 3309.1204013377924, 3333.4448160535117, 3357.7692307692305, 3382.09364548495, 3406.4180602006686, 3430.742474916388, 3455.0668896321067, 3479.391304347826, 3503.715719063545, 3528.040133779264, 3552.364548494983, 3576.6889632107022, 3601.013377926421, 3625.3377926421404, 3649.662207357859, 3673.9866220735785, 3698.3110367892973, 3722.6354515050166, 3746.9598662207354, 3771.2842809364547, 3795.6086956521735, 3819.933110367893, 3844.2575250836117, 3868.581939799331, 3892.9063545150498, 3917.230769230769, 3941.555183946488, 3965.879598662207, 3990.204013377926, 4014.5284280936453, 4038.852842809364, 4063.1772575250834, 4087.5016722408022, 4111.826086956521, 4136.15050167224, 4160.47491638796, 4184.799331103679, 4209.123745819397, 4233.448160535117, 4257.772575250836, 4282.096989966555, 4306.4214046822735, 4330.745819397993, 4355.070234113712, 4379.394648829431, 4403.71906354515, 4428.043478260869, 4452.367892976588, 4476.692307692308, 4501.016722408026, 4525.341137123745, 4549.665551839465, 4573.989966555184, 4598.314381270902, 4622.6387959866215, 4646.963210702341, 4671.28762541806, 4695.612040133779, 4719.936454849498, 4744.260869565217, 4768.585284280936, 4792.909698996656, 4817.234113712374, 4841.558528428093, 4865.882943143813, 4890.207357859532, 4914.53177257525, 4938.8561872909695, 4963.180602006689, 4987.505016722408, 5011.829431438126, 5036.153846153846, 5060.478260869565, 5084.802675585284, 5109.127090301003, 5133.451505016722, 5157.775919732441, 5182.1003344481605, 5206.424749163879, 5230.749163879598, 5255.0735785953175, 5279.397993311037, 5303.722408026755, 5328.046822742474, 5352.371237458194, 5376.695652173913, 5401.020066889631, 5425.344481605351, 5449.66889632107, 5473.993311036789, 5498.317725752508, 5522.642140468227, 5546.966555183946, 5571.2909698996655, 5595.615384615384, 5619.939799331103, 5644.264214046822, 5668.588628762542, 5692.91304347826, 5717.237458193979, 5741.561872909699, 5765.886287625418, 5790.210702341136, 5814.535117056856, 5838.859531772575, 5863.183946488294, 5887.5083612040125, 5911.832775919732, 5936.157190635451, 5960.48160535117, 5984.806020066889, 6009.130434782608, 6033.454849498327, 6057.779264214047, 6082.103678929765, 6106.428093645484, 6130.752508361204, 6155.076923076923, 6179.401337792641, 6203.7257525083605, 6228.05016722408, 6252.374581939799, 6276.698996655518, 6301.023411371237, 6325.347826086956, 6349.672240802675, 6373.996655518395, 6398.321070234113, 6422.645484949832, 6446.969899665552, 6471.294314381271, 6495.618729096989, 6519.9431438127085, 6544.267558528428, 6568.591973244147, 6592.9163879598655, 6617.240802675585, 6641.565217391304, 6665.889632107023, 6690.214046822742, 6714.538461538461, 6738.86287625418, 6763.1872909699, 6787.511705685618, 6811.836120401337, 6836.1605351170565, 6860.484949832776, 6884.809364548494, 6909.133779264213, 6933.458193979933, 6957.782608695652, 6982.10702341137, 7006.43143812709, 7030.755852842809, 7055.080267558528, 7079.404682274247, 7103.729096989966, 7128.053511705685, 7152.3779264214045, 7176.702341137123, 7201.026755852842, 7225.351170568561, 7249.675585284281, 7274.0], "num_solved": 99, "cmc_vals": [0.0, 0.0, 0.0, 0.0, 0.0, 0.0, 0.01, 0.01, 0.01, 0.01, 0.01, 0.03, 0.04, 0.04, 0.04, 0.04, 0.05, 0.06, 0.06, 0.06, 0.06, 0.06, 0.06, 0.07, 0.07, 0.07, 0.07, 0.07, 0.07, 0.09, 0.09, 0.09, 0.09, 0.09, 0.09, 0.09, 0.09, 0.11, 0.11, 0.11, 0.11, 0.11, 0.11, 0.11, 0.11, 0.11, 0.12, 0.13, 0.14, 0.15, 0.15, 0.16, 0.16, 0.18, 0.18, 0.18, 0.18, 0.19, 0.19, 0.19, 0.2, 0.2, 0.2, 0.21, 0.21, 0.21, 0.21, 0.23, 0.25, 0.26, 0.26, 0.28, 0.28, 0.29, 0.3, 0.32, 0.38, 0.39, 0.39, 0.39, 0.39, 0.39, 0.39, 0.4, 0.42, 0.43, 0.43, 0.44, 0.46, 0.46, 0.47, 0.47, 0.48, 0.51, 0.51, 0.53, 0.55, 0.57, 0.57, 0.57, 0.57, 0.58, 0.59, 0.59, 0.6, 0.61, 0.62, 0.65, 0.65, 0.65, 0.67, 0.69, 0.7, 0.71, 0.72, 0.73, 0.73, 0.74, 0.75, 0.75, 0.75, 0.76, 0.76, 0.78, 0.78, 0.79, 0.8, 0.8, 0.8, 0.83, 0.83, 0.84, 0.84, 0.84, 0.84, 0.84, 0.85, 0.85, 0.86, 0.86, 0.86, 0.86, 0.86, 0.88, 0.88, 0.88, 0.88, 0.89, 0.89, 0.9, 0.9, 0.9, 0.9, 0.9, 0.9, 0.91, 0.91, 0.91, 0.91, 0.91, 0.91, 0.91, 0.92, 0.92, 0.93, 0.93, 0.93, 0.94, 0.94, 0.95, 0.95, 0.95, 0.96, 0.96, 0.96, 0.96, 0.96, 0.97, 0.97, 0.97, 0.97, 0.97, 0.97, 0.97, 0.97, 0.97, 0.97, 0.97, 0.97, 0.97, 0.97, 0.97, 0.97, 0.97, 0.97, 0.97, 0.97, 0.97, 0.97, 0.97, 0.97, 0.97, 0.97, 0.97, 0.97, 0.97, 0.97, 0.97, 0.97, 0.97, 0.97, 0.97, 0.97, 0.98, 0.98, 0.98, 0.98, 0.98, 0.98, 0.98, 0.98, 0.98, 0.98, 0.98, 0.98, 0.98, 0.98, 0.98, 0.98, 0.98, 0.98, 0.98, 0.98, 0.98, 0.98, 0.98, 0.98, 0.98, 0.98, 0.98, 0.98, 0.98, 0.98, 0.98, 0.98, 0.98, 0.98, 0.98, 0.98, 0.98, 0.98, 0.98, 0.98, 0.98, 0.98, 0.98, 0.98, 0.98, 0.98, 0.98, 0.98, 0.98, 0.98, 0.98, 0.98, 0.98, 0.98, 0.98, 0.98, 0.98, 0.98, 0.98, 0.98, 0.98, 0.98, 0.98, 0.98, 0.98, 0.98, 0.98, 0.98, 0.98, 0.98, 0.98, 0.98, 0.98, 0.98, 0.98, 0.98, 0.98, 0.98, 0.98, 0.98, 0.98, 0.98, 0.98, 0.98, 0.98, 0.98, 0.99]}