{"calc_counters": [510.61176470588236], "capture": "CRS", "cmc_iters": [1.0, 27.77257525083612, 54.54515050167224, 81.31772575250835, 108.09030100334448, 134.8628762541806, 161.6354515050167, 188.40802675585283, 215.18060200668896, 241.95317725752508, 268.7257525083612, 295.4983277591973, 322.2709030100334, 349.04347826086956, 375.81605351170566, 402.5886287625418, 429.3612040133779, 456.133779264214, 482.90635451505017, 509.67892976588627, 536.4515050167224, 563.2240802675585, 589.9966555183946, 616.7692307692307, 643.5418060200668, 670.314381270903, 697.0869565217391, 723.8595317725752, 750.6321070234113, 777.4046822742474, 804.1772575250836, 830.9498327759197, 857.7224080267558, 884.4949832775919, 911.267558528428, 938.0401337792642, 964.8127090301003, 991.5852842809364, 1018.3578595317725, 1045.1304347826087, 1071.9030100334448, 1098.675585284281, 1125.448160535117, 1152.2207357859531, 1178.9933110367892, 1205.7658862876253, 1232.5384615384614, 1259.3110367892975, 1286.0836120401336, 1312.85618729097, 1339.628762541806, 1366.4013377926422, 1393.1739130434783, 1419.9464882943143, 1446.7190635451504, 1473.4916387959865, 1500.2642140468226, 1527.0367892976587, 1553.8093645484948, 1580.5819397993312, 1607.3545150501673, 1634.1270903010034, 1660.8996655518395, 1687.6722408026756, 1714.4448160535117, 1741.2173913043478, 1767.9899665551839, 1794.76254180602, 1821.535117056856, 1848.3076923076922, 1875.0802675585285, 1901.8528428093646, 1928.6254180602007, 1955.3979933110368, 1982.1705685618729, 2008.943143812709, 2035.715719063545, 2062.488294314381, 2089.2608695652175, 2116.0334448160534, 2142.8060200668897, 2169.5785953177256, 2196.351170568562, 2223.1237458193978, 2249.896321070234, 2276.66889632107, 2303.4414715719063, 2330.2140468227426, 2356.9866220735785, 2383.759197324415, 2410.5317725752507, 2437.304347826087, 2464.076923076923, 2490.849498327759, 2517.622073578595, 2544.3946488294314, 2571.1672240802673, 2597.9397993311036, 2624.71237458194, 2651.484949832776, 2678.257525083612, 2705.030100334448, 2731.8026755852843, 2758.57525083612, 2785.3478260869565, 2812.1204013377924, 2838.8929765886287, 2865.665551839465, 2892.438127090301, 2919.210702341137, 2945.983277591973, 2972.7558528428094, 2999.5284280936453, 3026.3010033444816, 3053.0735785953175, 3079.846153846154, 3106.6187290969897, 3133.391304347826, 3160.1638795986623, 3186.936454849498, 3213.7090301003345, 3240.4816053511704, 3267.2541806020067, 3294.0267558528426, 3320.799331103679, 3347.571906354515, 3374.344481605351, 3401.117056856187, 3427.8896321070233, 3454.6622073578596, 3481.4347826086955, 3508.207357859532, 3534.9799331103677, 3561.752508361204, 3588.52508361204, 3615.2976588628762, 3642.070234113712, 3668.8428093645484, 3695.6153846153843, 3722.3879598662206, 3749.160535117057, 3775.933110367893, 3802.705685618729, 3829.478260869565, 3856.2508361204013, 3883.023411371237, 3909.7959866220735, 3936.5685618729094, 3963.3411371237457, 3990.1137123745816, 4016.886287625418, 4043.6588628762543, 4070.43143812709, 4097.2040133779265, 4123.976588628762, 4150.749163879598, 4177.521739130435, 4204.294314381271, 4231.066889632107, 4257.839464882943, 4284.612040133779, 4311.384615384615, 4338.157190635451, 4364.929765886288, 4391.702341137124, 4418.47491638796, 4445.2474916387955, 4472.020066889632, 4498.792642140468, 4525.565217391304, 4552.33779264214, 4579.110367892977, 4605.882943143813, 4632.655518394648, 4659.428093645485, 4686.200668896321, 4712.973244147157, 4739.745819397993, 4766.51839464883, 4793.2909698996655, 4820.063545150501, 4846.836120401337, 4873.608695652174, 4900.38127090301, 4927.153846153846, 4953.9264214046825, 4980.698996655518, 5007.471571906354, 5034.24414715719, 5061.016722408027, 5087.789297658863, 5114.561872909699, 5141.3344481605345, 5168.107023411371, 5194.879598662207, 5221.652173913043, 5248.42474916388, 5275.197324414716, 5301.969899665552, 5328.742474916387, 5355.515050167224, 5382.28762541806, 5409.060200668896, 5435.832775919733, 5462.605351170569, 5489.3779264214045, 5516.15050167224, 5542.923076923077, 5569.695652173913, 5596.468227424749, 5623.240802675585, 5650.0133779264215, 5676.785953177257, 5703.558528428093, 5730.33110367893, 5757.103678929766, 5783.876254180602, 5810.648829431438, 5837.421404682274, 5864.19397993311, 5890.966555183946, 5917.739130434782, 5944.511705685619, 5971.284280936455, 5998.056856187291, 6024.829431438127, 6051.602006688963, 6078.374581939799, 6105.147157190635, 6131.919732441472, 6158.692307692308, 6185.4648829431435, 6212.237458193979, 6239.010033444816, 6265.782608695652, 6292.555183946488, 6319.327759197325, 6346.1003344481605, 6372.872909698996, 6399.645484949832, 6426.418060200669, 6453.190635451505, 6479.963210702341, 6506.735785953177, 6533.508361204013, 6560.280936454849, 6587.053511705685, 6613.826086956522, 6640.598662207358, 6667.371237458194, 6694.14381270903, 6720.916387959866, 6747.688963210702, 6774.461538461538, 6801.234113712374, 6828.006688963211, 6854.779264214047, 6881.5518394648825, 6908.324414715719, 6935.096989966555, 6961.869565217391, 6988.642140468227, 7015.414715719064, 7042.1872909699, 7068.959866220735, 7095.732441471571, 7122.505016722408, 7149.277591973244, 7176.05016722408, 7202.822742474917, 7229.5953177257525, 7256.367892976588, 7283.140468227424, 7309.913043478261, 7336.685618729097, 7363.458193979933, 7390.230769230769, 7417.003344481605, 7443.775919732441, 7470.548494983277, 7497.321070234114, 7524.09364548495, 7550.866220735786, 7577.6387959866215, 7604.411371237458, 7631.183946488294, 7657.95652173913, 7684.729096989966, 7711.501672240803, 7738.274247491639, 7765.046822742474, 7791.819397993311, 7818.591973244147, 7845.364548494983, 7872.137123745819, 7898.909698996656, 7925.6822742474915, 7952.454849498327, 7979.227424749163, 8006.0], "num_solved": 85, "cmc_vals": [0.0, 0.01, 0.02, 0.03, 0.04, 0.05, 0.07, 0.07, 0.08, 0.08, 0.12, 0.16, 0.19, 0.21, 0.27, 0.31, 0.37, 0.44, 0.48, 0.49, 0.49, 0.53, 0.55, 0.59, 0.62, 0.64, 0.67, 0.67, 0.69, 0.71, 0.75, 0.77, 0.77, 0.78, 0.78, 0.78, 0.8, 0.81, 0.82, 0.82, 0.83, 0.83, 0.84, 0.84, 0.84, 0.84, 0.84, 0.84, 0.84, 0.84, 0.84, 0.84, 0.84, 0.85, 0.85, 0.85, 0.85, 0.85, 0.85, 0.85, 0.85, 0.85, 0.85, 0.85, 0.85, 0.85, 0.85, 0.85, 0.85, 0.85, 0.85, 0.85, 0.85, 0.85, 0.85, 0.85, 0.85, 0.85, 0.85, 0.85, 0.85, 0.85, 0.85, 0.85, 0.85, 0.85, 0.85, 0.85, 0.85, 0.85, 0.85, 0.85, 0.85, 0.85, 0.85, 0.85, 0.85, 0.85, 0.85, 0.85, 0.85, 0.85, 0.85, 0.85, 0.85, 0.85, 0.85, 0.85, 0.85, 0.85, 0.85, 0.85, 0.85, 0.85, 0.85, 0.85, 0.85, 0.85, 0.85, 0.85, 0.85, 0.85, 0.85, 0.85, 0.85, 0.85, 0.85, 0.85, 0.85, 0.85, 0.85, 0.85, 0.85, 0.85, 0.85, 0.85, 0.85, 0.85, 0.85, 0.85, 0.85, 0.85, 0.85, 0.85, 0.85, 0.85, 0.85, 0.85, 0.85, 0.85, 0.85, 0.85, 0.85, 0.85, 0.85, 0.85, 0.85, 0.85, 0.85, 0.85, 0.85, 0.85, 0.85, 0.85, 0.85, 0.85, 0.85, 0.85, 0.85, 0.85, 0.85, 0.85, 0.85, 0.85, 0.85, 0.85, 0.85, 0.85, 0.85, 0.85, 0.85, 0.85, 0.85, 0.85, 0.85, 0.85, 0.85, 0.85, 0.85, 0.85, 0.85, 0.85, 0.85, 0.85, 0.85, 0.85, 0.85, 0.85, 0.85, 0.85, 0.85, 0.85, 0.85, 0.85, 0.85, 0.85, 0.85, 0.85, 0.85, 0.85, 0.85, 0.85, 0.85, 0.85, 0.85, 0.85, 0.85, 0.85, 0.85, 0.85, 0.85, 0.85, 0.85, 0.85, 0.85, 0.85, 0.85, 0.85, 0.85, 0.85, 0.85, 0.85, 0.85, 0.85, 0.85, 0.85, 0.85, 0.85, 0.85, 0.85, 0.85, 0.85, 0.85, 0.85, 0.85, 0.85, 0.85, 0.85, 0.85, 0.85, 0.85, 0.85, 0.85, 0.85, 0.85, 0.85, 0.85, 0.85, 0.85, 0.85, 0.85, 0.85, 0.85, 0.85, 0.85, 0.85, 0.85, 0.85, 0.85, 0.85, 0.85, 0.85, 0.85, 0.85, 0.85, 0.85, 0.85, 0.85, 0.85, 0.85, 0.85, 0.85, 0.85, 0.85, 0.85, 0.85, 0.85, 0.85, 0.85, 0.85, 0.85, 0.85, 0.85, 0.85, 0.85, 0.85, 0.85, 0.85, 0.85, 0.85]}