{"calc_counters": [189.03], "capture": "DIRECT", "cmc_iters": [1.0, 4.789297658862877, 8.578595317725753, 12.367892976588628, 16.157190635451506, 19.94648829431438, 23.735785953177256, 27.525083612040135, 31.31438127090301, 35.103678929765884, 38.89297658862876, 42.68227424749164, 46.47157190635451, 50.26086956521739, 54.05016722408027, 57.83946488294314, 61.62876254180602, 65.41806020066889, 69.20735785953177, 72.99665551839465, 76.78595317725753, 80.5752508361204, 84.36454849498328, 88.15384615384615, 91.94314381270902, 95.7324414715719, 99.52173913043478, 103.31103678929766, 107.10033444816054, 110.8896321070234, 114.67892976588628, 118.46822742474916, 122.25752508361204, 126.04682274247492, 129.83612040133778, 133.62541806020067, 137.41471571906354, 141.20401337792643, 144.9933110367893, 148.78260869565216, 152.57190635451505, 156.36120401337791, 160.1505016722408, 163.93979933110367, 167.72909698996656, 171.51839464882943, 175.3076923076923, 179.09698996655518, 182.88628762541805, 186.67558528428094, 190.4648829431438, 194.2541806020067, 198.04347826086956, 201.83277591973243, 205.62207357859532, 209.41137123745818, 213.20066889632108, 216.98996655518394, 220.7792642140468, 224.5685618729097, 228.35785953177256, 232.14715719063545, 235.93645484949832, 239.7257525083612, 243.51505016722408, 247.30434782608694, 251.09364548494983, 254.8829431438127, 258.67224080267556, 262.46153846153845, 266.25083612040135, 270.0401337792642, 273.8294314381271, 277.61872909698997, 281.40802675585286, 285.1973244147157, 288.9866220735786, 292.7759197324415, 296.5652173913043, 300.3545150501672, 304.1438127090301, 307.933110367893, 311.72240802675583, 315.5117056856187, 319.3010033444816, 323.09030100334445, 326.87959866220734, 330.66889632107024, 334.4581939799331, 338.24749163879596, 342.03678929765886, 345.82608695652175, 349.6153846153846, 353.4046822742475, 357.19397993311037, 360.98327759197326, 364.7725752508361, 368.561872909699, 372.3511705685619, 376.1404682274247, 379.9297658862876, 383.7190635451505, 387.5083612040134, 391.29765886287623, 395.0869565217391, 398.876254180602, 402.66555183946485, 406.45484949832775, 410.24414715719064, 414.0334448160535, 417.82274247491637, 421.61204013377926, 425.40133779264215, 429.190635451505, 432.9799331103679, 436.7692307692308, 440.5585284280936, 444.3478260869565, 448.1371237458194, 451.9264214046823, 455.7157190635451, 459.505016722408, 463.2943143812709, 467.08361204013374, 470.87290969899664, 474.66220735785953, 478.4515050167224, 482.24080267558526, 486.03010033444815, 489.81939799331104, 493.6086956521739, 497.39799331103677, 501.18729096989966, 504.97658862876256, 508.7658862876254, 512.5551839464883, 516.3444816053511, 520.133779264214, 523.9230769230769, 527.7123745819398, 531.5016722408027, 535.2909698996656, 539.0802675585284, 542.8695652173913, 546.6588628762541, 550.448160535117, 554.2374581939799, 558.0267558528428, 561.8160535117057, 565.6053511705685, 569.3946488294314, 573.1839464882943, 576.9732441471572, 580.7625418060201, 584.551839464883, 588.3411371237459, 592.1304347826086, 595.9197324414715, 599.7090301003344, 603.4983277591973, 607.2876254180602, 611.0769230769231, 614.866220735786, 618.6555183946488, 622.4448160535117, 626.2341137123746, 630.0234113712374, 633.8127090301003, 637.6020066889632, 641.3913043478261, 645.1806020066889, 648.9698996655518, 652.7591973244147, 656.5484949832776, 660.3377926421405, 664.1270903010034, 667.9163879598663, 671.705685618729, 675.4949832775919, 679.2842809364548, 683.0735785953177, 686.8628762541806, 690.6521739130435, 694.4414715719064, 698.2307692307692, 702.0200668896321, 705.809364548495, 709.5986622073578, 713.3879598662207, 717.1772575250836, 720.9665551839465, 724.7558528428093, 728.5451505016722, 732.3344481605351, 736.123745819398, 739.9130434782609, 743.7023411371238, 747.4916387959867, 751.2809364548494, 755.0702341137123, 758.8595317725752, 762.6488294314381, 766.438127090301, 770.2274247491639, 774.0167224080268, 777.8060200668896, 781.5953177257525, 785.3846153846154, 789.1739130434783, 792.9632107023411, 796.752508361204, 800.5418060200669, 804.3311036789297, 808.1204013377926, 811.9096989966555, 815.6989966555184, 819.4882943143813, 823.2775919732442, 827.066889632107, 830.8561872909698, 834.6454849498327, 838.4347826086956, 842.2240802675585, 846.0133779264214, 849.8026755852843, 853.5919732441471, 857.38127090301, 861.1705685618729, 864.9598662207358, 868.7491638795987, 872.5384615384615, 876.3277591973244, 880.1170568561872, 883.9063545150501, 887.695652173913, 891.4849498327759, 895.2742474916388, 899.0635451505017, 902.8528428093646, 906.6421404682274, 910.4314381270902, 914.2207357859531, 918.010033444816, 921.7993311036789, 925.5886287625418, 929.3779264214047, 933.1672240802675, 936.9565217391304, 940.7458193979933, 944.5351170568562, 948.3244147157191, 952.113712374582, 955.9030100334448, 959.6923076923076, 963.4816053511705, 967.2709030100334, 971.0602006688963, 974.8494983277592, 978.6387959866221, 982.428093645485, 986.2173913043478, 990.0066889632106, 993.7959866220735, 997.5852842809364, 1001.3745819397993, 1005.1638795986622, 1008.9531772575251, 1012.7424749163879, 1016.5317725752508, 1020.3210702341137, 1024.1103678929767, 1027.8996655518395, 1031.6889632107022, 1035.4782608695652, 1039.267558528428, 1043.056856187291, 1046.8461538461538, 1050.6354515050166, 1054.4247491638796, 1058.2140468227424, 1062.0033444816054, 1065.7926421404682, 1069.5819397993312, 1073.371237458194, 1077.1605351170567, 1080.9498327759197, 1084.7391304347825, 1088.5284280936455, 1092.3177257525083, 1096.1070234113713, 1099.896321070234, 1103.6856187290969, 1107.4749163879599, 1111.2642140468226, 1115.0535117056857, 1118.8428093645484, 1122.6321070234114, 1126.4214046822742, 1130.210702341137, 1134.0], "num_solved": 100, "cmc_vals": [0.0, 0.0, 0.01, 0.01, 0.01, 0.02, 0.03, 0.05, 0.05, 0.08, 0.08, 0.09, 0.12, 0.13, 0.14, 0.16, 0.19, 0.19, 0.2, 0.22, 0.25, 0.28, 0.3, 0.33, 0.36, 0.38, 0.41, 0.44, 0.46, 0.49, 0.5, 0.52, 0.53, 0.55, 0.56, 0.57, 0.58, 0.59, 0.6, 0.6, 0.6, 0.6, 0.62, 0.62, 0.63, 0.64, 0.64, 0.65, 0.66, 0.66, 0.67, 0.67, 0.69, 0.69, 0.69, 0.69, 0.69, 0.69, 0.69, 0.71, 0.73, 0.73, 0.73, 0.74, 0.76, 0.77, 0.77, 0.78, 0.78, 0.79, 0.79, 0.79, 0.79, 0.79, 0.8, 0.81, 0.81, 0.81, 0.81, 0.81, 0.81, 0.81, 0.81, 0.81, 0.81, 0.81, 0.81, 0.81, 0.82, 0.82, 0.82, 0.82, 0.83, 0.84, 0.84, 0.84, 0.85, 0.85, 0.85, 0.85, 0.85, 0.85, 0.85, 0.85, 0.85, 0.85, 0.86, 0.86, 0.87, 0.87, 0.87, 0.88, 0.89, 0.89, 0.89, 0.89, 0.89, 0.89, 0.89, 0.89, 0.89, 0.89, 0.89, 0.91, 0.91, 0.91, 0.92, 0.93, 0.93, 0.93, 0.93, 0.93, 0.94, 0.94, 0.94, 0.94, 0.94, 0.94, 0.95, 0.96, 0.96, 0.96, 0.96, 0.96, 0.96, 0.96, 0.96, 0.96, 0.96, 0.96, 0.96, 0.96, 0.96, 0.96, 0.97, 0.97, 0.97, 0.97, 0.97, 0.97, 0.97, 0.97, 0.97, 0.97, 0.97, 0.97, 0.97, 0.97, 0.98, 0.98, 0.98, 0.98, 0.98, 0.98, 0.98, 0.98, 0.98, 0.98, 0.98, 0.98, 0.98, 0.98, 0.98, 0.98, 0.98, 0.98, 0.98, 0.99, 0.99, 0.99, 0.99, 0.99, 0.99, 0.99, 0.99, 0.99, 0.99, 0.99, 0.99, 0.99, 0.99, 0.99, 0.99, 0.99, 0.99, 0.99, 0.99, 0.99, 0.99, 0.99, 0.99, 0.99, 0.99, 0.99, 0.99, 0.99, 0.99, 0.99, 0.99, 0.99, 0.99, 0.99, 0.99, 0.99, 0.99, 0.99, 0.99, 0.99, 0.99, 0.99, 0.99, 0.99, 0.99, 0.99, 0.99, 0.99, 0.99, 0.99, 0.99, 0.99, 0.99, 0.99, 0.99, 0.99, 0.99, 0.99, 0.99, 0.99, 0.99, 0.99, 0.99, 0.99, 0.99, 0.99, 0.99, 0.99, 0.99, 0.99, 0.99, 0.99, 0.99, 0.99, 0.99, 0.99, 0.99, 0.99, 0.99, 0.99, 0.99, 0.99, 0.99, 0.99, 0.99, 0.99, 0.99, 0.99, 0.99, 0.99, 0.99, 0.99, 0.99, 0.99, 0.99, 0.99, 0.99, 0.99, 0.99, 0.99, 0.99, 0.99, 0.99, 0.99, 0.99, 0.99, 0.99, 0.99, 0.99, 0.99, 0.99, 1.0]}