{"calc_counters": [266.03], "capture": "DIRECTl", "cmc_iters": [1.0, 6.31438127090301, 11.62876254180602, 16.94314381270903, 22.25752508361204, 27.57190635451505, 32.88628762541806, 38.20066889632107, 43.51505016722408, 48.829431438127095, 54.1438127090301, 59.458193979933114, 64.77257525083613, 70.08695652173914, 75.40133779264214, 80.71571906354515, 86.03010033444816, 91.34448160535118, 96.65886287625419, 101.97324414715719, 107.2876254180602, 112.60200668896321, 117.91638795986623, 123.23076923076924, 128.54515050167225, 133.85953177257525, 139.17391304347828, 144.48829431438128, 149.80267558528428, 155.1170568561873, 160.4314381270903, 165.74581939799333, 171.06020066889633, 176.37458193979933, 181.68896321070235, 187.00334448160535, 192.31772575250838, 197.63210702341138, 202.94648829431438, 208.2608695652174, 213.5752508361204, 218.88963210702343, 224.20401337792643, 229.51839464882943, 234.83277591973246, 240.14715719063545, 245.46153846153848, 250.77591973244148, 256.0903010033445, 261.4046822742475, 266.7190635451505, 272.03344481605353, 277.34782608695656, 282.66220735785953, 287.97658862876256, 293.2909698996656, 298.60535117056855, 303.9197324414716, 309.2341137123746, 314.5484949832776, 319.8628762541806, 325.17725752508363, 330.49163879598666, 335.80602006688963, 341.12040133779266, 346.4347826086957, 351.74916387959865, 357.0635451505017, 362.3779264214047, 367.69230769230774, 373.0066889632107, 378.32107023411373, 383.63545150501676, 388.94983277591973, 394.26421404682276, 399.5785953177258, 404.89297658862876, 410.2073578595318, 415.5217391304348, 420.83612040133784, 426.1505016722408, 431.46488294314383, 436.77926421404686, 442.09364548494983, 447.40802675585286, 452.7224080267559, 458.03678929765886, 463.3511705685619, 468.6655518394649, 473.97993311036794, 479.2943143812709, 484.60869565217394, 489.92307692307696, 495.23745819397993, 500.55183946488296, 505.866220735786, 511.180602006689, 516.494983277592, 521.809364548495, 527.123745819398, 532.438127090301, 537.752508361204, 543.0668896321071, 548.3812709030101, 553.6956521739131, 559.010033444816, 564.3244147157191, 569.6387959866221, 574.9531772575251, 580.2675585284281, 585.5819397993312, 590.8963210702342, 596.2107023411371, 601.5250836120401, 606.8394648829432, 612.1538461538462, 617.4682274247492, 622.7826086956522, 628.0969899665552, 633.4113712374582, 638.7257525083612, 644.0401337792642, 649.3545150501673, 654.6688963210703, 659.9832775919733, 665.2976588628762, 670.6120401337793, 675.9264214046823, 681.2408026755853, 686.5551839464883, 691.8695652173914, 697.1839464882944, 702.4983277591973, 707.8127090301003, 713.1270903010034, 718.4414715719064, 723.7558528428094, 729.0702341137124, 734.3846153846155, 739.6989966555184, 745.0133779264214, 750.3277591973244, 755.6421404682275, 760.9565217391305, 766.2709030100335, 771.5852842809364, 776.8996655518395, 782.2140468227425, 787.5284280936455, 792.8428093645485, 798.1571906354516, 803.4715719063546, 808.7859531772575, 814.1003344481605, 819.4147157190636, 824.7290969899666, 830.0434782608696, 835.3578595317726, 840.6722408026757, 845.9866220735786, 851.3010033444816, 856.6153846153846, 861.9297658862877, 867.2441471571907, 872.5585284280937, 877.8729096989968, 883.1872909698997, 888.5016722408027, 893.8160535117057, 899.1304347826087, 904.4448160535118, 909.7591973244148, 915.0735785953177, 920.3879598662207, 925.7023411371238, 931.0167224080268, 936.3311036789298, 941.6454849498328, 946.9598662207359, 952.2742474916388, 957.5886287625418, 962.9030100334448, 968.2173913043479, 973.5317725752509, 978.8461538461539, 984.160535117057, 989.4749163879599, 994.7892976588629, 1000.1036789297659, 1005.418060200669, 1010.732441471572, 1016.046822742475, 1021.361204013378, 1026.675585284281, 1031.989966555184, 1037.304347826087, 1042.61872909699, 1047.933110367893, 1053.247491638796, 1058.561872909699, 1063.876254180602, 1069.1906354515052, 1074.505016722408, 1079.819397993311, 1085.1337792642141, 1090.448160535117, 1095.7625418060202, 1101.076923076923, 1106.3913043478262, 1111.7056856187291, 1117.020066889632, 1122.3344481605352, 1127.6488294314381, 1132.9632107023413, 1138.2775919732442, 1143.5919732441473, 1148.9063545150502, 1154.2207357859531, 1159.5351170568563, 1164.8494983277592, 1170.1638795986623, 1175.4782608695652, 1180.7926421404684, 1186.1070234113713, 1191.4214046822742, 1196.7357859531774, 1202.0501672240803, 1207.3645484949834, 1212.6789297658863, 1217.9933110367895, 1223.3076923076924, 1228.6220735785953, 1233.9364548494984, 1239.2508361204013, 1244.5652173913045, 1249.8795986622074, 1255.1939799331103, 1260.5083612040135, 1265.8227424749164, 1271.1371237458195, 1276.4515050167224, 1281.7658862876256, 1287.0802675585285, 1292.3946488294314, 1297.7090301003345, 1303.0234113712374, 1308.3377926421406, 1313.6521739130435, 1318.9665551839466, 1324.2809364548496, 1329.5953177257525, 1334.9096989966556, 1340.2240802675585, 1345.5384615384617, 1350.8528428093646, 1356.1672240802677, 1361.4816053511706, 1366.7959866220735, 1372.1103678929767, 1377.4247491638796, 1382.7391304347827, 1388.0535117056857, 1393.3678929765888, 1398.6822742474917, 1403.9966555183946, 1409.3110367892978, 1414.6254180602007, 1419.9397993311038, 1425.2541806020067, 1430.5685618729099, 1435.8829431438128, 1441.1973244147157, 1446.5117056856188, 1451.8260869565217, 1457.140468227425, 1462.4548494983278, 1467.769230769231, 1473.0836120401339, 1478.3979933110368, 1483.71237458194, 1489.0267558528428, 1494.341137123746, 1499.6555183946489, 1504.9698996655518, 1510.284280936455, 1515.5986622073578, 1520.913043478261, 1526.227424749164, 1531.541806020067, 1536.85618729097, 1542.1705685618729, 1547.484949832776, 1552.799331103679, 1558.113712374582, 1563.428093645485, 1568.7424749163881, 1574.056856187291, 1579.371237458194, 1584.685618729097, 1590.0], "num_solved": 100, "cmc_vals": [0.0, 0.0, 0.0, 0.0, 0.0, 0.01, 0.04, 0.08, 0.09, 0.1, 0.11, 0.12, 0.13, 0.16, 0.18, 0.18, 0.21, 0.23, 0.24, 0.25, 0.27, 0.28, 0.3, 0.34, 0.39, 0.4, 0.4, 0.4, 0.43, 0.45, 0.48, 0.52, 0.52, 0.52, 0.53, 0.56, 0.59, 0.6, 0.61, 0.63, 0.64, 0.64, 0.66, 0.66, 0.66, 0.67, 0.67, 0.67, 0.68, 0.68, 0.68, 0.68, 0.69, 0.69, 0.69, 0.69, 0.69, 0.69, 0.71, 0.71, 0.71, 0.71, 0.72, 0.72, 0.73, 0.73, 0.73, 0.74, 0.75, 0.75, 0.77, 0.77, 0.78, 0.79, 0.8, 0.81, 0.81, 0.81, 0.81, 0.81, 0.81, 0.81, 0.81, 0.81, 0.81, 0.81, 0.81, 0.81, 0.82, 0.82, 0.84, 0.84, 0.84, 0.85, 0.85, 0.85, 0.85, 0.85, 0.85, 0.85, 0.86, 0.86, 0.87, 0.87, 0.87, 0.87, 0.87, 0.88, 0.88, 0.88, 0.88, 0.88, 0.88, 0.88, 0.88, 0.88, 0.88, 0.88, 0.88, 0.88, 0.88, 0.88, 0.88, 0.88, 0.88, 0.89, 0.89, 0.89, 0.89, 0.89, 0.9, 0.91, 0.91, 0.91, 0.92, 0.92, 0.93, 0.93, 0.93, 0.93, 0.93, 0.95, 0.95, 0.95, 0.95, 0.95, 0.95, 0.95, 0.95, 0.95, 0.95, 0.95, 0.95, 0.95, 0.95, 0.95, 0.95, 0.96, 0.96, 0.96, 0.96, 0.97, 0.97, 0.97, 0.97, 0.97, 0.97, 0.97, 0.97, 0.97, 0.97, 0.97, 0.99, 0.99, 0.99, 0.99, 0.99, 0.99, 0.99, 0.99, 0.99, 0.99, 0.99, 0.99, 0.99, 0.99, 0.99, 0.99, 0.99, 0.99, 0.99, 0.99, 0.99, 0.99, 0.99, 0.99, 0.99, 0.99, 0.99, 0.99, 0.99, 0.99, 0.99, 0.99, 0.99, 0.99, 0.99, 0.99, 0.99, 0.99, 0.99, 0.99, 0.99, 0.99, 0.99, 0.99, 0.99, 0.99, 0.99, 0.99, 0.99, 0.99, 0.99, 0.99, 0.99, 0.99, 0.99, 0.99, 0.99, 0.99, 0.99, 0.99, 0.99, 0.99, 0.99, 0.99, 0.99, 0.99, 0.99, 0.99, 0.99, 0.99, 0.99, 0.99, 0.99, 0.99, 0.99, 0.99, 0.99, 0.99, 0.99, 0.99, 0.99, 0.99, 0.99, 0.99, 0.99, 0.99, 0.99, 0.99, 0.99, 0.99, 0.99, 0.99, 0.99, 0.99, 0.99, 0.99, 0.99, 0.99, 0.99, 0.99, 0.99, 0.99, 0.99, 0.99, 0.99, 0.99, 0.99, 0.99, 0.99, 0.99, 0.99, 0.99, 0.99, 0.99, 0.99, 0.99, 0.99, 0.99, 0.99, 0.99, 0.99, 0.99, 0.99, 0.99, 0.99, 0.99, 0.99, 1.0]}