{"calc_counters": [565.4], "capture": "MLSL", "cmc_iters": [1.0, 6.565217391304348, 12.130434782608695, 17.695652173913043, 23.26086956521739, 28.82608695652174, 34.391304347826086, 39.95652173913044, 45.52173913043478, 51.086956521739125, 56.65217391304348, 62.21739130434783, 67.78260869565217, 73.34782608695652, 78.91304347826087, 84.47826086956522, 90.04347826086956, 95.6086956521739, 101.17391304347825, 106.73913043478261, 112.30434782608695, 117.8695652173913, 123.43478260869566, 129.0, 134.56521739130434, 140.1304347826087, 145.69565217391303, 151.26086956521738, 156.82608695652175, 162.3913043478261, 167.95652173913044, 173.52173913043478, 179.08695652173913, 184.65217391304347, 190.2173913043478, 195.78260869565216, 201.3478260869565, 206.91304347826087, 212.47826086956522, 218.04347826086956, 223.6086956521739, 229.17391304347825, 234.7391304347826, 240.30434782608694, 245.8695652173913, 251.43478260869566, 257.0, 262.5652173913043, 268.1304347826087, 273.69565217391306, 279.2608695652174, 284.82608695652175, 290.39130434782606, 295.95652173913044, 301.52173913043475, 307.0869565217391, 312.6521739130435, 318.2173913043478, 323.7826086956522, 329.3478260869565, 334.9130434782609, 340.4782608695652, 346.04347826086956, 351.6086956521739, 357.17391304347825, 362.7391304347826, 368.30434782608694, 373.8695652173913, 379.4347826086956, 385.0, 390.5652173913043, 396.1304347826087, 401.695652173913, 407.2608695652174, 412.82608695652175, 418.39130434782606, 423.95652173913044, 429.52173913043475, 435.0869565217391, 440.65217391304344, 446.2173913043478, 451.7826086956522, 457.3478260869565, 462.9130434782609, 468.4782608695652, 474.04347826086956, 479.6086956521739, 485.17391304347825, 490.7391304347826, 496.30434782608694, 501.8695652173913, 507.4347826086956, 513.0, 518.5652173913044, 524.1304347826086, 529.695652173913, 535.2608695652174, 540.8260869565217, 546.3913043478261, 551.9565217391304, 557.5217391304348, 563.0869565217391, 568.6521739130435, 574.2173913043478, 579.7826086956521, 585.3478260869565, 590.9130434782609, 596.4782608695652, 602.0434782608695, 607.6086956521739, 613.1739130434783, 618.7391304347826, 624.304347826087, 629.8695652173913, 635.4347826086956, 641.0, 646.5652173913044, 652.1304347826086, 657.695652173913, 663.2608695652174, 668.8260869565217, 674.3913043478261, 679.9565217391304, 685.5217391304348, 691.0869565217391, 696.6521739130435, 702.2173913043478, 707.7826086956521, 713.3478260869565, 718.9130434782609, 724.4782608695652, 730.0434782608695, 735.6086956521739, 741.1739130434783, 746.7391304347826, 752.3043478260869, 757.8695652173913, 763.4347826086956, 769.0, 774.5652173913044, 780.1304347826086, 785.695652173913, 791.2608695652174, 796.8260869565217, 802.391304347826, 807.9565217391304, 813.5217391304348, 819.0869565217391, 824.6521739130435, 830.2173913043478, 835.7826086956521, 841.3478260869565, 846.9130434782609, 852.4782608695652, 858.0434782608695, 863.6086956521739, 869.1739130434783, 874.7391304347826, 880.3043478260869, 885.8695652173913, 891.4347826086956, 897.0, 902.5652173913044, 908.1304347826086, 913.695652173913, 919.2608695652174, 924.8260869565217, 930.391304347826, 935.9565217391304, 941.5217391304348, 947.0869565217391, 952.6521739130435, 958.2173913043478, 963.7826086956521, 969.3478260869565, 974.9130434782609, 980.4782608695652, 986.0434782608695, 991.6086956521739, 997.1739130434783, 1002.7391304347826, 1008.3043478260869, 1013.8695652173913, 1019.4347826086956, 1025.0, 1030.5652173913043, 1036.1304347826087, 1041.695652173913, 1047.2608695652173, 1052.8260869565217, 1058.391304347826, 1063.9565217391305, 1069.5217391304348, 1075.086956521739, 1080.6521739130435, 1086.2173913043478, 1091.7826086956522, 1097.3478260869565, 1102.9130434782608, 1108.4782608695652, 1114.0434782608695, 1119.608695652174, 1125.1739130434783, 1130.7391304347825, 1136.304347826087, 1141.8695652173913, 1147.4347826086955, 1153.0, 1158.5652173913043, 1164.1304347826087, 1169.695652173913, 1175.2608695652173, 1180.8260869565217, 1186.391304347826, 1191.9565217391305, 1197.5217391304348, 1203.086956521739, 1208.6521739130435, 1214.2173913043478, 1219.7826086956522, 1225.3478260869565, 1230.9130434782608, 1236.4782608695652, 1242.0434782608695, 1247.608695652174, 1253.1739130434783, 1258.7391304347825, 1264.304347826087, 1269.8695652173913, 1275.4347826086955, 1281.0, 1286.5652173913043, 1292.1304347826087, 1297.695652173913, 1303.2608695652173, 1308.8260869565217, 1314.391304347826, 1319.9565217391305, 1325.5217391304348, 1331.086956521739, 1336.6521739130435, 1342.2173913043478, 1347.7826086956522, 1353.3478260869565, 1358.9130434782608, 1364.4782608695652, 1370.0434782608695, 1375.6086956521738, 1381.1739130434783, 1386.7391304347825, 1392.304347826087, 1397.8695652173913, 1403.4347826086955, 1409.0, 1414.5652173913043, 1420.1304347826087, 1425.695652173913, 1431.2608695652173, 1436.8260869565217, 1442.391304347826, 1447.9565217391305, 1453.5217391304348, 1459.086956521739, 1464.6521739130435, 1470.2173913043478, 1475.7826086956522, 1481.3478260869565, 1486.9130434782608, 1492.4782608695652, 1498.0434782608695, 1503.6086956521738, 1509.1739130434783, 1514.7391304347825, 1520.304347826087, 1525.8695652173913, 1531.4347826086955, 1537.0, 1542.5652173913043, 1548.1304347826087, 1553.695652173913, 1559.2608695652173, 1564.8260869565217, 1570.391304347826, 1575.9565217391305, 1581.5217391304348, 1587.086956521739, 1592.6521739130435, 1598.2173913043478, 1603.782608695652, 1609.3478260869565, 1614.9130434782608, 1620.4782608695652, 1626.0434782608695, 1631.6086956521738, 1637.1739130434783, 1642.7391304347825, 1648.304347826087, 1653.8695652173913, 1659.4347826086955, 1665.0], "num_solved": 100, "cmc_vals": [0.0, 0.0, 0.0, 0.01, 0.02, 0.04, 0.06, 0.06, 0.09, 0.09, 0.09, 0.09, 0.09, 0.1, 0.1, 0.1, 0.1, 0.1, 0.1, 0.1, 0.1, 0.1, 0.1, 0.1, 0.1, 0.1, 0.1, 0.1, 0.1, 0.11, 0.12, 0.12, 0.12, 0.13, 0.13, 0.15, 0.16, 0.17, 0.18, 0.21, 0.21, 0.21, 0.21, 0.23, 0.23, 0.23, 0.24, 0.24, 0.25, 0.25, 0.25, 0.25, 0.25, 0.25, 0.25, 0.26, 0.26, 0.26, 0.26, 0.26, 0.26, 0.26, 0.27, 0.27, 0.27, 0.27, 0.27, 0.27, 0.27, 0.27, 0.29, 0.3, 0.3, 0.32, 0.33, 0.36, 0.36, 0.36, 0.38, 0.38, 0.39, 0.39, 0.4, 0.42, 0.43, 0.43, 0.44, 0.44, 0.44, 0.45, 0.46, 0.46, 0.46, 0.46, 0.46, 0.46, 0.46, 0.46, 0.46, 0.47, 0.48, 0.49, 0.5, 0.52, 0.53, 0.53, 0.54, 0.55, 0.55, 0.56, 0.57, 0.57, 0.59, 0.6, 0.61, 0.62, 0.62, 0.63, 0.65, 0.65, 0.65, 0.66, 0.66, 0.67, 0.67, 0.67, 0.68, 0.68, 0.68, 0.68, 0.68, 0.69, 0.7, 0.7, 0.7, 0.7, 0.71, 0.73, 0.74, 0.75, 0.75, 0.75, 0.75, 0.75, 0.75, 0.75, 0.76, 0.77, 0.77, 0.78, 0.78, 0.79, 0.79, 0.8, 0.8, 0.81, 0.82, 0.82, 0.82, 0.83, 0.83, 0.83, 0.83, 0.83, 0.83, 0.83, 0.83, 0.83, 0.85, 0.85, 0.87, 0.87, 0.88, 0.89, 0.89, 0.89, 0.89, 0.89, 0.9, 0.91, 0.91, 0.91, 0.91, 0.91, 0.92, 0.92, 0.93, 0.93, 0.94, 0.94, 0.94, 0.94, 0.94, 0.94, 0.94, 0.94, 0.94, 0.94, 0.94, 0.95, 0.95, 0.95, 0.95, 0.95, 0.95, 0.95, 0.95, 0.95, 0.95, 0.95, 0.95, 0.95, 0.96, 0.96, 0.96, 0.96, 0.96, 0.96, 0.96, 0.97, 0.97, 0.97, 0.97, 0.97, 0.97, 0.97, 0.97, 0.97, 0.97, 0.97, 0.97, 0.97, 0.98, 0.98, 0.98, 0.98, 0.98, 0.98, 0.98, 0.98, 0.98, 0.98, 0.98, 0.98, 0.98, 0.98, 0.98, 0.98, 0.98, 0.98, 0.98, 0.98, 0.98, 0.98, 0.98, 0.98, 0.99, 0.99, 0.99, 0.99, 0.99, 0.99, 0.99, 0.99, 0.99, 0.99, 0.99, 0.99, 0.99, 0.99, 0.99, 0.99, 0.99, 0.99, 0.99, 0.99, 0.99, 0.99, 0.99, 0.99, 0.99, 0.99, 0.99, 0.99, 0.99, 0.99, 0.99, 0.99, 0.99, 0.99, 0.99, 0.99, 0.99, 0.99, 0.99, 0.99, 0.99, 0.99, 0.99, 1.0]}