{"calc_counters": [556.83], "capture": "MLSL", "cmc_iters": [1.0, 6.551839464882943, 12.103678929765886, 17.65551839464883, 23.207357859531772, 28.759197324414714, 34.31103678929766, 39.8628762541806, 45.414715719063544, 50.96655518394649, 56.51839464882943, 62.070234113712374, 67.62207357859532, 73.17391304347827, 78.7257525083612, 84.27759197324414, 89.82943143812709, 95.38127090301003, 100.93311036789298, 106.48494983277591, 112.03678929765886, 117.5886287625418, 123.14046822742475, 128.69230769230768, 134.24414715719064, 139.79598662207357, 145.34782608695653, 150.89966555183946, 156.4515050167224, 162.00334448160535, 167.55518394648828, 173.10702341137124, 178.65886287625418, 184.2107023411371, 189.76254180602007, 195.314381270903, 200.86622073578596, 206.4180602006689, 211.96989966555182, 217.52173913043478, 223.0735785953177, 228.62541806020067, 234.1772575250836, 239.72909698996654, 245.2809364548495, 250.83277591973243, 256.38461538461536, 261.9364548494983, 267.4882943143813, 273.0401337792642, 278.59197324414714, 284.1438127090301, 289.69565217391306, 295.24749163879596, 300.7993311036789, 306.3511705685619, 311.9030100334448, 317.45484949832775, 323.0066889632107, 328.5585284280936, 334.11036789297657, 339.66220735785953, 345.2140468227425, 350.7658862876254, 356.31772575250835, 361.8695652173913, 367.4214046822742, 372.9732441471572, 378.52508361204013, 384.0769230769231, 389.628762541806, 395.18060200668896, 400.7324414715719, 406.2842809364548, 411.8361204013378, 417.38795986622074, 422.93979933110364, 428.4916387959866, 434.04347826086956, 439.5953177257525, 445.1471571906354, 450.6989966555184, 456.25083612040135, 461.80267558528425, 467.3545150501672, 472.90635451505017, 478.45819397993307, 484.01003344481603, 489.561872909699, 495.11371237458195, 500.66555183946485, 506.2173913043478, 511.7692307692308, 517.3210702341137, 522.8729096989966, 528.4247491638796, 533.9765886287626, 539.5284280936455, 545.0802675585284, 550.6321070234113, 556.1839464882943, 561.7357859531772, 567.2876254180602, 572.8394648829432, 578.3913043478261, 583.943143812709, 589.4949832775919, 595.0468227424749, 600.5986622073578, 606.1505016722408, 611.7023411371238, 617.2541806020067, 622.8060200668896, 628.3578595317725, 633.9096989966555, 639.4615384615385, 645.0133779264214, 650.5652173913044, 656.1170568561872, 661.6688963210702, 667.2207357859531, 672.7725752508361, 678.3244147157191, 683.876254180602, 689.428093645485, 694.9799331103678, 700.5317725752508, 706.0836120401337, 711.6354515050167, 717.1872909698997, 722.7391304347826, 728.2909698996656, 733.8428093645484, 739.3946488294314, 744.9464882943143, 750.4983277591973, 756.0501672240803, 761.6020066889632, 767.1538461538462, 772.705685618729, 778.257525083612, 783.809364548495, 789.3612040133779, 794.9130434782609, 800.4648829431438, 806.0167224080267, 811.5685618729096, 817.1204013377926, 822.6722408026756, 828.2240802675585, 833.7759197324415, 839.3277591973244, 844.8795986622073, 850.4314381270902, 855.9832775919732, 861.5351170568562, 867.0869565217391, 872.6387959866221, 878.190635451505, 883.7424749163879, 889.2943143812709, 894.8461538461538, 900.3979933110368, 905.9498327759197, 911.5016722408027, 917.0535117056857, 922.6053511705685, 928.1571906354515, 933.7090301003344, 939.2608695652174, 944.8127090301003, 950.3645484949833, 955.9163879598661, 961.4682274247491, 967.0200668896321, 972.571906354515, 978.123745819398, 983.6755852842809, 989.2274247491639, 994.7792642140467, 1000.3311036789297, 1005.8829431438127, 1011.4347826086956, 1016.9866220735786, 1022.5384615384615, 1028.0903010033444, 1033.6421404682274, 1039.1939799331103, 1044.7458193979933, 1050.2976588628762, 1055.8494983277592, 1061.4013377926422, 1066.953177257525, 1072.505016722408, 1078.056856187291, 1083.608695652174, 1089.1605351170567, 1094.7123745819397, 1100.2642140468226, 1105.8160535117056, 1111.3678929765886, 1116.9197324414715, 1122.4715719063545, 1128.0234113712374, 1133.5752508361204, 1139.1270903010034, 1144.6789297658863, 1150.2307692307693, 1155.7826086956522, 1161.334448160535, 1166.886287625418, 1172.438127090301, 1177.9899665551839, 1183.5418060200668, 1189.0936454849498, 1194.6454849498327, 1200.1973244147157, 1205.7491638795987, 1211.3010033444816, 1216.8528428093646, 1222.4046822742475, 1227.9565217391305, 1233.5083612040135, 1239.0602006688962, 1244.6120401337791, 1250.163879598662, 1255.715719063545, 1261.267558528428, 1266.819397993311, 1272.371237458194, 1277.923076923077, 1283.4749163879599, 1289.0267558528428, 1294.5785953177258, 1300.1304347826087, 1305.6822742474917, 1311.2341137123744, 1316.7859531772574, 1322.3377926421404, 1327.8896321070233, 1333.4414715719063, 1338.9933110367892, 1344.5451505016722, 1350.0969899665552, 1355.6488294314381, 1361.200668896321, 1366.752508361204, 1372.304347826087, 1377.85618729097, 1383.408026755853, 1388.9598662207356, 1394.5117056856186, 1400.0635451505016, 1405.6153846153845, 1411.1672240802675, 1416.7190635451504, 1422.2709030100334, 1427.8227424749164, 1433.3745819397993, 1438.9264214046823, 1444.4782608695652, 1450.0301003344482, 1455.5819397993312, 1461.133779264214, 1466.6856187290969, 1472.2374581939798, 1477.7892976588628, 1483.3411371237457, 1488.8929765886287, 1494.4448160535117, 1499.9966555183946, 1505.5484949832776, 1511.1003344481605, 1516.6521739130435, 1522.2040133779265, 1527.7558528428094, 1533.3076923076924, 1538.859531772575, 1544.411371237458, 1549.963210702341, 1555.515050167224, 1561.066889632107, 1566.61872909699, 1572.1705685618729, 1577.7224080267558, 1583.2742474916388, 1588.8260869565217, 1594.3779264214047, 1599.9297658862877, 1605.4816053511706, 1611.0334448160534, 1616.5852842809363, 1622.1371237458193, 1627.6889632107022, 1633.2408026755852, 1638.7926421404682, 1644.3444816053511, 1649.896321070234, 1655.448160535117, 1661.0], "num_solved": 100, "cmc_vals": [0.0, 0.0, 0.01, 0.01, 0.06, 0.08, 0.1, 0.1, 0.1, 0.1, 0.1, 0.1, 0.1, 0.1, 0.1, 0.1, 0.1, 0.1, 0.1, 0.1, 0.1, 0.1, 0.1, 0.1, 0.1, 0.1, 0.1, 0.1, 0.11, 0.13, 0.13, 0.13, 0.14, 0.15, 0.15, 0.16, 0.17, 0.17, 0.19, 0.21, 0.23, 0.23, 0.23, 0.23, 0.23, 0.24, 0.24, 0.25, 0.25, 0.25, 0.25, 0.25, 0.25, 0.25, 0.26, 0.26, 0.26, 0.26, 0.26, 0.26, 0.26, 0.26, 0.27, 0.27, 0.27, 0.28, 0.28, 0.28, 0.28, 0.28, 0.3, 0.31, 0.34, 0.35, 0.36, 0.36, 0.37, 0.37, 0.38, 0.38, 0.39, 0.4, 0.41, 0.42, 0.43, 0.43, 0.44, 0.44, 0.44, 0.46, 0.46, 0.46, 0.46, 0.46, 0.46, 0.46, 0.46, 0.46, 0.48, 0.48, 0.49, 0.5, 0.52, 0.54, 0.54, 0.55, 0.56, 0.56, 0.57, 0.57, 0.57, 0.58, 0.6, 0.61, 0.62, 0.63, 0.64, 0.65, 0.65, 0.65, 0.65, 0.66, 0.67, 0.67, 0.67, 0.68, 0.68, 0.68, 0.68, 0.68, 0.68, 0.68, 0.7, 0.72, 0.72, 0.73, 0.74, 0.74, 0.74, 0.75, 0.75, 0.76, 0.76, 0.76, 0.76, 0.76, 0.77, 0.77, 0.77, 0.78, 0.79, 0.79, 0.8, 0.8, 0.8, 0.81, 0.82, 0.83, 0.83, 0.83, 0.83, 0.83, 0.83, 0.83, 0.83, 0.83, 0.83, 0.83, 0.87, 0.87, 0.87, 0.88, 0.89, 0.89, 0.89, 0.9, 0.9, 0.9, 0.91, 0.91, 0.91, 0.92, 0.92, 0.92, 0.92, 0.93, 0.93, 0.94, 0.94, 0.94, 0.94, 0.94, 0.94, 0.94, 0.94, 0.94, 0.94, 0.94, 0.94, 0.95, 0.95, 0.95, 0.95, 0.95, 0.95, 0.95, 0.95, 0.95, 0.95, 0.95, 0.95, 0.96, 0.96, 0.96, 0.96, 0.96, 0.97, 0.97, 0.97, 0.97, 0.97, 0.97, 0.97, 0.97, 0.97, 0.97, 0.97, 0.97, 0.97, 0.97, 0.97, 0.98, 0.98, 0.98, 0.98, 0.98, 0.98, 0.98, 0.98, 0.98, 0.98, 0.98, 0.98, 0.98, 0.98, 0.98, 0.98, 0.98, 0.98, 0.98, 0.98, 0.98, 0.98, 0.98, 0.98, 0.99, 0.99, 0.99, 0.99, 0.99, 0.99, 0.99, 0.99, 0.99, 0.99, 0.99, 0.99, 0.99, 0.99, 0.99, 0.99, 0.99, 0.99, 0.99, 0.99, 0.99, 0.99, 0.99, 0.99, 0.99, 0.99, 0.99, 0.99, 0.99, 0.99, 0.99, 0.99, 0.99, 0.99, 0.99, 0.99, 0.99, 0.99, 0.99, 0.99, 0.99, 0.99, 0.99, 0.99, 1.0]}