{"calc_counters": [952.1632653061224], "capture": "Scipy DE", "cmc_iters": [1.0, 27.929765886287626, 54.85953177257525, 81.78929765886288, 108.7190635451505, 135.64882943143812, 162.57859531772576, 189.5083612040134, 216.438127090301, 243.36789297658862, 270.29765886287623, 297.2274247491639, 324.1571906354515, 351.0869565217391, 378.0167224080268, 404.9464882943144, 431.876254180602, 458.80602006688963, 485.73578595317724, 512.6655518394649, 539.5953177257525, 566.5250836120401, 593.4548494983278, 620.3846153846154, 647.314381270903, 674.2441471571907, 701.1739130434783, 728.1036789297659, 755.0334448160536, 781.9632107023411, 808.8929765886288, 835.8227424749164, 862.752508361204, 889.6822742474917, 916.6120401337793, 943.5418060200669, 970.4715719063545, 997.4013377926422, 1024.3311036789298, 1051.2608695652175, 1078.190635451505, 1105.1204013377926, 1132.0501672240803, 1158.979933110368, 1185.9096989966556, 1212.8394648829433, 1239.7692307692307, 1266.6989966555184, 1293.628762541806, 1320.5585284280937, 1347.4882943143814, 1374.4180602006688, 1401.3478260869565, 1428.2775919732442, 1455.2073578595318, 1482.1371237458195, 1509.0668896321072, 1535.9966555183946, 1562.9264214046823, 1589.85618729097, 1616.7859531772576, 1643.7157190635453, 1670.6454849498327, 1697.5752508361204, 1724.505016722408, 1751.4347826086957, 1778.3645484949834, 1805.2943143812709, 1832.2240802675585, 1859.1538461538462, 1886.0836120401339, 1913.0133779264215, 1939.943143812709, 1966.8729096989966, 1993.8026755852843, 2020.732441471572, 2047.6622073578596, 2074.591973244147, 2101.521739130435, 2128.4515050167224, 2155.38127090301, 2182.3110367892978, 2209.240802675585, 2236.170568561873, 2263.1003344481605, 2290.0301003344484, 2316.959866220736, 2343.8896321070233, 2370.819397993311, 2397.7491638795987, 2424.6789297658866, 2451.608695652174, 2478.5384615384614, 2505.4682274247493, 2532.3979933110368, 2559.3277591973247, 2586.257525083612, 2613.1872909698995, 2640.1170568561874, 2667.046822742475, 2693.976588628763, 2720.90635451505, 2747.8361204013377, 2774.7658862876256, 2801.695652173913, 2828.625418060201, 2855.5551839464883, 2882.484949832776, 2909.4147157190637, 2936.344481605351, 2963.274247491639, 2990.2040133779265, 3017.1337792642144, 3044.063545150502, 3070.9933110367892, 3097.923076923077, 3124.8528428093646, 3151.7826086956525, 3178.71237458194, 3205.6421404682274, 3232.5719063545152, 3259.5016722408027, 3286.4314381270906, 3313.361204013378, 3340.2909698996655, 3367.2207357859534, 3394.150501672241, 3421.0802675585287, 3448.010033444816, 3474.9397993311036, 3501.8695652173915, 3528.799331103679, 3555.729096989967, 3582.6588628762543, 3609.5886287625417, 3636.5183946488296, 3663.448160535117, 3690.377926421405, 3717.3076923076924, 3744.23745819398, 3771.1672240802677, 3798.096989966555, 3825.026755852843, 3851.9565217391305, 3878.886287625418, 3905.816053511706, 3932.7458193979933, 3959.675585284281, 3986.6053511705686, 4013.5351170568565, 4040.464882943144, 4067.3946488294314, 4094.3244147157193, 4121.254180602007, 4148.183946488294, 4175.113712374582, 4202.04347826087, 4228.973244147157, 4255.903010033445, 4282.832775919733, 4309.76254180602, 4336.692307692308, 4363.6220735785955, 4390.551839464883, 4417.48160535117, 4444.411371237458, 4471.341137123746, 4498.270903010033, 4525.200668896321, 4552.130434782609, 4579.060200668897, 4605.989966555184, 4632.919732441472, 4659.84949832776, 4686.779264214047, 4713.7090301003345, 4740.638795986622, 4767.568561872909, 4794.498327759197, 4821.428093645485, 4848.357859531773, 4875.28762541806, 4902.217391304348, 4929.147157190636, 4956.076923076923, 4983.006688963211, 5009.936454849499, 5036.866220735786, 5063.7959866220735, 5090.725752508361, 5117.655518394649, 5144.585284280936, 5171.515050167224, 5198.444816053512, 5225.374581939799, 5252.304347826087, 5279.234113712375, 5306.163879598663, 5333.09364548495, 5360.023411371238, 5386.953177257526, 5413.882943143813, 5440.8127090301, 5467.742474916388, 5494.672240802675, 5521.602006688963, 5548.531772575251, 5575.461538461539, 5602.391304347826, 5629.321070234114, 5656.250836120402, 5683.180602006689, 5710.110367892977, 5737.040133779265, 5763.969899665552, 5790.8996655518395, 5817.829431438127, 5844.759197324415, 5871.688963210702, 5898.61872909699, 5925.548494983278, 5952.478260869565, 5979.408026755853, 6006.337792642141, 6033.267558528429, 6060.197324414716, 6087.127090301004, 6114.0568561872915, 6140.9866220735785, 6167.916387959866, 6194.846153846154, 6221.775919732441, 6248.705685618729, 6275.635451505017, 6302.565217391305, 6329.494983277592, 6356.42474916388, 6383.354515050168, 6410.284280936455, 6437.214046822743, 6464.1438127090305, 6491.0735785953175, 6518.003344481605, 6544.933110367893, 6571.862876254181, 6598.792642140468, 6625.722408026756, 6652.652173913044, 6679.581939799331, 6706.511705685619, 6733.441471571907, 6760.371237458194, 6787.301003344482, 6814.2307692307695, 6841.160535117057, 6868.090301003344, 6895.020066889632, 6921.94983277592, 6948.879598662207, 6975.809364548495, 7002.739130434783, 7029.668896321071, 7056.598662207358, 7083.528428093646, 7110.458193979934, 7137.387959866221, 7164.3177257525085, 7191.247491638796, 7218.177257525083, 7245.107023411371, 7272.036789297659, 7298.966555183947, 7325.896321070234, 7352.826086956522, 7379.75585284281, 7406.685618729097, 7433.615384615385, 7460.545150501673, 7487.47491638796, 7514.4046822742475, 7541.334448160535, 7568.264214046823, 7595.19397993311, 7622.123745819398, 7649.053511705686, 7675.983277591973, 7702.913043478261, 7729.842809364549, 7756.772575250836, 7783.702341137124, 7810.632107023412, 7837.5618729097, 7864.491638795987, 7891.421404682274, 7918.351170568562, 7945.280936454849, 7972.210702341137, 7999.140468227425, 8026.070234113713, 8053.0], "num_solved": 98, "cmc_vals": [0.0, 0.03, 0.03, 0.03, 0.08, 0.08, 0.09, 0.1, 0.11, 0.13, 0.14, 0.16, 0.17, 0.19, 0.2, 0.21, 0.21, 0.23, 0.24, 0.25, 0.28, 0.31, 0.31, 0.33, 0.36, 0.4, 0.41, 0.42, 0.43, 0.44, 0.48, 0.48, 0.49, 0.49, 0.49, 0.51, 0.51, 0.53, 0.54, 0.55, 0.56, 0.59, 0.6, 0.63, 0.63, 0.66, 0.68, 0.69, 0.7, 0.71, 0.73, 0.74, 0.76, 0.76, 0.77, 0.77, 0.77, 0.77, 0.79, 0.8, 0.8, 0.82, 0.84, 0.85, 0.85, 0.86, 0.88, 0.88, 0.88, 0.9, 0.9, 0.91, 0.93, 0.95, 0.95, 0.95, 0.95, 0.96, 0.96, 0.96, 0.97, 0.97, 0.97, 0.97, 0.97, 0.97, 0.97, 0.97, 0.97, 0.97, 0.97, 0.97, 0.97, 0.97, 0.97, 0.97, 0.97, 0.97, 0.97, 0.97, 0.97, 0.97, 0.97, 0.97, 0.98, 0.98, 0.98, 0.98, 0.98, 0.98, 0.98, 0.98, 0.98, 0.98, 0.98, 0.98, 0.98, 0.98, 0.98, 0.98, 0.98, 0.98, 0.98, 0.98, 0.98, 0.98, 0.98, 0.98, 0.98, 0.98, 0.98, 0.98, 0.98, 0.98, 0.98, 0.98, 0.98, 0.98, 0.98, 0.98, 0.98, 0.98, 0.98, 0.98, 0.98, 0.98, 0.98, 0.98, 0.98, 0.98, 0.98, 0.98, 0.98, 0.98, 0.98, 0.98, 0.98, 0.98, 0.98, 0.98, 0.98, 0.98, 0.98, 0.98, 0.98, 0.98, 0.98, 0.98, 0.98, 0.98, 0.98, 0.98, 0.98, 0.98, 0.98, 0.98, 0.98, 0.98, 0.98, 0.98, 0.98, 0.98, 0.98, 0.98, 0.98, 0.98, 0.98, 0.98, 0.98, 0.98, 0.98, 0.98, 0.98, 0.98, 0.98, 0.98, 0.98, 0.98, 0.98, 0.98, 0.98, 0.98, 0.98, 0.98, 0.98, 0.98, 0.98, 0.98, 0.98, 0.98, 0.98, 0.98, 0.98, 0.98, 0.98, 0.98, 0.98, 0.98, 0.98, 0.98, 0.98, 0.98, 0.98, 0.98, 0.98, 0.98, 0.98, 0.98, 0.98, 0.98, 0.98, 0.98, 0.98, 0.98, 0.98, 0.98, 0.98, 0.98, 0.98, 0.98, 0.98, 0.98, 0.98, 0.98, 0.98, 0.98, 0.98, 0.98, 0.98, 0.98, 0.98, 0.98, 0.98, 0.98, 0.98, 0.98, 0.98, 0.98, 0.98, 0.98, 0.98, 0.98, 0.98, 0.98, 0.98, 0.98, 0.98, 0.98, 0.98, 0.98, 0.98, 0.98, 0.98, 0.98, 0.98, 0.98, 0.98, 0.98, 0.98, 0.98, 0.98, 0.98, 0.98, 0.98, 0.98, 0.98, 0.98, 0.98, 0.98, 0.98, 0.98, 0.98, 0.98, 0.98, 0.98, 0.98, 0.98, 0.98, 0.98, 0.98]}