{"calc_counters": [1968.9897959183672], "capture": "Scipy DE", "cmc_iters": [1.0, 16.301003344481607, 31.60200668896321, 46.903010033444815, 62.20401337792642, 77.50501672240803, 92.80602006688963, 108.10702341137124, 123.40802675585284, 138.70903010033445, 154.01003344481606, 169.31103678929767, 184.61204013377926, 199.91304347826087, 215.2140468227425, 230.51505016722408, 245.8160535117057, 261.1170568561873, 276.4180602006689, 291.7190635451505, 307.0200668896321, 322.32107023411373, 337.62207357859535, 352.9230769230769, 368.2240802675585, 383.52508361204013, 398.82608695652175, 414.12709030100336, 429.428093645485, 444.72909698996654, 460.03010033444815, 475.33110367892976, 490.6321070234114, 505.933110367893, 521.2341137123746, 536.5351170568562, 551.8361204013378, 567.1371237458194, 582.438127090301, 597.7391304347826, 613.0401337792642, 628.3411371237459, 643.6421404682275, 658.9431438127091, 674.2441471571907, 689.5451505016722, 704.8461538461538, 720.1471571906354, 735.448160535117, 750.7491638795987, 766.0501672240803, 781.3511705685619, 796.6521739130435, 811.9531772575251, 827.2541806020067, 842.5551839464883, 857.85618729097, 873.1571906354516, 888.4581939799331, 903.7591973244147, 919.0602006688963, 934.3612040133779, 949.6622073578595, 964.9632107023411, 980.2642140468228, 995.5652173913044, 1010.866220735786, 1026.1672240802675, 1041.468227424749, 1056.7692307692307, 1072.0702341137123, 1087.371237458194, 1102.6722408026756, 1117.9732441471572, 1133.2742474916388, 1148.5752508361204, 1163.876254180602, 1179.1772575250836, 1194.4782608695652, 1209.7792642140469, 1225.0802675585285, 1240.38127090301, 1255.6822742474917, 1270.9832775919733, 1286.284280936455, 1301.5852842809365, 1316.8862876254182, 1332.1872909698998, 1347.4882943143814, 1362.789297658863, 1378.0903010033444, 1393.391304347826, 1408.6923076923076, 1423.9933110367892, 1439.2943143812709, 1454.5953177257525, 1469.896321070234, 1485.1973244147157, 1500.4983277591973, 1515.799331103679, 1531.1003344481605, 1546.4013377926422, 1561.7023411371238, 1577.0033444816054, 1592.304347826087, 1607.6053511705686, 1622.9063545150502, 1638.2073578595318, 1653.5083612040135, 1668.809364548495, 1684.1103678929767, 1699.4113712374583, 1714.71237458194, 1730.0133779264215, 1745.3143812709031, 1760.6153846153848, 1775.9163879598661, 1791.2173913043478, 1806.5183946488294, 1821.819397993311, 1837.1204013377926, 1852.4214046822742, 1867.7224080267558, 1883.0234113712374, 1898.324414715719, 1913.6254180602007, 1928.9264214046823, 1944.227424749164, 1959.5284280936455, 1974.8294314381271, 1990.1304347826087, 2005.4314381270904, 2020.732441471572, 2036.0334448160536, 2051.334448160535, 2066.6354515050166, 2081.936454849498, 2097.23745819398, 2112.5384615384614, 2127.839464882943, 2143.1404682274247, 2158.4414715719063, 2173.742474916388, 2189.0434782608695, 2204.344481605351, 2219.6454849498327, 2234.9464882943143, 2250.247491638796, 2265.5484949832776, 2280.849498327759, 2296.150501672241, 2311.4515050167224, 2326.752508361204, 2342.0535117056857, 2357.3545150501673, 2372.655518394649, 2387.9565217391305, 2403.257525083612, 2418.5585284280937, 2433.8595317725753, 2449.160535117057, 2464.4615384615386, 2479.76254180602, 2495.063545150502, 2510.3645484949834, 2525.665551839465, 2540.9665551839466, 2556.2675585284283, 2571.56856187291, 2586.8695652173915, 2602.170568561873, 2617.4715719063547, 2632.7725752508363, 2648.073578595318, 2663.3745819397996, 2678.675585284281, 2693.976588628763, 2709.2775919732444, 2724.578595317726, 2739.8795986622076, 2755.180602006689, 2770.4816053511704, 2785.782608695652, 2801.0836120401336, 2816.3846153846152, 2831.685618729097, 2846.9866220735785, 2862.28762541806, 2877.5886287625417, 2892.8896321070233, 2908.190635451505, 2923.4916387959865, 2938.792642140468, 2954.09364548495, 2969.3946488294314, 2984.695652173913, 2999.9966555183946, 3015.2976588628762, 3030.598662207358, 3045.8996655518395, 3061.200668896321, 3076.5016722408027, 3091.8026755852843, 3107.103678929766, 3122.4046822742475, 3137.705685618729, 3153.0066889632108, 3168.3076923076924, 3183.608695652174, 3198.9096989966556, 3214.210702341137, 3229.511705685619, 3244.8127090301005, 3260.113712374582, 3275.4147157190637, 3290.7157190635453, 3306.016722408027, 3321.3177257525085, 3336.61872909699, 3351.9197324414718, 3367.2207357859534, 3382.521739130435, 3397.8227424749166, 3413.123745819398, 3428.42474916388, 3443.7257525083614, 3459.026755852843, 3474.3277591973247, 3489.6287625418063, 3504.929765886288, 3520.2307692307695, 3535.5317725752507, 3550.8327759197323, 3566.133779264214, 3581.4347826086955, 3596.735785953177, 3612.0367892976587, 3627.3377926421404, 3642.638795986622, 3657.9397993311036, 3673.240802675585, 3688.541806020067, 3703.8428093645484, 3719.14381270903, 3734.4448160535117, 3749.7458193979933, 3765.046822742475, 3780.3478260869565, 3795.648829431438, 3810.9498327759197, 3826.2508361204013, 3841.551839464883, 3856.8528428093646, 3872.153846153846, 3887.454849498328, 3902.7558528428094, 3918.056856187291, 3933.3578595317726, 3948.6588628762543, 3963.959866220736, 3979.2608695652175, 3994.561872909699, 4009.8628762541807, 4025.1638795986623, 4040.464882943144, 4055.7658862876256, 4071.066889632107, 4086.367892976589, 4101.66889632107, 4116.969899665552, 4132.270903010033, 4147.571906354515, 4162.872909698996, 4178.173913043478, 4193.47491638796, 4208.775919732441, 4224.076923076923, 4239.3779264214045, 4254.678929765886, 4269.979933110368, 4285.280936454849, 4300.581939799331, 4315.882943143813, 4331.183946488294, 4346.484949832776, 4361.785953177257, 4377.086956521739, 4392.387959866221, 4407.688963210702, 4422.989966555184, 4438.2909698996655, 4453.591973244147, 4468.892976588629, 4484.19397993311, 4499.494983277592, 4514.7959866220735, 4530.096989966555, 4545.397993311037, 4560.698996655518, 4576.0], "num_solved": 98, "cmc_vals": [0.0, 0.0, 0.0, 0.0, 0.0, 0.0, 0.0, 0.01, 0.01, 0.02, 0.02, 0.02, 0.02, 0.02, 0.03, 0.03, 0.03, 0.03, 0.04, 0.04, 0.04, 0.04, 0.04, 0.04, 0.04, 0.05, 0.05, 0.05, 0.05, 0.05, 0.05, 0.05, 0.05, 0.05, 0.07, 0.07, 0.07, 0.07, 0.07, 0.07, 0.09, 0.09, 0.09, 0.09, 0.11, 0.11, 0.11, 0.12, 0.12, 0.12, 0.12, 0.12, 0.12, 0.12, 0.12, 0.12, 0.12, 0.12, 0.12, 0.12, 0.12, 0.12, 0.12, 0.12, 0.12, 0.13, 0.14, 0.14, 0.14, 0.14, 0.14, 0.14, 0.14, 0.14, 0.14, 0.14, 0.15, 0.15, 0.15, 0.18, 0.19, 0.2, 0.2, 0.2, 0.2, 0.21, 0.21, 0.21, 0.23, 0.25, 0.25, 0.25, 0.26, 0.27, 0.28, 0.29, 0.29, 0.3, 0.31, 0.31, 0.32, 0.32, 0.34, 0.35, 0.36, 0.36, 0.37, 0.37, 0.37, 0.38, 0.38, 0.38, 0.38, 0.38, 0.38, 0.38, 0.38, 0.39, 0.4, 0.4, 0.41, 0.41, 0.41, 0.41, 0.42, 0.43, 0.44, 0.44, 0.44, 0.44, 0.45, 0.46, 0.46, 0.46, 0.47, 0.47, 0.49, 0.5, 0.5, 0.52, 0.52, 0.53, 0.54, 0.55, 0.55, 0.56, 0.58, 0.6, 0.6, 0.6, 0.61, 0.61, 0.61, 0.61, 0.61, 0.63, 0.64, 0.64, 0.64, 0.65, 0.66, 0.67, 0.69, 0.69, 0.69, 0.69, 0.69, 0.7, 0.71, 0.73, 0.75, 0.75, 0.75, 0.75, 0.76, 0.76, 0.76, 0.78, 0.79, 0.79, 0.8, 0.8, 0.8, 0.8, 0.82, 0.82, 0.82, 0.83, 0.83, 0.83, 0.84, 0.84, 0.85, 0.86, 0.87, 0.87, 0.87, 0.87, 0.87, 0.89, 0.89, 0.9, 0.9, 0.9, 0.9, 0.9, 0.9, 0.91, 0.93, 0.93, 0.94, 0.95, 0.95, 0.95, 0.95, 0.95, 0.95, 0.95, 0.95, 0.95, 0.95, 0.95, 0.95, 0.95, 0.95, 0.96, 0.96, 0.96, 0.97, 0.97, 0.97, 0.97, 0.97, 0.97, 0.97, 0.97, 0.97, 0.97, 0.97, 0.97, 0.97, 0.97, 0.97, 0.97, 0.97, 0.97, 0.97, 0.97, 0.97, 0.97, 0.97, 0.98, 0.98, 0.98, 0.98, 0.98, 0.98, 0.98, 0.98, 0.98, 0.98, 0.98, 0.98, 0.98, 0.98, 0.98, 0.98, 0.98, 0.98, 0.98, 0.98, 0.98, 0.98, 0.98, 0.98, 0.98, 0.98, 0.98, 0.98, 0.98, 0.98, 0.98, 0.98, 0.98, 0.98, 0.98, 0.98, 0.98, 0.98, 0.98, 0.98, 0.98, 0.98, 0.98, 0.98, 0.98, 0.98, 0.98, 0.98, 0.98]}