{"calc_counters": [356.3], "capture": "SDA", "cmc_iters": [1.0, 13.729096989966555, 26.45819397993311, 39.187290969899664, 51.91638795986622, 64.64548494983278, 77.37458193979933, 90.10367892976589, 102.83277591973244, 115.56187290969899, 128.29096989966555, 141.02006688963212, 153.74916387959865, 166.47826086956522, 179.20735785953178, 191.93645484949832, 204.66555183946488, 217.39464882943145, 230.12374581939798, 242.85284280936455, 255.5819397993311, 268.31103678929765, 281.04013377926424, 293.7692307692308, 306.4983277591973, 319.2274247491639, 331.95652173913044, 344.685618729097, 357.41471571906357, 370.1438127090301, 382.87290969899664, 395.60200668896323, 408.33110367892976, 421.0602006688963, 433.7892976588629, 446.5183946488294, 459.24749163879596, 471.97658862876256, 484.7056856187291, 497.4347826086956, 510.1638795986622, 522.8929765886288, 535.6220735785953, 548.3511705685619, 561.0802675585285, 573.809364548495, 586.5384615384615, 599.2675585284281, 611.9966555183946, 624.7257525083612, 637.4548494983278, 650.1839464882943, 662.9130434782609, 675.6421404682275, 688.371237458194, 701.1003344481605, 713.8294314381271, 726.5585284280936, 739.2876254180602, 752.0167224080268, 764.7458193979933, 777.4749163879599, 790.2040133779265, 802.9331103678929, 815.6622073578595, 828.3913043478261, 841.1204013377926, 853.8494983277592, 866.5785953177258, 879.3076923076923, 892.0367892976589, 904.7658862876254, 917.4949832775919, 930.2240802675585, 942.9531772575251, 955.6822742474916, 968.4113712374582, 981.1404682274248, 993.8695652173913, 1006.5986622073578, 1019.3277591973244, 1032.056856187291, 1044.7859531772576, 1057.515050167224, 1070.2441471571906, 1082.9732441471572, 1095.7023411371238, 1108.4314381270904, 1121.160535117057, 1133.8896321070233, 1146.61872909699, 1159.3478260869565, 1172.076923076923, 1184.8060200668897, 1197.5351170568563, 1210.2642140468226, 1222.9933110367892, 1235.7224080267558, 1248.4515050167224, 1261.180602006689, 1273.9096989966556, 1286.638795986622, 1299.3678929765886, 1312.0969899665552, 1324.8260869565217, 1337.5551839464883, 1350.284280936455, 1363.0133779264213, 1375.742474916388, 1388.4715719063545, 1401.200668896321, 1413.9297658862877, 1426.6588628762543, 1439.3879598662206, 1452.1170568561872, 1464.8461538461538, 1477.5752508361204, 1490.304347826087, 1503.0334448160536, 1515.76254180602, 1528.4916387959865, 1541.2207357859531, 1553.9498327759197, 1566.6789297658863, 1579.408026755853, 1592.1371237458193, 1604.8662207357859, 1617.5953177257525, 1630.324414715719, 1643.0535117056857, 1655.7826086956522, 1668.5117056856188, 1681.2408026755852, 1693.9698996655518, 1706.6989966555184, 1719.428093645485, 1732.1571906354516, 1744.8862876254182, 1757.6153846153845, 1770.3444816053511, 1783.0735785953177, 1795.8026755852843, 1808.531772575251, 1821.2608695652175, 1833.9899665551839, 1846.7190635451504, 1859.448160535117, 1872.1772575250836, 1884.9063545150502, 1897.6354515050168, 1910.3645484949832, 1923.0936454849498, 1935.8227424749164, 1948.551839464883, 1961.2809364548496, 1974.0100334448161, 1986.7391304347825, 1999.468227424749, 2012.1973244147157, 2024.9264214046823, 2037.6555183946489, 2050.3846153846152, 2063.113712374582, 2075.8428093645484, 2088.5719063545152, 2101.3010033444816, 2114.030100334448, 2126.759197324415, 2139.488294314381, 2152.217391304348, 2164.9464882943143, 2177.6755852842807, 2190.4046822742475, 2203.133779264214, 2215.8628762541807, 2228.591973244147, 2241.321070234114, 2254.0501672240803, 2266.7792642140466, 2279.5083612040135, 2292.23745819398, 2304.9665551839466, 2317.695652173913, 2330.4247491638794, 2343.153846153846, 2355.8829431438126, 2368.6120401337794, 2381.3411371237457, 2394.0702341137126, 2406.799331103679, 2419.5284280936453, 2432.257525083612, 2444.9866220735785, 2457.7157190635453, 2470.4448160535117, 2483.1739130434785, 2495.903010033445, 2508.632107023411, 2521.361204013378, 2534.0903010033444, 2546.819397993311, 2559.5484949832776, 2572.277591973244, 2585.0066889632108, 2597.735785953177, 2610.464882943144, 2623.1939799331103, 2635.923076923077, 2648.6521739130435, 2661.38127090301, 2674.1103678929767, 2686.839464882943, 2699.56856187291, 2712.2976588628762, 2725.0267558528426, 2737.7558528428094, 2750.484949832776, 2763.2140468227426, 2775.943143812709, 2788.672240802676, 2801.401337792642, 2814.1304347826085, 2826.8595317725753, 2839.5886287625417, 2852.3177257525085, 2865.046822742475, 2877.7759197324413, 2890.505016722408, 2903.2341137123744, 2915.9632107023413, 2928.6923076923076, 2941.4214046822744, 2954.150501672241, 2966.879598662207, 2979.608695652174, 2992.3377926421404, 3005.066889632107, 3017.7959866220735, 3030.52508361204, 3043.2541806020067, 3055.983277591973, 3068.71237458194, 3081.4414715719063, 3094.170568561873, 3106.8996655518395, 3119.628762541806, 3132.3578595317726, 3145.086956521739, 3157.816053511706, 3170.545150501672, 3183.2742474916386, 3196.0033444816054, 3208.7324414715717, 3221.4615384615386, 3234.190635451505, 3246.9197324414718, 3259.648829431438, 3272.3779264214045, 3285.1070234113713, 3297.8361204013377, 3310.5652173913045, 3323.294314381271, 3336.0234113712377, 3348.752508361204, 3361.4816053511704, 3374.210702341137, 3386.9397993311036, 3399.6688963210704, 3412.3979933110368, 3425.127090301003, 3437.85618729097, 3450.5852842809363, 3463.314381270903, 3476.0434782608695, 3488.7725752508363, 3501.5016722408027, 3514.230769230769, 3526.959866220736, 3539.6889632107022, 3552.418060200669, 3565.1471571906354, 3577.876254180602, 3590.6053511705686, 3603.334448160535, 3616.063545150502, 3628.792642140468, 3641.521739130435, 3654.2508361204013, 3666.9799331103677, 3679.7090301003345, 3692.438127090301, 3705.1672240802677, 3717.896321070234, 3730.6254180602004, 3743.3545150501673, 3756.0836120401336, 3768.8127090301005, 3781.541806020067, 3794.2709030100336, 3807.0], "num_solved": 100, "cmc_vals": [0.0, 0.0, 0.01, 0.03, 0.06, 0.12, 0.15, 0.19, 0.22, 0.27, 0.3, 0.35, 0.38, 0.42, 0.43, 0.46, 0.49, 0.54, 0.56, 0.56, 0.58, 0.58, 0.6, 0.64, 0.66, 0.68, 0.68, 0.7, 0.72, 0.73, 0.75, 0.75, 0.78, 0.81, 0.81, 0.82, 0.84, 0.84, 0.85, 0.86, 0.87, 0.88, 0.89, 0.89, 0.89, 0.89, 0.89, 0.89, 0.9, 0.91, 0.91, 0.91, 0.91, 0.91, 0.92, 0.92, 0.92, 0.93, 0.93, 0.93, 0.93, 0.93, 0.93, 0.93, 0.93, 0.93, 0.93, 0.93, 0.93, 0.94, 0.94, 0.94, 0.94, 0.94, 0.94, 0.94, 0.94, 0.94, 0.94, 0.94, 0.94, 0.94, 0.94, 0.94, 0.94, 0.94, 0.94, 0.94, 0.94, 0.94, 0.94, 0.95, 0.95, 0.95, 0.95, 0.95, 0.95, 0.95, 0.95, 0.95, 0.95, 0.95, 0.96, 0.97, 0.97, 0.97, 0.97, 0.97, 0.97, 0.97, 0.97, 0.97, 0.97, 0.97, 0.97, 0.97, 0.97, 0.97, 0.97, 0.97, 0.97, 0.97, 0.97, 0.97, 0.97, 0.97, 0.97, 0.97, 0.97, 0.97, 0.97, 0.97, 0.97, 0.97, 0.98, 0.98, 0.98, 0.98, 0.98, 0.98, 0.98, 0.98, 0.98, 0.98, 0.98, 0.98, 0.98, 0.98, 0.98, 0.98, 0.98, 0.98, 0.98, 0.98, 0.98, 0.98, 0.98, 0.98, 0.98, 0.98, 0.98, 0.98, 0.98, 0.98, 0.98, 0.98, 0.98, 0.98, 0.98, 0.98, 0.98, 0.98, 0.98, 0.98, 0.98, 0.98, 0.98, 0.98, 0.98, 0.98, 0.98, 0.98, 0.98, 0.98, 0.98, 0.98, 0.98, 0.98, 0.98, 0.98, 0.98, 0.98, 0.98, 0.98, 0.98, 0.98, 0.98, 0.98, 0.98, 0.98, 0.98, 0.98, 0.98, 0.98, 0.98, 0.98, 0.98, 0.98, 0.98, 0.98, 0.98, 0.98, 0.98, 0.98, 0.98, 0.98, 0.98, 0.98, 0.98, 0.98, 0.98, 0.98, 0.98, 0.98, 0.98, 0.98, 0.98, 0.98, 0.98, 0.98, 0.98, 0.98, 0.98, 0.98, 0.98, 0.98, 0.98, 0.98, 0.98, 0.98, 0.98, 0.98, 0.98, 0.98, 0.98, 0.98, 0.98, 0.98, 0.98, 0.98, 0.98, 0.98, 0.98, 0.98, 0.98, 0.98, 0.98, 0.98, 0.98, 0.98, 0.98, 0.98, 0.98, 0.98, 0.98, 0.98, 0.98, 0.98, 0.98, 0.98, 0.98, 0.98, 0.98, 0.98, 0.98, 0.98, 0.98, 0.98, 0.98, 0.98, 0.98, 0.98, 0.98, 0.98, 0.98, 0.98, 0.98, 0.98, 0.98, 0.98, 0.98, 0.98, 0.98, 0.98, 0.98, 0.98, 0.98, 0.99, 0.99, 1.0]}