{"calc_counters": [440.63], "capture": "Simple", "cmc_iters": [1.0, 7.1003344481605355, 13.200668896321071, 19.301003344481607, 25.401337792642142, 31.501672240802677, 37.602006688963215, 43.702341137123746, 49.802675585284284, 55.90301003344482, 62.00334448160535, 68.10367892976589, 74.20401337792643, 80.30434782608697, 86.40468227424749, 92.50501672240803, 98.60535117056857, 104.7056856187291, 110.80602006688964, 116.90635451505017, 123.0066889632107, 129.10702341137124, 135.20735785953178, 141.30769230769232, 147.40802675585286, 153.5083612040134, 159.60869565217394, 165.70903010033445, 171.80936454849498, 177.90969899665552, 184.01003344481606, 190.1103678929766, 196.21070234113714, 202.31103678929767, 208.4113712374582, 214.51170568561875, 220.6120401337793, 226.71237458193983, 232.81270903010034, 238.91304347826087, 245.0133779264214, 251.11371237458195, 257.2140468227425, 263.314381270903, 269.41471571906357, 275.5150501672241, 281.61538461538464, 287.7157190635452, 293.8160535117057, 299.91638795986626, 306.0167224080268, 312.11705685618733, 318.21739130434787, 324.3177257525084, 330.4180602006689, 336.5183946488294, 342.61872909698997, 348.7190635451505, 354.81939799331104, 360.9197324414716, 367.0200668896321, 373.12040133779266, 379.2207357859532, 385.32107023411373, 391.4214046822743, 397.5217391304348, 403.62207357859535, 409.7224080267559, 415.8227424749164, 421.92307692307696, 428.0234113712375, 434.12374581939804, 440.2240802675586, 446.3244147157191, 452.42474916387965, 458.52508361204013, 464.6254180602007, 470.7257525083612, 476.82608695652175, 482.9264214046823, 489.0267558528428, 495.12709030100336, 501.2274247491639, 507.32775919732444, 513.428093645485, 519.5284280936455, 525.628762541806, 531.7290969899666, 537.8294314381271, 543.9297658862877, 550.0301003344482, 556.1304347826087, 562.2307692307693, 568.3311036789298, 574.4314381270904, 580.5317725752509, 586.6321070234114, 592.732441471572, 598.8327759197325, 604.933110367893, 611.0334448160536, 617.1337792642141, 623.2341137123747, 629.3344481605352, 635.4347826086957, 641.5351170568563, 647.6354515050168, 653.7357859531772, 659.8361204013378, 665.9364548494983, 672.0367892976589, 678.1371237458194, 684.2374581939799, 690.3377926421405, 696.438127090301, 702.5384615384615, 708.6387959866221, 714.7391304347826, 720.8394648829432, 726.9397993311037, 733.0401337792642, 739.1404682274248, 745.2408026755853, 751.3411371237459, 757.4414715719064, 763.5418060200669, 769.6421404682275, 775.742474916388, 781.8428093645485, 787.9431438127091, 794.0434782608696, 800.1438127090302, 806.2441471571907, 812.3444816053512, 818.4448160535118, 824.5451505016723, 830.6454849498328, 836.7458193979934, 842.8461538461539, 848.9464882943145, 855.046822742475, 861.1471571906355, 867.2474916387961, 873.3478260869566, 879.4481605351172, 885.5484949832777, 891.6488294314382, 897.7491638795988, 903.8494983277593, 909.9498327759198, 916.0501672240803, 922.1505016722408, 928.2508361204013, 934.3511705685619, 940.4515050167224, 946.551839464883, 952.6521739130435, 958.752508361204, 964.8528428093646, 970.9531772575251, 977.0535117056857, 983.1538461538462, 989.2541806020067, 995.3545150501673, 1001.4548494983278, 1007.5551839464883, 1013.6555183946489, 1019.7558528428094, 1025.85618729097, 1031.9565217391305, 1038.056856187291, 1044.1571906354516, 1050.257525083612, 1056.3578595317726, 1062.4581939799332, 1068.5585284280937, 1074.6588628762543, 1080.7591973244148, 1086.8595317725753, 1092.9598662207359, 1099.0602006688964, 1105.160535117057, 1111.2608695652175, 1117.361204013378, 1123.4615384615386, 1129.561872909699, 1135.6622073578596, 1141.7625418060202, 1147.8628762541807, 1153.9632107023413, 1160.0635451505018, 1166.1638795986623, 1172.2642140468229, 1178.3645484949834, 1184.464882943144, 1190.5652173913045, 1196.665551839465, 1202.7658862876256, 1208.866220735786, 1214.9665551839466, 1221.0668896321072, 1227.1672240802677, 1233.2675585284283, 1239.3678929765888, 1245.4682274247493, 1251.5685618729099, 1257.6688963210704, 1263.769230769231, 1269.8695652173915, 1275.969899665552, 1282.0702341137126, 1288.170568561873, 1294.2709030100336, 1300.3712374581942, 1306.4715719063545, 1312.571906354515, 1318.6722408026756, 1324.772575250836, 1330.8729096989966, 1336.9732441471572, 1343.0735785953177, 1349.1739130434783, 1355.2742474916388, 1361.3745819397993, 1367.4749163879599, 1373.5752508361204, 1379.675585284281, 1385.7759197324415, 1391.876254180602, 1397.9765886287626, 1404.076923076923, 1410.1772575250836, 1416.2775919732442, 1422.3779264214047, 1428.4782608695652, 1434.5785953177258, 1440.6789297658863, 1446.7792642140469, 1452.8795986622074, 1458.979933110368, 1465.0802675585285, 1471.180602006689, 1477.2809364548496, 1483.38127090301, 1489.4816053511706, 1495.5819397993312, 1501.6822742474917, 1507.7826086956522, 1513.8829431438128, 1519.9832775919733, 1526.0836120401339, 1532.1839464882944, 1538.284280936455, 1544.3846153846155, 1550.484949832776, 1556.5852842809365, 1562.685618729097, 1568.7859531772576, 1574.8862876254182, 1580.9866220735787, 1587.0869565217392, 1593.1872909698998, 1599.2876254180603, 1605.3879598662209, 1611.4882943143814, 1617.588628762542, 1623.6889632107025, 1629.789297658863, 1635.8896321070235, 1641.989966555184, 1648.0903010033446, 1654.1906354515052, 1660.2909698996657, 1666.3913043478262, 1672.4916387959868, 1678.5919732441473, 1684.6923076923078, 1690.7926421404684, 1696.892976588629, 1702.9933110367895, 1709.09364548495, 1715.1939799331105, 1721.294314381271, 1727.3946488294316, 1733.4949832775922, 1739.5953177257527, 1745.6956521739132, 1751.7959866220738, 1757.8963210702343, 1763.9966555183948, 1770.0969899665554, 1776.197324414716, 1782.2976588628765, 1788.397993311037, 1794.4983277591975, 1800.598662207358, 1806.6989966555186, 1812.7993311036792, 1818.8996655518397, 1825.0], "num_solved": 100, "cmc_vals": [0.0, 0.0, 0.0, 0.01, 0.01, 0.01, 0.01, 0.01, 0.02, 0.03, 0.03, 0.04, 0.05, 0.05, 0.05, 0.06, 0.08, 0.1, 0.11, 0.11, 0.12, 0.15, 0.16, 0.17, 0.18, 0.18, 0.2, 0.2, 0.21, 0.23, 0.25, 0.25, 0.25, 0.27, 0.29, 0.29, 0.31, 0.31, 0.32, 0.33, 0.34, 0.34, 0.34, 0.34, 0.35, 0.35, 0.35, 0.36, 0.38, 0.4, 0.41, 0.42, 0.43, 0.44, 0.44, 0.45, 0.45, 0.46, 0.47, 0.47, 0.5, 0.51, 0.51, 0.52, 0.54, 0.54, 0.54, 0.54, 0.56, 0.56, 0.59, 0.6, 0.6, 0.6, 0.61, 0.61, 0.62, 0.62, 0.62, 0.63, 0.63, 0.66, 0.67, 0.67, 0.67, 0.68, 0.69, 0.69, 0.69, 0.69, 0.71, 0.71, 0.73, 0.74, 0.75, 0.76, 0.76, 0.76, 0.76, 0.77, 0.77, 0.77, 0.79, 0.8, 0.8, 0.8, 0.82, 0.82, 0.82, 0.82, 0.82, 0.82, 0.82, 0.82, 0.82, 0.82, 0.82, 0.83, 0.83, 0.83, 0.83, 0.84, 0.84, 0.85, 0.85, 0.85, 0.85, 0.86, 0.87, 0.87, 0.89, 0.89, 0.9, 0.9, 0.91, 0.91, 0.91, 0.91, 0.91, 0.91, 0.91, 0.91, 0.91, 0.91, 0.91, 0.91, 0.91, 0.91, 0.91, 0.92, 0.92, 0.92, 0.92, 0.92, 0.92, 0.92, 0.93, 0.93, 0.93, 0.93, 0.93, 0.94, 0.95, 0.95, 0.95, 0.95, 0.95, 0.95, 0.95, 0.95, 0.95, 0.95, 0.96, 0.96, 0.96, 0.96, 0.96, 0.96, 0.97, 0.97, 0.97, 0.97, 0.97, 0.97, 0.97, 0.97, 0.97, 0.97, 0.97, 0.97, 0.97, 0.97, 0.97, 0.97, 0.97, 0.97, 0.97, 0.97, 0.97, 0.97, 0.97, 0.97, 0.97, 0.97, 0.97, 0.97, 0.97, 0.97, 0.97, 0.97, 0.97, 0.97, 0.97, 0.97, 0.97, 0.97, 0.97, 0.97, 0.97, 0.97, 0.97, 0.97, 0.97, 0.97, 0.97, 0.97, 0.97, 0.97, 0.97, 0.97, 0.97, 0.97, 0.97, 0.97, 0.97, 0.97, 0.97, 0.97, 0.97, 0.97, 0.98, 0.98, 0.98, 0.98, 0.98, 0.98, 0.98, 0.98, 0.98, 0.98, 0.98, 0.98, 0.98, 0.98, 0.98, 0.98, 0.98, 0.98, 0.98, 0.98, 0.98, 0.98, 0.98, 0.98, 0.98, 0.98, 0.98, 0.98, 0.98, 0.98, 0.98, 0.98, 0.98, 0.98, 0.98, 0.98, 0.98, 0.98, 0.98, 0.98, 0.99, 0.99, 0.99, 0.99, 0.99, 0.99, 0.99, 0.99, 0.99, 0.99, 0.99, 0.99, 0.99, 0.99, 0.99, 0.99, 0.99, 0.99, 0.99, 1.0]}