{"calc_counters": [1086.090909090909], "capture": "StoGO", "cmc_iters": [1.0, 34.44481605351171, 67.88963210702342, 101.33444816053512, 134.77926421404683, 168.22408026755855, 201.66889632107024, 235.11371237458195, 268.55852842809367, 302.0033444816054, 335.4481605351171, 368.8929765886288, 402.33779264214047, 435.7826086956522, 469.2274247491639, 502.6722408026756, 536.1170568561873, 569.561872909699, 603.0066889632108, 636.4515050167224, 669.8963210702342, 703.3411371237459, 736.7859531772576, 770.2307692307693, 803.6755852842809, 837.1204013377927, 870.5652173913044, 904.0100334448161, 937.4548494983278, 970.8996655518396, 1004.3444816053512, 1037.789297658863, 1071.2341137123747, 1104.6789297658863, 1138.123745819398, 1171.5685618729099, 1205.0133779264215, 1238.4581939799332, 1271.9030100334448, 1305.3478260869567, 1338.7926421404684, 1372.23745819398, 1405.6822742474917, 1439.1270903010034, 1472.5719063545152, 1506.016722408027, 1539.4615384615386, 1572.9063545150502, 1606.3511705685619, 1639.7959866220738, 1673.2408026755854, 1706.685618729097, 1740.1304347826087, 1773.5752508361206, 1807.0200668896323, 1840.464882943144, 1873.9096989966556, 1907.3545150501673, 1940.7993311036792, 1974.2441471571908, 2007.6889632107025, 2041.1337792642141, 2074.578595317726, 2108.0234113712377, 2141.4682274247493, 2174.913043478261, 2208.3578595317726, 2241.8026755852843, 2275.247491638796, 2308.692307692308, 2342.1371237458197, 2375.5819397993314, 2409.026755852843, 2442.4715719063547, 2475.9163879598664, 2509.361204013378, 2542.8060200668897, 2576.2508361204013, 2609.6956521739135, 2643.140468227425, 2676.585284280937, 2710.0301003344484, 2743.47491638796, 2776.9197324414718, 2810.3645484949834, 2843.809364548495, 2877.2541806020067, 2910.698996655519, 2944.1438127090305, 2977.588628762542, 3011.033444816054, 3044.4782608695655, 3077.923076923077, 3111.367892976589, 3144.8127090301005, 3178.257525083612, 3211.7023411371238, 3245.147157190636, 3278.5919732441475, 3312.036789297659, 3345.481605351171, 3378.9264214046825, 3412.371237458194, 3445.816053511706, 3479.2608695652175, 3512.705685618729, 3546.1505016722413, 3579.595317725753, 3613.0401337792646, 3646.4849498327762, 3679.929765886288, 3713.3745819397996, 3746.819397993311, 3780.264214046823, 3813.7090301003345, 3847.1538461538466, 3880.5986622073583, 3914.04347826087, 3947.4882943143816, 3980.9331103678933, 4014.377926421405, 4047.8227424749166, 4081.2675585284283, 4114.71237458194, 4148.157190635452, 4181.602006688963, 4215.046822742475, 4248.491638795987, 4281.936454849499, 4315.381270903011, 4348.826086956522, 4382.270903010034, 4415.715719063545, 4449.160535117057, 4482.605351170569, 4516.050167224081, 4549.494983277592, 4582.939799331104, 4616.384615384616, 4649.829431438127, 4683.2742474916395, 4716.719063545151, 4750.163879598663, 4783.608695652174, 4817.053511705686, 4850.498327759197, 4883.943143812709, 4917.3879598662215, 4950.832775919733, 4984.277591973245, 5017.722408026756, 5051.167224080268, 5084.612040133779, 5118.0568561872915, 5151.501672240803, 5184.946488294315, 5218.391304347827, 5251.836120401338, 5285.28093645485, 5318.725752508361, 5352.170568561874, 5385.615384615385, 5419.060200668897, 5452.505016722408, 5485.94983277592, 5519.394648829432, 5552.8394648829435, 5586.284280936456, 5619.729096989967, 5653.173913043479, 5686.61872909699, 5720.063545150502, 5753.508361204013, 5786.953177257526, 5820.397993311038, 5853.842809364549, 5887.287625418061, 5920.732441471572, 5954.177257525084, 5987.6220735785955, 6021.066889632108, 6054.511705685619, 6087.956521739131, 6121.401337792643, 6154.846153846154, 6188.290969899666, 6221.735785953178, 6255.18060200669, 6288.625418060201, 6322.070234113713, 6355.515050167224, 6388.959866220736, 6422.4046822742475, 6455.84949832776, 6489.294314381272, 6522.739130434783, 6556.183946488295, 6589.628762541806, 6623.073578595318, 6656.51839464883, 6689.963210702342, 6723.408026755853, 6756.852842809365, 6790.297658862877, 6823.742474916388, 6857.1872909699005, 6890.632107023412, 6924.076923076924, 6957.521739130435, 6990.966555183947, 7024.411371237458, 7057.85618729097, 7091.3010033444825, 7124.745819397994, 7158.190635451506, 7191.635451505017, 7225.080267558529, 7258.52508361204, 7291.9698996655525, 7325.414715719064, 7358.859531772576, 7392.304347826088, 7425.749163879599, 7459.193979933111, 7492.638795986622, 7526.0836120401345, 7559.528428093646, 7592.973244147158, 7626.418060200669, 7659.862876254181, 7693.307692307693, 7726.7525083612045, 7760.197324414717, 7793.642140468228, 7827.08695652174, 7860.531772575251, 7893.976588628763, 7927.421404682274, 7960.866220735787, 7994.311036789299, 8027.75585284281, 8061.200668896322, 8094.645484949833, 8128.090301003345, 8161.5351170568565, 8194.979933110368, 8228.42474916388, 8261.869565217392, 8295.314381270904, 8328.759197324416, 8362.204013377926, 8395.648829431439, 8429.09364548495, 8462.538461538463, 8495.983277591973, 8529.428093645485, 8562.872909698997, 8596.31772575251, 8629.762541806022, 8663.207357859532, 8696.652173913044, 8730.096989966556, 8763.541806020068, 8796.986622073578, 8830.43143812709, 8863.876254180603, 8897.321070234115, 8930.765886287627, 8964.210702341137, 8997.65551839465, 9031.100334448161, 9064.545150501674, 9097.989966555184, 9131.434782608696, 9164.879598662208, 9198.32441471572, 9231.769230769232, 9265.214046822743, 9298.658862876255, 9332.103678929767, 9365.548494983279, 9398.99331103679, 9432.438127090301, 9465.882943143813, 9499.327759197326, 9532.772575250838, 9566.217391304348, 9599.66220735786, 9633.107023411372, 9666.551839464884, 9699.996655518395, 9733.441471571907, 9766.886287625419, 9800.331103678931, 9833.775919732443, 9867.220735785953, 9900.665551839465, 9934.110367892978, 9967.55518394649, 10001.0], "num_solved": 99, "cmc_vals": [0.0, 0.0, 0.1, 0.11, 0.15, 0.15, 0.19, 0.22, 0.26, 0.27, 0.34, 0.36, 0.36, 0.4, 0.41, 0.41, 0.44, 0.47, 0.49, 0.53, 0.53, 0.56, 0.57, 0.59, 0.59, 0.61, 0.61, 0.63, 0.64, 0.65, 0.66, 0.67, 0.69, 0.7, 0.72, 0.73, 0.73, 0.73, 0.76, 0.79, 0.8, 0.81, 0.81, 0.82, 0.82, 0.83, 0.84, 0.84, 0.84, 0.84, 0.84, 0.84, 0.84, 0.85, 0.85, 0.85, 0.86, 0.86, 0.87, 0.87, 0.87, 0.87, 0.87, 0.87, 0.87, 0.87, 0.87, 0.87, 0.87, 0.87, 0.88, 0.88, 0.88, 0.89, 0.9, 0.9, 0.91, 0.91, 0.91, 0.91, 0.91, 0.91, 0.91, 0.91, 0.91, 0.91, 0.92, 0.92, 0.92, 0.92, 0.92, 0.92, 0.92, 0.92, 0.92, 0.92, 0.92, 0.92, 0.93, 0.93, 0.93, 0.93, 0.93, 0.93, 0.93, 0.93, 0.93, 0.94, 0.94, 0.94, 0.94, 0.94, 0.94, 0.94, 0.94, 0.95, 0.95, 0.95, 0.95, 0.95, 0.95, 0.95, 0.95, 0.95, 0.95, 0.95, 0.95, 0.95, 0.95, 0.95, 0.95, 0.95, 0.95, 0.95, 0.95, 0.95, 0.95, 0.95, 0.95, 0.95, 0.95, 0.95, 0.95, 0.95, 0.95, 0.95, 0.95, 0.95, 0.95, 0.95, 0.95, 0.95, 0.95, 0.95, 0.95, 0.95, 0.95, 0.95, 0.95, 0.95, 0.95, 0.95, 0.95, 0.96, 0.96, 0.96, 0.96, 0.96, 0.96, 0.96, 0.96, 0.96, 0.96, 0.96, 0.96, 0.96, 0.96, 0.96, 0.96, 0.96, 0.96, 0.96, 0.96, 0.96, 0.96, 0.96, 0.96, 0.96, 0.97, 0.97, 0.97, 0.97, 0.97, 0.97, 0.97, 0.97, 0.97, 0.97, 0.97, 0.97, 0.97, 0.97, 0.97, 0.97, 0.97, 0.97, 0.97, 0.97, 0.97, 0.97, 0.97, 0.97, 0.97, 0.97, 0.97, 0.97, 0.97, 0.97, 0.97, 0.97, 0.97, 0.97, 0.97, 0.97, 0.97, 0.97, 0.97, 0.97, 0.97, 0.97, 0.97, 0.97, 0.97, 0.97, 0.97, 0.97, 0.97, 0.97, 0.97, 0.97, 0.97, 0.97, 0.97, 0.97, 0.97, 0.97, 0.97, 0.97, 0.97, 0.97, 0.97, 0.97, 0.97, 0.97, 0.97, 0.97, 0.97, 0.97, 0.97, 0.97, 0.97, 0.97, 0.97, 0.97, 0.97, 0.97, 0.98, 0.98, 0.98, 0.98, 0.98, 0.98, 0.98, 0.98, 0.98, 0.98, 0.98, 0.98, 0.98, 0.98, 0.98, 0.98, 0.98, 0.98, 0.98, 0.98, 0.98, 0.98, 0.99, 0.99, 0.99, 0.99, 0.99, 0.99, 0.99, 0.99, 0.99, 0.99, 0.99, 0.99]}