{"calc_counters": [1251.5222222222221], "capture": "StoGO", "cmc_iters": [1.0, 27.755852842809364, 54.51170568561873, 81.2675585284281, 108.02341137123746, 134.77926421404683, 161.5351170568562, 188.29096989966555, 215.04682274247492, 241.80267558528428, 268.55852842809367, 295.314381270903, 322.0702341137124, 348.82608695652175, 375.5819397993311, 402.33779264214047, 429.09364548494983, 455.8494983277592, 482.60535117056855, 509.3612040133779, 536.1170568561873, 562.8729096989966, 589.628762541806, 616.3846153846154, 643.1404682274248, 669.8963210702341, 696.6521739130435, 723.4080267558528, 750.1638795986622, 776.9197324414715, 803.6755852842809, 830.4314381270902, 857.1872909698997, 883.9431438127091, 910.6989966555184, 937.4548494983278, 964.2107023411371, 990.9665551839465, 1017.7224080267558, 1044.4782608695652, 1071.2341137123747, 1097.9899665551839, 1124.7458193979933, 1151.5016722408027, 1178.257525083612, 1205.0133779264213, 1231.7692307692307, 1258.5250836120401, 1285.2809364548496, 1312.036789297659, 1338.7926421404682, 1365.5484949832776, 1392.304347826087, 1419.0602006688964, 1445.8160535117056, 1472.571906354515, 1499.3277591973244, 1526.0836120401339, 1552.839464882943, 1579.5953177257525, 1606.3511705685619, 1633.1070234113713, 1659.8628762541805, 1686.61872909699, 1713.3745819397993, 1740.1304347826087, 1766.8862876254182, 1793.6421404682274, 1820.3979933110368, 1847.1538461538462, 1873.9096989966556, 1900.6655518394648, 1927.4214046822742, 1954.1772575250836, 1980.933110367893, 2007.6889632107022, 2034.4448160535117, 2061.200668896321, 2087.9565217391305, 2114.71237458194, 2141.4682274247493, 2168.2240802675587, 2194.9799331103677, 2221.735785953177, 2248.4916387959865, 2275.247491638796, 2302.0033444816054, 2328.759197324415, 2355.515050167224, 2382.2709030100336, 2409.0267558528426, 2435.782608695652, 2462.5384615384614, 2489.294314381271, 2516.0501672240803, 2542.8060200668897, 2569.561872909699, 2596.3177257525085, 2623.073578595318, 2649.829431438127, 2676.5852842809363, 2703.3411371237457, 2730.096989966555, 2756.8528428093646, 2783.608695652174, 2810.3645484949834, 2837.120401337793, 2863.876254180602, 2890.632107023411, 2917.3879598662206, 2944.14381270903, 2970.8996655518395, 2997.655518394649, 3024.4113712374583, 3051.1672240802677, 3077.923076923077, 3104.678929765886, 3131.4347826086955, 3158.190635451505, 3184.9464882943143, 3211.7023411371238, 3238.458193979933, 3265.2140468227426, 3291.969899665552, 3318.725752508361, 3345.4816053511704, 3372.23745819398, 3398.9933110367892, 3425.7491638795987, 3452.505016722408, 3479.2608695652175, 3506.016722408027, 3532.7725752508363, 3559.5284280936453, 3586.2842809364547, 3613.040133779264, 3639.7959866220735, 3666.551839464883, 3693.3076923076924, 3720.063545150502, 3746.819397993311, 3773.57525083612, 3800.3311036789296, 3827.086956521739, 3853.8428093645484, 3880.598662207358, 3907.3545150501673, 3934.1103678929767, 3960.866220735786, 3987.6220735785955, 4014.3779264214045, 4041.133779264214, 4067.8896321070233, 4094.6454849498327, 4121.401337792642, 4148.157190635451, 4174.913043478261, 4201.66889632107, 4228.42474916388, 4255.180602006689, 4281.936454849499, 4308.692307692308, 4335.4481605351175, 4362.2040133779265, 4388.959866220735, 4415.715719063545, 4442.471571906354, 4469.227424749164, 4495.983277591973, 4522.739130434783, 4549.494983277592, 4576.250836120401, 4603.006688963211, 4629.76254180602, 4656.51839464883, 4683.274247491639, 4710.030100334448, 4736.785953177257, 4763.541806020067, 4790.297658862876, 4817.053511705685, 4843.809364548495, 4870.565217391304, 4897.321070234114, 4924.076923076923, 4950.832775919733, 4977.588628762542, 5004.344481605352, 5031.1003344481605, 5057.8561872909695, 5084.612040133779, 5111.367892976588, 5138.123745819398, 5164.879598662207, 5191.635451505017, 5218.391304347826, 5245.147157190636, 5271.903010033445, 5298.658862876254, 5325.414715719064, 5352.170568561873, 5378.9264214046825, 5405.6822742474915, 5432.438127090301, 5459.19397993311, 5485.949832775919, 5512.705685618729, 5539.461538461538, 5566.217391304348, 5592.973244147157, 5619.729096989967, 5646.484949832776, 5673.240802675586, 5699.996655518395, 5726.752508361204, 5753.508361204013, 5780.264214046822, 5807.020066889632, 5833.775919732441, 5860.531772575251, 5887.28762541806, 5914.04347826087, 5940.799331103679, 5967.555183946488, 5994.311036789298, 6021.066889632107, 6047.822742474917, 6074.578595317726, 6101.334448160535, 6128.090301003344, 6154.846153846154, 6181.602006688963, 6208.357859531772, 6235.113712374582, 6261.869565217391, 6288.625418060201, 6315.38127090301, 6342.13712374582, 6368.892976588629, 6395.648829431438, 6422.4046822742475, 6449.1605351170565, 6475.916387959866, 6502.672240802675, 6529.428093645485, 6556.183946488294, 6582.939799331104, 6609.695652173913, 6636.451505016722, 6663.207357859532, 6689.963210702341, 6716.719063545151, 6743.47491638796, 6770.2307692307695, 6796.9866220735785, 6823.742474916388, 6850.498327759197, 6877.254180602006, 6904.010033444816, 6930.765886287625, 6957.521739130435, 6984.277591973244, 7011.033444816054, 7037.789297658863, 7064.545150501673, 7091.301003344482, 7118.056856187291, 7144.8127090301, 7171.568561872909, 7198.324414715719, 7225.080267558528, 7251.836120401338, 7278.591973244147, 7305.347826086957, 7332.103678929766, 7358.859531772575, 7385.615384615385, 7412.371237458194, 7439.127090301004, 7465.882943143813, 7492.638795986622, 7519.394648829431, 7546.15050167224, 7572.90635451505, 7599.662207357859, 7626.418060200669, 7653.173913043478, 7679.929765886288, 7706.685618729097, 7733.441471571907, 7760.197324414716, 7786.953177257525, 7813.7090301003345, 7840.4648829431435, 7867.220735785953, 7893.976588628762, 7920.732441471572, 7947.488294314381, 7974.244147157191, 8001.0], "num_solved": 90, "cmc_vals": [0.0, 0.02, 0.04, 0.05, 0.07, 0.1, 0.18, 0.19, 0.24, 0.24, 0.27, 0.32, 0.33, 0.39, 0.41, 0.43, 0.43, 0.45, 0.48, 0.51, 0.52, 0.52, 0.56, 0.57, 0.58, 0.58, 0.59, 0.59, 0.59, 0.59, 0.59, 0.59, 0.59, 0.6, 0.61, 0.61, 0.63, 0.63, 0.64, 0.64, 0.64, 0.65, 0.65, 0.65, 0.67, 0.67, 0.67, 0.68, 0.68, 0.68, 0.68, 0.68, 0.68, 0.68, 0.68, 0.68, 0.68, 0.68, 0.68, 0.68, 0.69, 0.69, 0.69, 0.69, 0.69, 0.69, 0.69, 0.69, 0.69, 0.69, 0.69, 0.69, 0.69, 0.69, 0.69, 0.7, 0.7, 0.71, 0.71, 0.71, 0.72, 0.73, 0.73, 0.73, 0.73, 0.73, 0.73, 0.73, 0.74, 0.74, 0.74, 0.75, 0.75, 0.75, 0.75, 0.75, 0.75, 0.75, 0.75, 0.75, 0.75, 0.75, 0.75, 0.75, 0.75, 0.75, 0.75, 0.75, 0.75, 0.75, 0.75, 0.75, 0.75, 0.75, 0.75, 0.75, 0.76, 0.76, 0.77, 0.77, 0.77, 0.77, 0.77, 0.77, 0.77, 0.77, 0.78, 0.79, 0.8, 0.8, 0.8, 0.8, 0.8, 0.8, 0.8, 0.8, 0.8, 0.8, 0.8, 0.8, 0.8, 0.8, 0.81, 0.81, 0.81, 0.81, 0.81, 0.81, 0.81, 0.81, 0.81, 0.82, 0.82, 0.82, 0.82, 0.82, 0.82, 0.82, 0.82, 0.82, 0.82, 0.83, 0.83, 0.83, 0.83, 0.84, 0.84, 0.84, 0.84, 0.84, 0.84, 0.84, 0.84, 0.84, 0.84, 0.84, 0.84, 0.84, 0.84, 0.84, 0.84, 0.84, 0.84, 0.84, 0.84, 0.84, 0.84, 0.84, 0.84, 0.84, 0.84, 0.84, 0.84, 0.85, 0.85, 0.85, 0.85, 0.85, 0.85, 0.85, 0.85, 0.86, 0.86, 0.86, 0.86, 0.86, 0.86, 0.86, 0.86, 0.86, 0.86, 0.86, 0.86, 0.86, 0.86, 0.86, 0.86, 0.86, 0.86, 0.86, 0.86, 0.86, 0.86, 0.86, 0.86, 0.86, 0.86, 0.86, 0.86, 0.86, 0.86, 0.87, 0.87, 0.87, 0.87, 0.87, 0.87, 0.87, 0.87, 0.87, 0.87, 0.87, 0.87, 0.87, 0.87, 0.87, 0.87, 0.88, 0.88, 0.88, 0.88, 0.88, 0.88, 0.88, 0.88, 0.88, 0.88, 0.88, 0.88, 0.88, 0.88, 0.88, 0.88, 0.88, 0.88, 0.88, 0.88, 0.88, 0.88, 0.88, 0.88, 0.88, 0.88, 0.89, 0.89, 0.89, 0.89, 0.89, 0.89, 0.89, 0.89, 0.89, 0.9, 0.9, 0.9, 0.9, 0.9, 0.9, 0.9, 0.9, 0.9, 0.9, 0.9, 0.9, 0.9, 0.9, 0.9, 0.9, 0.9, 0.9]}