{"calc_counters": [5821.47], "capture": "AGS", "cmc_iters": [1.0, 101.12040133779264, 201.2408026755853, 301.3612040133779, 401.4816053511706, 501.60200668896323, 601.7224080267558, 701.8428093645485, 801.9632107023411, 902.0836120401337, 1002.2040133779265, 1102.324414715719, 1202.4448160535117, 1302.5652173913043, 1402.685618729097, 1502.8060200668897, 1602.9264214046823, 1703.046822742475, 1803.1672240802675, 1903.2876254180603, 2003.408026755853, 2103.5284280936453, 2203.648829431438, 2303.769230769231, 2403.8896321070233, 2504.010033444816, 2604.1304347826085, 2704.2508361204013, 2804.371237458194, 2904.4916387959865, 3004.6120401337794, 3104.7324414715717, 3204.8528428093646, 3304.9732441471574, 3405.09364548495, 3505.2140468227426, 3605.334448160535, 3705.454849498328, 3805.5752508361206, 3905.695652173913, 4005.816053511706, 4105.936454849499, 4206.056856187291, 4306.177257525083, 4406.297658862876, 4506.418060200669, 4606.538461538462, 4706.658862876254, 4806.779264214047, 4906.8996655518395, 5007.020066889632, 5107.140468227425, 5207.260869565217, 5307.38127090301, 5407.501672240803, 5507.6220735785955, 5607.742474916388, 5707.86287625418, 5807.983277591973, 5908.103678929766, 6008.224080267559, 6108.344481605352, 6208.4648829431435, 6308.585284280936, 6408.705685618729, 6508.826086956522, 6608.946488294315, 6709.066889632107, 6809.1872909699, 6909.307692307692, 7009.428093645485, 7109.548494983278, 7209.66889632107, 7309.789297658863, 7409.909698996656, 7510.030100334448, 7610.150501672241, 7710.270903010033, 7810.391304347826, 7910.511705685619, 8010.632107023412, 8110.7525083612045, 8210.872909698997, 8310.99331103679, 8411.113712374581, 8511.234113712375, 8611.354515050167, 8711.47491638796, 8811.595317725752, 8911.715719063544, 9011.836120401338, 9111.95652173913, 9212.076923076924, 9312.197324414716, 9412.317725752508, 9512.438127090301, 9612.558528428093, 9712.678929765887, 9812.799331103679, 9912.91973244147, 10013.040133779265, 10113.160535117056, 10213.28093645485, 10313.401337792642, 10413.521739130434, 10513.642140468228, 10613.76254180602, 10713.882943143813, 10814.003344481605, 10914.123745819397, 11014.244147157191, 11114.364548494983, 11214.484949832777, 11314.605351170569, 11414.72575250836, 11514.846153846154, 11614.966555183946, 11715.08695652174, 11815.207357859532, 11915.327759197324, 12015.448160535117, 12115.56856187291, 12215.688963210703, 12315.809364548495, 12415.929765886287, 12516.05016722408, 12616.170568561873, 12716.290969899666, 12816.411371237458, 12916.53177257525, 13016.652173913044, 13116.772575250836, 13216.89297658863, 13317.013377926422, 13417.133779264213, 13517.254180602007, 13617.3745819398, 13717.494983277593, 13817.615384615385, 13917.735785953177, 14017.85618729097, 14117.976588628762, 14218.096989966556, 14318.217391304348, 14418.33779264214, 14518.458193979934, 14618.578595317726, 14718.69899665552, 14818.819397993311, 14918.939799331103, 15019.060200668897, 15119.180602006689, 15219.301003344483, 15319.421404682274, 15419.541806020066, 15519.66220735786, 15619.782608695652, 15719.903010033446, 15820.023411371238, 15920.14381270903, 16020.264214046823, 16120.384615384615, 16220.505016722409, 16320.6254180602, 16420.745819397995, 16520.866220735785, 16620.98662207358, 16721.107023411372, 16821.227424749162, 16921.347826086956, 17021.46822742475, 17121.588628762544, 17221.709030100334, 17321.829431438127, 17421.94983277592, 17522.07023411371, 17622.190635451505, 17722.3110367893, 17822.43143812709, 17922.551839464883, 18022.672240802676, 18122.79264214047, 18222.91304347826, 18323.033444816054, 18423.153846153848, 18523.274247491638, 18623.39464882943, 18723.515050167225, 18823.635451505015, 18923.75585284281, 19023.876254180603, 19123.996655518396, 19224.117056856187, 19324.23745819398, 19424.357859531774, 19524.478260869564, 19624.598662207358, 19724.71906354515, 19824.83946488294, 19924.959866220735, 20025.08026755853, 20125.200668896323, 20225.321070234113, 20325.441471571907, 20425.5618729097, 20525.68227424749, 20625.802675585284, 20725.923076923078, 20826.043478260868, 20926.163879598662, 21026.284280936456, 21126.40468227425, 21226.52508361204, 21326.645484949833, 21426.765886287627, 21526.886287625417, 21627.00668896321, 21727.127090301005, 21827.247491638795, 21927.36789297659, 22027.488294314382, 22127.608695652176, 22227.729096989966, 22327.84949832776, 22427.969899665553, 22528.090301003343, 22628.210702341137, 22728.33110367893, 22828.45150501672, 22928.571906354515, 23028.69230769231, 23128.812709030102, 23228.933110367892, 23329.053511705686, 23429.17391304348, 23529.29431438127, 23629.414715719064, 23729.535117056857, 23829.655518394648, 23929.77591973244, 24029.896321070235, 24130.01672240803, 24230.13712374582, 24330.257525083613, 24430.377926421406, 24530.498327759196, 24630.61872909699, 24730.739130434784, 24830.859531772574, 24930.979933110368, 25031.10033444816, 25131.220735785955, 25231.341137123745, 25331.46153846154, 25431.581939799333, 25531.702341137123, 25631.822742474917, 25731.94314381271, 25832.0635451505, 25932.183946488294, 26032.304347826088, 26132.424749163878, 26232.54515050167, 26332.665551839465, 26432.78595317726, 26532.90635451505, 26633.026755852843, 26733.147157190637, 26833.267558528427, 26933.38795986622, 27033.508361204014, 27133.628762541804, 27233.7491638796, 27333.869565217392, 27433.989966555186, 27534.110367892976, 27634.23076923077, 27734.351170568563, 27834.471571906353, 27934.591973244147, 28034.71237458194, 28134.83277591973, 28234.953177257525, 28335.07357859532, 28435.193979933112, 28535.314381270902, 28635.434782608696, 28735.55518394649, 28835.67558528428, 28935.795986622074, 29035.916387959867, 29136.036789297657, 29236.15719063545, 29336.277591973245, 29436.39799331104, 29536.51839464883, 29636.638795986622, 29736.759197324416, 29836.879598662206, 29937.0], "num_solved": 100, "cmc_vals": [0.0, 0.0, 0.01, 0.02, 0.03, 0.07, 0.08, 0.08, 0.08, 0.08, 0.09, 0.1, 0.11, 0.13, 0.15, 0.16, 0.16, 0.18, 0.2, 0.21, 0.24, 0.28, 0.29, 0.29, 0.3, 0.32, 0.34, 0.35, 0.35, 0.36, 0.37, 0.39, 0.45, 0.48, 0.5, 0.5, 0.5, 0.52, 0.52, 0.53, 0.55, 0.56, 0.56, 0.56, 0.56, 0.59, 0.6, 0.6, 0.62, 0.62, 0.62, 0.62, 0.62, 0.62, 0.63, 0.63, 0.63, 0.65, 0.65, 0.65, 0.65, 0.66, 0.66, 0.67, 0.67, 0.67, 0.67, 0.69, 0.69, 0.69, 0.69, 0.69, 0.69, 0.69, 0.69, 0.7, 0.71, 0.71, 0.71, 0.72, 0.73, 0.73, 0.73, 0.73, 0.73, 0.73, 0.73, 0.73, 0.74, 0.74, 0.75, 0.75, 0.75, 0.77, 0.77, 0.77, 0.78, 0.8, 0.8, 0.81, 0.81, 0.81, 0.81, 0.82, 0.82, 0.82, 0.82, 0.84, 0.84, 0.84, 0.84, 0.85, 0.85, 0.85, 0.85, 0.86, 0.87, 0.87, 0.87, 0.87, 0.88, 0.88, 0.88, 0.89, 0.9, 0.9, 0.9, 0.9, 0.92, 0.92, 0.92, 0.92, 0.92, 0.93, 0.93, 0.93, 0.94, 0.95, 0.95, 0.95, 0.95, 0.95, 0.95, 0.95, 0.95, 0.95, 0.95, 0.95, 0.95, 0.95, 0.95, 0.95, 0.95, 0.95, 0.95, 0.95, 0.95, 0.95, 0.95, 0.95, 0.95, 0.96, 0.96, 0.96, 0.96, 0.96, 0.96, 0.96, 0.96, 0.96, 0.96, 0.96, 0.96, 0.96, 0.96, 0.96, 0.96, 0.96, 0.96, 0.96, 0.96, 0.96, 0.96, 0.96, 0.96, 0.96, 0.96, 0.96, 0.96, 0.96, 0.96, 0.96, 0.96, 0.96, 0.96, 0.96, 0.96, 0.96, 0.96, 0.96, 0.96, 0.96, 0.96, 0.96, 0.96, 0.96, 0.96, 0.96, 0.96, 0.96, 0.96, 0.96, 0.96, 0.96, 0.97, 0.97, 0.97, 0.97, 0.97, 0.97, 0.97, 0.97, 0.97, 0.97, 0.97, 0.97, 0.97, 0.97, 0.97, 0.97, 0.97, 0.97, 0.97, 0.97, 0.98, 0.98, 0.98, 0.98, 0.98, 0.98, 0.98, 0.98, 0.99, 0.99, 0.99, 0.99, 0.99, 0.99, 0.99, 0.99, 0.99, 0.99, 0.99, 0.99, 0.99, 0.99, 0.99, 0.99, 0.99, 0.99, 0.99, 0.99, 0.99, 0.99, 0.99, 0.99, 0.99, 0.99, 0.99, 0.99, 0.99, 0.99, 0.99, 0.99, 0.99, 0.99, 0.99, 0.99, 0.99, 0.99, 0.99, 0.99, 0.99, 0.99, 0.99, 0.99, 0.99, 0.99, 0.99, 0.99, 0.99, 0.99, 0.99, 0.99, 0.99, 0.99, 0.99, 0.99, 0.99, 1.0]}