{"calc_counters": [62921.686046511626], "capture": "CRS", "cmc_iters": [1.0, 1171.6053511705686, 2342.210702341137, 3512.816053511706, 4683.421404682274, 5854.026755852843, 7024.632107023412, 8195.23745819398, 9365.842809364549, 10536.448160535117, 11707.053511705686, 12877.658862876255, 14048.264214046823, 15218.869565217392, 16389.47491638796, 17560.08026755853, 18730.685618729098, 19901.290969899666, 21071.896321070235, 22242.501672240804, 23413.107023411372, 24583.71237458194, 25754.31772575251, 26924.923076923078, 28095.528428093647, 29266.133779264215, 30436.739130434784, 31607.344481605352, 32777.94983277592, 33948.55518394649, 35119.16053511706, 36289.76588628763, 37460.371237458196, 38630.976588628764, 39801.58193979933, 40972.1872909699, 42142.79264214047, 43313.39799331104, 44484.00334448161, 45654.608695652176, 46825.214046822744, 47995.81939799331, 49166.42474916388, 50337.03010033445, 51507.63545150502, 52678.24080267559, 53848.846153846156, 55019.451505016725, 56190.05685618729, 57360.66220735786, 58531.26755852843, 59701.872909699, 60872.47826086957, 62043.083612040136, 63213.688963210705, 64384.29431438127, 65554.89966555184, 66725.50501672241, 67896.11036789298, 69066.71571906355, 70237.32107023412, 71407.92642140469, 72578.53177257525, 73749.13712374582, 74919.74247491639, 76090.34782608696, 77260.95317725753, 78431.5585284281, 79602.16387959867, 80772.76923076923, 81943.3745819398, 83113.97993311037, 84284.58528428094, 85455.19063545151, 86625.79598662208, 87796.40133779265, 88967.00668896321, 90137.61204013378, 91308.21739130435, 92478.82274247492, 93649.42809364549, 94820.03344481606, 95990.63879598663, 97161.2441471572, 98331.84949832776, 99502.45484949833, 100673.0602006689, 101843.66555183947, 103014.27090301004, 104184.8762541806, 105355.48160535117, 106526.08695652174, 107696.69230769231, 108867.29765886288, 110037.90301003345, 111208.50836120402, 112379.11371237459, 113549.71906354516, 114720.32441471572, 115890.92976588629, 117061.53511705686, 118232.14046822743, 119402.745819398, 120573.35117056857, 121743.95652173914, 122914.5618729097, 124085.16722408027, 125255.77257525084, 126426.37792642141, 127596.98327759198, 128767.58862876255, 129938.19397993312, 131108.79933110368, 132279.40468227427, 133450.01003344482, 134620.61538461538, 135791.22073578596, 136961.82608695654, 138132.4314381271, 139303.03678929765, 140473.64214046823, 141644.24749163882, 142814.85284280937, 143985.45819397992, 145156.0635451505, 146326.6688963211, 147497.27424749164, 148667.8795986622, 149838.48494983278, 151009.09030100337, 152179.69565217392, 153350.30100334447, 154520.90635451506, 155691.51170568564, 156862.1170568562, 158032.72240802675, 159203.32775919733, 160373.9331103679, 161544.53846153847, 162715.14381270902, 163885.7491638796, 165056.3545150502, 166226.95986622074, 167397.5652173913, 168568.17056856188, 169738.77591973246, 170909.38127090302, 172079.98662207357, 173250.59197324415, 174421.19732441474, 175591.8026755853, 176762.40802675585, 177933.01337792643, 179103.618729097, 180274.22408026757, 181444.82943143812, 182615.4347826087, 183786.0401337793, 184956.64548494984, 186127.2508361204, 187297.85618729098, 188468.46153846156, 189639.06688963211, 190809.67224080267, 191980.27759197325, 193150.88294314384, 194321.4882943144, 195492.09364548494, 196662.69899665553, 197833.3043478261, 199003.90969899666, 200174.51505016722, 201345.1204013378, 202515.72575250838, 203686.33110367894, 204856.9364548495, 206027.54180602008, 207198.14715719066, 208368.7525083612, 209539.35785953177, 210709.96321070235, 211880.56856187293, 213051.1739130435, 214221.77926421404, 215392.38461538462, 216562.9899665552, 217733.59531772576, 218904.20066889632, 220074.8060200669, 221245.41137123748, 222416.01672240804, 223586.6220735786, 224757.22742474917, 225927.83277591976, 227098.4381270903, 228269.04347826086, 229439.64882943145, 230610.25418060203, 231780.85953177258, 232951.46488294314, 234122.07023411372, 235292.6755852843, 236463.28093645486, 237633.8862876254, 238804.491638796, 239975.09698996658, 241145.70234113713, 242316.3076923077, 243486.91304347827, 244657.51839464885, 245828.1237458194, 246998.72909698996, 248169.33444816055, 249339.93979933113, 250510.54515050168, 251681.15050167224, 252851.75585284282, 254022.3612040134, 255192.96655518396, 256363.5719063545, 257534.1772575251, 258704.78260869568, 259875.38795986623, 261045.9933110368, 262216.59866220737, 263387.20401337795, 264557.80936454854, 265728.41471571906, 266899.02006688964, 268069.6254180602, 269240.23076923075, 270410.83612040133, 271581.4414715719, 272752.0468227425, 273922.6521739131, 275093.2575250836, 276263.8628762542, 277434.4682274248, 278605.0735785953, 279775.6789297659, 280946.28428093647, 282116.88963210705, 283287.49498327763, 284458.10033444816, 285628.70568561874, 286799.3110367893, 287969.91638795985, 289140.52173913043, 290311.127090301, 291481.7324414716, 292652.3377926422, 293822.9431438127, 294993.5484949833, 296164.1538461539, 297334.7591973244, 298505.364548495, 299675.96989966556, 300846.57525083615, 302017.18060200673, 303187.78595317726, 304358.39130434784, 305528.9966555184, 306699.60200668895, 307870.20735785953, 309040.8127090301, 310211.4180602007, 311382.0234113713, 312552.6287625418, 313723.2341137124, 314893.83946488297, 316064.4448160535, 317235.0501672241, 318405.65551839466, 319576.26086956525, 320746.8662207358, 321917.47157190635, 323088.07692307694, 324258.6822742475, 325429.28762541804, 326599.8929765886, 327770.4983277592, 328941.1036789298, 330111.7090301004, 331282.3143812709, 332452.9197324415, 333623.52508361207, 334794.1304347826, 335964.7357859532, 337135.34113712376, 338305.94648829434, 339476.5518394649, 340647.15719063545, 341817.76254180603, 342988.3678929766, 344158.97324414714, 345329.5785953177, 346500.1839464883, 347670.7892976589, 348841.3946488295, 350012.0], "num_solved": 86, "cmc_vals": [0.0, 0.01, 0.02, 0.04, 0.04, 0.04, 0.04, 0.04, 0.04, 0.04, 0.04, 0.04, 0.04, 0.04, 0.04, 0.04, 0.04, 0.05, 0.05, 0.06, 0.06, 0.07, 0.07, 0.07, 0.08, 0.09, 0.11, 0.11, 0.12, 0.14, 0.14, 0.14, 0.16, 0.16, 0.17, 0.18, 0.19, 0.21, 0.22, 0.23, 0.24, 0.24, 0.25, 0.28, 0.3, 0.33, 0.36, 0.39, 0.4, 0.42, 0.44, 0.44, 0.44, 0.47, 0.47, 0.47, 0.49, 0.5, 0.53, 0.56, 0.57, 0.59, 0.59, 0.6, 0.61, 0.62, 0.62, 0.63, 0.64, 0.65, 0.66, 0.67, 0.68, 0.68, 0.68, 0.69, 0.7, 0.7, 0.7, 0.72, 0.72, 0.75, 0.75, 0.76, 0.77, 0.77, 0.77, 0.79, 0.8, 0.8, 0.8, 0.8, 0.8, 0.8, 0.8, 0.8, 0.81, 0.81, 0.82, 0.82, 0.82, 0.83, 0.83, 0.83, 0.83, 0.83, 0.83, 0.83, 0.83, 0.83, 0.83, 0.83, 0.83, 0.83, 0.83, 0.83, 0.83, 0.83, 0.84, 0.84, 0.84, 0.85, 0.85, 0.85, 0.85, 0.85, 0.85, 0.85, 0.85, 0.85, 0.85, 0.85, 0.85, 0.85, 0.85, 0.85, 0.85, 0.85, 0.85, 0.85, 0.85, 0.85, 0.85, 0.85, 0.85, 0.86, 0.86, 0.86, 0.86, 0.86, 0.86, 0.86, 0.86, 0.86, 0.86, 0.86, 0.86, 0.86, 0.86, 0.86, 0.86, 0.86, 0.86, 0.86, 0.86, 0.86, 0.86, 0.86, 0.86, 0.86, 0.86, 0.86, 0.86, 0.86, 0.86, 0.86, 0.86, 0.86, 0.86, 0.86, 0.86, 0.86, 0.86, 0.86, 0.86, 0.86, 0.86, 0.86, 0.86, 0.86, 0.86, 0.86, 0.86, 0.86, 0.86, 0.86, 0.86, 0.86, 0.86, 0.86, 0.86, 0.86, 0.86, 0.86, 0.86, 0.86, 0.86, 0.86, 0.86, 0.86, 0.86, 0.86, 0.86, 0.86, 0.86, 0.86, 0.86, 0.86, 0.86, 0.86, 0.86, 0.86, 0.86, 0.86, 0.86, 0.86, 0.86, 0.86, 0.86, 0.86, 0.86, 0.86, 0.86, 0.86, 0.86, 0.86, 0.86, 0.86, 0.86, 0.86, 0.86, 0.86, 0.86, 0.86, 0.86, 0.86, 0.86, 0.86, 0.86, 0.86, 0.86, 0.86, 0.86, 0.86, 0.86, 0.86, 0.86, 0.86, 0.86, 0.86, 0.86, 0.86, 0.86, 0.86, 0.86, 0.86, 0.86, 0.86, 0.86, 0.86, 0.86, 0.86, 0.86, 0.86, 0.86, 0.86, 0.86, 0.86, 0.86, 0.86, 0.86, 0.86, 0.86, 0.86, 0.86, 0.86, 0.86, 0.86, 0.86, 0.86, 0.86, 0.86, 0.86, 0.86, 0.86, 0.86, 0.86, 0.86, 0.86, 0.86]}