{"calc_counters": [5966.13], "capture": "DIRECT", "cmc_iters": [1.0, 357.2842809364549, 713.5685618729098, 1069.8528428093646, 1426.1371237458195, 1782.4214046822744, 2138.705685618729, 2494.9899665551843, 2851.274247491639, 3207.5585284280937, 3563.842809364549, 3920.1270903010036, 4276.411371237458, 4632.695652173913, 4988.979933110369, 5345.264214046823, 5701.548494983278, 6057.832775919733, 6414.117056856187, 6770.401337792643, 7126.685618729098, 7482.9698996655525, 7839.254180602007, 8195.538461538463, 8551.822742474917, 8908.107023411372, 9264.391304347826, 9620.675585284282, 9976.959866220737, 10333.244147157191, 10689.528428093647, 11045.8127090301, 11402.096989966556, 11758.381270903012, 12114.665551839465, 12470.949832775921, 12827.234113712375, 13183.51839464883, 13539.802675585286, 13896.08695652174, 14252.371237458196, 14608.65551839465, 14964.939799331105, 15321.22408026756, 15677.508361204014, 16033.79264214047, 16390.076923076926, 16746.361204013378, 17102.645484949833, 17458.92976588629, 17815.214046822744, 18171.4983277592, 18527.782608695652, 18884.066889632108, 19240.351170568563, 19596.63545150502, 19952.919732441474, 20309.204013377926, 20665.488294314382, 21021.772575250838, 21378.056856187293, 21734.34113712375, 22090.6254180602, 22446.909698996657, 22803.193979933112, 23159.478260869568, 23515.762541806023, 23872.046822742475, 24228.33110367893, 24584.615384615387, 24940.899665551842, 25297.183946488298, 25653.46822742475, 26009.752508361205, 26366.03678929766, 26722.321070234117, 27078.605351170572, 27434.889632107024, 27791.17391304348, 28147.458193979935, 28503.74247491639, 28860.026755852847, 29216.3110367893, 29572.595317725754, 29928.87959866221, 30285.163879598666, 30641.44816053512, 30997.732441471573, 31354.01672240803, 31710.301003344484, 32066.58528428094, 32422.869565217396, 32779.15384615385, 33135.4381270903, 33491.722408026755, 33848.006688963214, 34204.29096989967, 34560.575250836126, 34916.85953177258, 35273.14381270903, 35629.42809364549, 35985.71237458194, 36341.9966555184, 36698.28093645485, 37054.565217391304, 37410.84949832776, 37767.133779264215, 38123.418060200675, 38479.70234113713, 38835.98662207358, 39192.27090301004, 39548.55518394649, 39904.83946488295, 40261.1237458194, 40617.40802675585, 40973.69230769231, 41329.976588628764, 41686.26086956522, 42042.545150501675, 42398.82943143813, 42755.11371237459, 43111.39799331104, 43467.6822742475, 43823.96655518395, 44180.2508361204, 44536.53511705686, 44892.81939799331, 45249.10367892977, 45605.387959866224, 45961.672240802676, 46317.956521739135, 46674.24080267559, 47030.52508361205, 47386.8093645485, 47743.09364548495, 48099.37792642141, 48455.66220735786, 48811.94648829432, 49168.23076923077, 49524.515050167225, 49880.799331103684, 50237.083612040136, 50593.367892976596, 50949.65217391305, 51305.9364548495, 51662.22073578596, 52018.50501672241, 52374.78929765887, 52731.07357859532, 53087.357859531774, 53443.64214046823, 53799.926421404685, 54156.210702341144, 54512.4949832776, 54868.77926421405, 55225.06354515051, 55581.34782608696, 55937.63210702342, 56293.91638795987, 56650.20066889632, 57006.48494983278, 57362.769230769234, 57719.05351170569, 58075.337792642145, 58431.6220735786, 58787.90635451506, 59144.19063545151, 59500.47491638797, 59856.75919732442, 60213.04347826087, 60569.32775919733, 60925.61204013378, 61281.89632107024, 61638.180602006694, 61994.464882943146, 62350.749163879605, 62707.03344481606, 63063.31772575252, 63419.60200668897, 63775.88628762542, 64132.17056856188, 64488.45484949833, 64844.73913043479, 65201.02341137124, 65557.3076923077, 65913.59197324415, 66269.8762541806, 66626.16053511706, 66982.44481605351, 67338.72909698998, 67695.01337792643, 68051.29765886288, 68407.58193979933, 68763.86622073578, 69120.15050167225, 69476.4347826087, 69832.71906354516, 70189.0033444816, 70545.28762541806, 70901.57190635453, 71257.85618729098, 71614.14046822743, 71970.42474916388, 72326.70903010033, 72682.9933110368, 73039.27759197325, 73395.5618729097, 73751.84615384616, 74108.13043478261, 74464.41471571907, 74820.69899665553, 75176.98327759198, 75533.26755852843, 75889.55183946488, 76245.83612040135, 76602.1204013378, 76958.40468227425, 77314.6889632107, 77670.97324414716, 78027.25752508362, 78383.54180602008, 78739.82608695653, 79096.11036789298, 79452.39464882943, 79808.6789297659, 80164.96321070235, 80521.2474916388, 80877.53177257525, 81233.8160535117, 81590.10033444817, 81946.38461538462, 82302.66889632108, 82658.95317725753, 83015.23745819398, 83371.52173913045, 83727.8060200669, 84084.09030100335, 84440.3745819398, 84796.65886287625, 85152.94314381272, 85509.22742474917, 85865.51170568563, 86221.79598662208, 86578.08026755853, 86934.364548495, 87290.64882943145, 87646.9331103679, 88003.21739130435, 88359.5016722408, 88715.78595317727, 89072.07023411372, 89428.35451505017, 89784.63879598663, 90140.92307692308, 90497.20735785954, 90853.491638796, 91209.77591973245, 91566.0602006689, 91922.34448160535, 92278.62876254182, 92634.91304347827, 92991.19732441472, 93347.48160535117, 93703.76588628763, 94060.0501672241, 94416.33444816055, 94772.618729097, 95128.90301003345, 95485.1872909699, 95841.47157190637, 96197.75585284282, 96554.04013377927, 96910.32441471572, 97266.60869565218, 97622.89297658864, 97979.1772575251, 98335.46153846155, 98691.745819398, 99048.03010033445, 99404.31438127092, 99760.59866220737, 100116.88294314382, 100473.16722408027, 100829.45150501672, 101185.73578595319, 101542.02006688964, 101898.3043478261, 102254.58862876255, 102610.872909699, 102967.15719063547, 103323.44147157192, 103679.72575250837, 104036.01003344482, 104392.29431438127, 104748.57859531774, 105104.86287625419, 105461.14715719064, 105817.4314381271, 106173.71571906355, 106530.0], "num_solved": 100, "cmc_vals": [0.0, 0.13, 0.28, 0.38, 0.46, 0.53, 0.58, 0.66, 0.69, 0.7, 0.71, 0.71, 0.71, 0.72, 0.72, 0.73, 0.75, 0.77, 0.8, 0.8, 0.81, 0.82, 0.82, 0.82, 0.82, 0.84, 0.88, 0.88, 0.88, 0.88, 0.88, 0.89, 0.89, 0.89, 0.89, 0.89, 0.91, 0.91, 0.91, 0.91, 0.91, 0.91, 0.92, 0.93, 0.93, 0.93, 0.93, 0.93, 0.93, 0.93, 0.94, 0.95, 0.95, 0.95, 0.95, 0.95, 0.95, 0.95, 0.95, 0.95, 0.95, 0.95, 0.95, 0.95, 0.95, 0.95, 0.95, 0.95, 0.95, 0.95, 0.95, 0.95, 0.95, 0.95, 0.95, 0.95, 0.95, 0.95, 0.95, 0.95, 0.95, 0.95, 0.95, 0.95, 0.95, 0.95, 0.95, 0.95, 0.95, 0.95, 0.96, 0.96, 0.96, 0.96, 0.96, 0.96, 0.96, 0.96, 0.96, 0.96, 0.96, 0.96, 0.96, 0.96, 0.96, 0.96, 0.97, 0.97, 0.97, 0.97, 0.97, 0.97, 0.97, 0.97, 0.97, 0.98, 0.98, 0.98, 0.98, 0.98, 0.98, 0.98, 0.98, 0.98, 0.98, 0.98, 0.98, 0.98, 0.98, 0.98, 0.98, 0.98, 0.98, 0.98, 0.98, 0.98, 0.98, 0.98, 0.98, 0.98, 0.98, 0.98, 0.98, 0.98, 0.98, 0.98, 0.98, 0.98, 0.98, 0.98, 0.98, 0.98, 0.98, 0.98, 0.98, 0.98, 0.98, 0.98, 0.98, 0.98, 0.98, 0.98, 0.98, 0.98, 0.98, 0.98, 0.98, 0.98, 0.98, 0.98, 0.98, 0.98, 0.98, 0.98, 0.98, 0.98, 0.98, 0.98, 0.98, 0.98, 0.98, 0.98, 0.98, 0.98, 0.98, 0.98, 0.98, 0.98, 0.98, 0.98, 0.98, 0.98, 0.98, 0.98, 0.98, 0.98, 0.98, 0.98, 0.98, 0.98, 0.98, 0.98, 0.98, 0.98, 0.98, 0.98, 0.98, 0.98, 0.98, 0.98, 0.98, 0.98, 0.99, 0.99, 0.99, 0.99, 0.99, 0.99, 0.99, 0.99, 0.99, 0.99, 0.99, 0.99, 0.99, 0.99, 0.99, 0.99, 0.99, 0.99, 0.99, 0.99, 0.99, 0.99, 0.99, 0.99, 0.99, 0.99, 0.99, 0.99, 0.99, 0.99, 0.99, 0.99, 0.99, 0.99, 0.99, 0.99, 0.99, 0.99, 0.99, 0.99, 0.99, 0.99, 0.99, 0.99, 0.99, 0.99, 0.99, 0.99, 0.99, 0.99, 0.99, 0.99, 0.99, 0.99, 0.99, 0.99, 0.99, 0.99, 0.99, 0.99, 0.99, 0.99, 0.99, 0.99, 0.99, 0.99, 0.99, 0.99, 0.99, 0.99, 0.99, 0.99, 0.99, 0.99, 0.99, 0.99, 0.99, 0.99, 0.99, 0.99, 0.99, 0.99, 0.99, 0.99, 0.99, 0.99, 0.99, 1.0]}