{"calc_counters": [10795.46], "capture": "DIRECTl", "cmc_iters": [1.0, 584.9364548494983, 1168.8729096989966, 1752.809364548495, 2336.7458193979933, 2920.6822742474915, 3504.61872909699, 4088.5551839464883, 4672.491638795987, 5256.428093645485, 5840.364548494983, 6424.301003344482, 7008.23745819398, 7592.173913043478, 8176.110367892977, 8760.046822742475, 9343.983277591973, 9927.91973244147, 10511.85618729097, 11095.792642140468, 11679.729096989966, 12263.665551839465, 12847.602006688963, 13431.538461538461, 14015.47491638796, 14599.411371237458, 15183.347826086956, 15767.284280936454, 16351.220735785953, 16935.15719063545, 17519.09364548495, 18103.030100334447, 18686.966555183946, 19270.903010033446, 19854.83946488294, 20438.77591973244, 21022.71237458194, 21606.648829431437, 22190.585284280936, 22774.521739130436, 23358.458193979932, 23942.39464882943, 24526.33110367893, 25110.267558528427, 25694.204013377926, 26278.140468227426, 26862.076923076922, 27446.01337792642, 28029.94983277592, 28613.886287625417, 29197.822742474917, 29781.759197324413, 30365.695652173912, 30949.63210702341, 31533.568561872908, 32117.505016722407, 32701.441471571907, 33285.3779264214, 33869.3143812709, 34453.2508361204, 35037.1872909699, 35621.1237458194, 36205.06020066889, 36788.99665551839, 37372.93311036789, 37956.86956521739, 38540.80602006689, 39124.742474916384, 39708.67892976588, 40292.61538461538, 40876.55183946488, 41460.48829431438, 42044.42474916388, 42628.361204013374, 43212.29765886287, 43796.23411371237, 44380.17056856187, 44964.10702341137, 45548.04347826087, 46131.979933110364, 46715.916387959864, 47299.85284280936, 47883.78929765886, 48467.72575250836, 49051.66220735786, 49635.598662207354, 50219.535117056854, 50803.47157190635, 51387.40802675585, 51971.34448160535, 52555.28093645485, 53139.217391304344, 53723.153846153844, 54307.09030100334, 54891.02675585284, 55474.96321070234, 56058.89966555184, 56642.836120401334, 57226.772575250834, 57810.70903010033, 58394.64548494983, 58978.58193979933, 59562.518394648825, 60146.454849498325, 60730.391304347824, 61314.327759197324, 61898.26421404682, 62482.20066889632, 63066.137123745815, 63650.073578595315, 64234.010033444814, 64817.946488294314, 65401.88294314381, 65985.81939799331, 66569.7558528428, 67153.69230769231, 67737.6287625418, 68321.5652173913, 68905.5016722408, 69489.4381270903, 70073.3745819398, 70657.3110367893, 71241.2474916388, 71825.1839464883, 72409.12040133779, 72993.0568561873, 73576.99331103679, 74160.92976588629, 74744.86622073578, 75328.80267558528, 75912.73913043478, 76496.67558528428, 77080.61204013378, 77664.54849498328, 78248.48494983277, 78832.42140468227, 79416.35785953177, 80000.29431438127, 80584.23076923077, 81168.16722408027, 81752.10367892977, 82336.04013377926, 82919.97658862876, 83503.91304347826, 84087.84949832776, 84671.78595317726, 85255.72240802675, 85839.65886287625, 86423.59531772575, 87007.53177257525, 87591.46822742475, 88175.40468227425, 88759.34113712375, 89343.27759197324, 89927.21404682274, 90511.15050167224, 91095.08695652174, 91679.02341137124, 92262.95986622073, 92846.89632107023, 93430.83277591973, 94014.76923076923, 94598.70568561873, 95182.64214046822, 95766.57859531773, 96350.51505016722, 96934.45150501672, 97518.38795986622, 98102.32441471572, 98686.26086956522, 99270.19732441471, 99854.13377926422, 100438.07023411371, 101022.00668896321, 101605.9431438127, 102189.8795986622, 102773.8160535117, 103357.7525083612, 103941.6889632107, 104525.6254180602, 105109.5618729097, 105693.4983277592, 106277.43478260869, 106861.3712374582, 107445.30769230769, 108029.2441471572, 108613.18060200669, 109197.11705685618, 109781.05351170569, 110364.98996655518, 110948.92642140469, 111532.86287625418, 112116.79933110368, 112700.73578595318, 113284.67224080267, 113868.60869565218, 114452.54515050167, 115036.48160535117, 115620.41806020067, 116204.35451505016, 116788.29096989967, 117372.22742474916, 117956.16387959867, 118540.10033444816, 119124.03678929765, 119707.97324414716, 120291.90969899665, 120875.84615384616, 121459.78260869565, 122043.71906354516, 122627.65551839465, 123211.59197324414, 123795.52842809365, 124379.46488294314, 124963.40133779265, 125547.33779264214, 126131.27424749163, 126715.21070234114, 127299.14715719063, 127883.08361204014, 128467.02006688963, 129050.95652173914, 129634.89297658863, 130218.82943143812, 130802.76588628763, 131386.70234113713, 131970.63879598663, 132554.57525083612, 133138.5117056856, 133722.4481605351, 134306.38461538462, 134890.32107023412, 135474.2575250836, 136058.1939799331, 136642.1304347826, 137226.06688963211, 137810.0033444816, 138393.9397993311, 138977.8762541806, 139561.81270903008, 140145.7491638796, 140729.6856187291, 141313.6220735786, 141897.55852842808, 142481.4949832776, 143065.4314381271, 143649.3678929766, 144233.30434782608, 144817.24080267557, 145401.1772575251, 145985.1137123746, 146569.05016722408, 147152.98662207357, 147736.92307692306, 148320.85953177258, 148904.79598662208, 149488.73244147157, 150072.66889632106, 150656.60535117055, 151240.54180602008, 151824.47826086957, 152408.41471571906, 152992.35117056855, 153576.28762541804, 154160.22408026757, 154744.16053511706, 155328.09698996655, 155912.03344481604, 156495.96989966554, 157079.90635451506, 157663.84280936455, 158247.77926421404, 158831.71571906353, 159415.65217391305, 159999.58862876255, 160583.52508361204, 161167.46153846153, 161751.39799331102, 162335.33444816055, 162919.27090301004, 163503.20735785953, 164087.14381270902, 164671.08026755851, 165255.01672240804, 165838.95317725753, 166422.88963210702, 167006.8260869565, 167590.762541806, 168174.69899665553, 168758.63545150502, 169342.5719063545, 169926.508361204, 170510.4448160535, 171094.38127090302, 171678.3177257525, 172262.254180602, 172846.1906354515, 173430.127090301, 174014.0635451505, 174598.0], "num_solved": 100, "cmc_vals": [0.0, 0.05, 0.2, 0.27, 0.36, 0.39, 0.45, 0.49, 0.52, 0.54, 0.57, 0.57, 0.6, 0.64, 0.68, 0.73, 0.75, 0.75, 0.75, 0.77, 0.78, 0.8, 0.81, 0.84, 0.86, 0.86, 0.87, 0.88, 0.88, 0.88, 0.89, 0.89, 0.89, 0.89, 0.91, 0.91, 0.91, 0.91, 0.92, 0.92, 0.92, 0.92, 0.92, 0.92, 0.92, 0.92, 0.92, 0.92, 0.92, 0.92, 0.92, 0.92, 0.92, 0.93, 0.94, 0.94, 0.94, 0.94, 0.94, 0.94, 0.94, 0.95, 0.95, 0.95, 0.95, 0.96, 0.96, 0.96, 0.96, 0.96, 0.96, 0.96, 0.96, 0.96, 0.96, 0.96, 0.96, 0.96, 0.96, 0.96, 0.96, 0.96, 0.96, 0.96, 0.96, 0.96, 0.96, 0.96, 0.96, 0.96, 0.96, 0.96, 0.96, 0.96, 0.97, 0.97, 0.97, 0.97, 0.97, 0.97, 0.97, 0.97, 0.97, 0.97, 0.97, 0.97, 0.97, 0.97, 0.97, 0.97, 0.97, 0.97, 0.97, 0.97, 0.97, 0.97, 0.97, 0.97, 0.97, 0.97, 0.97, 0.97, 0.97, 0.97, 0.97, 0.97, 0.97, 0.97, 0.97, 0.97, 0.98, 0.98, 0.98, 0.98, 0.98, 0.98, 0.98, 0.98, 0.98, 0.98, 0.98, 0.98, 0.98, 0.98, 0.98, 0.98, 0.98, 0.98, 0.98, 0.98, 0.98, 0.98, 0.98, 0.98, 0.98, 0.98, 0.98, 0.98, 0.98, 0.98, 0.98, 0.98, 0.98, 0.98, 0.98, 0.98, 0.98, 0.98, 0.98, 0.98, 0.98, 0.98, 0.98, 0.98, 0.98, 0.98, 0.98, 0.98, 0.98, 0.98, 0.98, 0.98, 0.98, 0.98, 0.98, 0.98, 0.98, 0.98, 0.98, 0.98, 0.98, 0.98, 0.98, 0.98, 0.98, 0.98, 0.98, 0.98, 0.98, 0.98, 0.98, 0.98, 0.98, 0.98, 0.98, 0.98, 0.98, 0.98, 0.98, 0.98, 0.98, 0.98, 0.98, 0.98, 0.98, 0.98, 0.98, 0.98, 0.98, 0.98, 0.98, 0.98, 0.98, 0.98, 0.99, 0.99, 0.99, 0.99, 0.99, 0.99, 0.99, 0.99, 0.99, 0.99, 0.99, 0.99, 0.99, 0.99, 0.99, 0.99, 0.99, 0.99, 0.99, 0.99, 0.99, 0.99, 0.99, 0.99, 0.99, 0.99, 0.99, 0.99, 0.99, 0.99, 0.99, 0.99, 0.99, 0.99, 0.99, 0.99, 0.99, 0.99, 0.99, 0.99, 0.99, 0.99, 0.99, 0.99, 0.99, 0.99, 0.99, 0.99, 0.99, 0.99, 0.99, 0.99, 0.99, 0.99, 0.99, 0.99, 0.99, 0.99, 0.99, 0.99, 0.99, 0.99, 0.99, 0.99, 0.99, 0.99, 0.99, 0.99, 0.99, 0.99, 0.99, 0.99, 0.99, 0.99, 0.99, 1.0]}