{"calc_counters": [20859.375], "capture": "Scipy DE", "cmc_iters": [1.0, 1172.9665551839464, 2344.933110367893, 3516.8996655518395, 4688.866220735786, 5860.832775919732, 7032.799331103679, 8204.765886287625, 9376.732441471571, 10548.698996655517, 11720.665551839464, 12892.63210702341, 14064.598662207358, 15236.565217391304, 16408.53177257525, 17580.498327759196, 18752.464882943143, 19924.43143812709, 21096.397993311035, 22268.36454849498, 23440.331103678927, 24612.297658862874, 25784.26421404682, 26956.230769230766, 28128.197324414716, 29300.163879598662, 30472.130434782608, 31644.096989966554, 32816.0635451505, 33988.03010033444, 35159.99665551839, 36331.963210702335, 37503.929765886285, 38675.896321070235, 39847.86287625418, 41019.82943143813, 42191.79598662207, 43363.76254180602, 44535.72909698996, 45707.69565217391, 46879.662207357855, 48051.628762541804, 49223.59531772575, 50395.5618729097, 51567.52842809364, 52739.49498327759, 53911.46153846153, 55083.42809364548, 56255.39464882943, 57427.361204013374, 58599.327759197324, 59771.294314381266, 60943.260869565216, 62115.22742474916, 63287.19397993311, 64459.16053511705, 65631.127090301, 66803.09364548494, 67975.06020066889, 69147.02675585284, 70318.99331103679, 71490.95986622073, 72662.92642140467, 73834.89297658863, 75006.85953177257, 76178.82608695651, 77350.79264214047, 78522.75919732441, 79694.72575250836, 80866.6923076923, 82038.65886287625, 83210.6254180602, 84382.59197324414, 85554.55852842808, 86726.52508361204, 87898.49163879598, 89070.45819397992, 90242.42474916387, 91414.39130434782, 92586.35785953177, 93758.32441471571, 94930.29096989967, 96102.25752508361, 97274.22408026755, 98446.1906354515, 99618.15719063545, 100790.1237458194, 101962.09030100334, 103134.05685618728, 104306.02341137124, 105477.98996655518, 106649.95652173912, 107821.92307692306, 108993.88963210702, 110165.85618729096, 111337.8227424749, 112509.78929765886, 113681.7558528428, 114853.72240802675, 116025.68896321069, 117197.65551839465, 118369.62207357859, 119541.58862876253, 120713.55518394648, 121885.52173913043, 123057.48829431437, 124229.45484949832, 125401.42140468226, 126573.38795986622, 127745.35451505016, 128917.3210702341, 130089.28762541804, 131261.254180602, 132433.22073578596, 133605.1872909699, 134777.15384615384, 135949.12040133777, 137121.08695652173, 138293.0535117057, 139465.0200668896, 140636.98662207357, 141808.95317725753, 142980.91973244146, 144152.8862876254, 145324.85284280934, 146496.8193979933, 147668.78595317726, 148840.75250836118, 150012.71906354514, 151184.6856187291, 152356.65217391303, 153528.61872909698, 154700.58528428094, 155872.55183946487, 157044.51839464883, 158216.48494983275, 159388.4515050167, 160560.41806020067, 161732.3846153846, 162904.35117056855, 164076.3177257525, 165248.28428093644, 166420.2508361204, 167592.21739130432, 168764.18394648828, 169936.15050167224, 171108.11705685616, 172280.08361204012, 173452.05016722408, 174624.016722408, 175795.98327759196, 176967.94983277592, 178139.91638795985, 179311.8829431438, 180483.84949832773, 181655.8160535117, 182827.78260869565, 183999.74916387958, 185171.71571906353, 186343.6822742475, 187515.64882943142, 188687.61538461538, 189859.58193979933, 191031.54849498326, 192203.51505016722, 193375.48160535115, 194547.4481605351, 195719.41471571906, 196891.381270903, 198063.34782608695, 199235.3143812709, 200407.28093645483, 201579.2474916388, 202751.21404682272, 203923.18060200667, 205095.14715719063, 206267.11371237456, 207439.08026755851, 208611.04682274247, 209783.0133779264, 210954.97993311036, 212126.9464882943, 213298.91304347824, 214470.8795986622, 215642.84615384613, 216814.81270903008, 217986.77926421404, 219158.74581939797, 220330.71237458193, 221502.67892976588, 222674.6454849498, 223846.61204013377, 225018.57859531773, 226190.54515050165, 227362.5117056856, 228534.47826086954, 229706.4448160535, 230878.41137123745, 232050.37792642138, 233222.34448160534, 234394.3110367893, 235566.27759197322, 236738.24414715718, 237910.2107023411, 239082.17725752507, 240254.14381270902, 241426.11036789295, 242598.0769230769, 243770.04347826086, 244942.0100334448, 246113.97658862875, 247285.9431438127, 248457.90969899663, 249629.8762541806, 250801.84280936452, 251973.80936454848, 253145.77591973243, 254317.74247491636, 255489.70903010032, 256661.67558528428, 257833.6421404682, 259005.60869565216, 260177.5752508361, 261349.54180602005, 262521.508361204, 263693.47491638793, 264865.4414715719, 266037.40802675585, 267209.3745819398, 268381.3411371237, 269553.3076923077, 270725.2742474916, 271897.24080267554, 273069.20735785953, 274241.17391304346, 275413.1404682274, 276585.1070234114, 277757.0735785953, 278929.0401337792, 280101.0066889632, 281272.97324414714, 282444.93979933107, 283616.90635451506, 284788.872909699, 285960.8394648829, 287132.8060200669, 288304.7725752508, 289476.73913043475, 290648.7056856187, 291820.67224080267, 292992.6387959866, 294164.6053511705, 295336.5719063545, 296508.53846153844, 297680.50501672237, 298852.47157190635, 300024.4381270903, 301196.4046822742, 302368.3712374582, 303540.3377926421, 304712.30434782605, 305884.27090301004, 307056.23745819397, 308228.2040133779, 309400.1705685619, 310572.1371237458, 311744.10367892974, 312916.07023411366, 314088.03678929765, 315260.0033444816, 316431.9698996655, 317603.9364548495, 318775.9030100334, 319947.86956521735, 321119.83612040133, 322291.80267558526, 323463.7692307692, 324635.7357859532, 325807.7023411371, 326979.66889632103, 328151.635451505, 329323.60200668895, 330495.5685618729, 331667.53511705686, 332839.5016722408, 334011.4682274247, 335183.43478260865, 336355.40133779263, 337527.36789297656, 338699.3344481605, 339871.3010033445, 341043.2675585284, 342215.23411371233, 343387.2006688963, 344559.16722408024, 345731.1337792642, 346903.10033444816, 348075.0668896321, 349247.033444816, 350419.0], "num_solved": 88, "cmc_vals": [0.0, 0.0, 0.01, 0.03, 0.03, 0.03, 0.04, 0.1, 0.12, 0.15, 0.2, 0.23, 0.28, 0.31, 0.36, 0.42, 0.45, 0.48, 0.52, 0.57, 0.62, 0.64, 0.64, 0.66, 0.69, 0.72, 0.75, 0.76, 0.77, 0.81, 0.81, 0.82, 0.82, 0.82, 0.82, 0.82, 0.82, 0.82, 0.82, 0.84, 0.84, 0.84, 0.84, 0.84, 0.85, 0.85, 0.85, 0.85, 0.86, 0.86, 0.86, 0.86, 0.86, 0.86, 0.86, 0.86, 0.86, 0.86, 0.87, 0.87, 0.88, 0.88, 0.88, 0.88, 0.88, 0.88, 0.88, 0.88, 0.88, 0.88, 0.88, 0.88, 0.88, 0.88, 0.88, 0.88, 0.88, 0.88, 0.88, 0.88, 0.88, 0.88, 0.88, 0.88, 0.88, 0.88, 0.88, 0.88, 0.88, 0.88, 0.88, 0.88, 0.88, 0.88, 0.88, 0.88, 0.88, 0.88, 0.88, 0.88, 0.88, 0.88, 0.88, 0.88, 0.88, 0.88, 0.88, 0.88, 0.88, 0.88, 0.88, 0.88, 0.88, 0.88, 0.88, 0.88, 0.88, 0.88, 0.88, 0.88, 0.88, 0.88, 0.88, 0.88, 0.88, 0.88, 0.88, 0.88, 0.88, 0.88, 0.88, 0.88, 0.88, 0.88, 0.88, 0.88, 0.88, 0.88, 0.88, 0.88, 0.88, 0.88, 0.88, 0.88, 0.88, 0.88, 0.88, 0.88, 0.88, 0.88, 0.88, 0.88, 0.88, 0.88, 0.88, 0.88, 0.88, 0.88, 0.88, 0.88, 0.88, 0.88, 0.88, 0.88, 0.88, 0.88, 0.88, 0.88, 0.88, 0.88, 0.88, 0.88, 0.88, 0.88, 0.88, 0.88, 0.88, 0.88, 0.88, 0.88, 0.88, 0.88, 0.88, 0.88, 0.88, 0.88, 0.88, 0.88, 0.88, 0.88, 0.88, 0.88, 0.88, 0.88, 0.88, 0.88, 0.88, 0.88, 0.88, 0.88, 0.88, 0.88, 0.88, 0.88, 0.88, 0.88, 0.88, 0.88, 0.88, 0.88, 0.88, 0.88, 0.88, 0.88, 0.88, 0.88, 0.88, 0.88, 0.88, 0.88, 0.88, 0.88, 0.88, 0.88, 0.88, 0.88, 0.88, 0.88, 0.88, 0.88, 0.88, 0.88, 0.88, 0.88, 0.88, 0.88, 0.88, 0.88, 0.88, 0.88, 0.88, 0.88, 0.88, 0.88, 0.88, 0.88, 0.88, 0.88, 0.88, 0.88, 0.88, 0.88, 0.88, 0.88, 0.88, 0.88, 0.88, 0.88, 0.88, 0.88, 0.88, 0.88, 0.88, 0.88, 0.88, 0.88, 0.88, 0.88, 0.88, 0.88, 0.88, 0.88, 0.88, 0.88, 0.88, 0.88, 0.88, 0.88, 0.88, 0.88, 0.88, 0.88, 0.88, 0.88, 0.88, 0.88, 0.88, 0.88, 0.88, 0.88, 0.88, 0.88, 0.88, 0.88, 0.88, 0.88, 0.88, 0.88, 0.88, 0.88]}