{"calc_counters": [34208.83], "capture": "SDA", "cmc_iters": [1.0, 1084.5284280936455, 2168.056856187291, 3251.5852842809363, 4335.113712374582, 5418.642140468228, 6502.170568561873, 7585.698996655518, 8669.227424749164, 9752.755852842809, 10836.284280936456, 11919.8127090301, 13003.341137123745, 14086.869565217392, 15170.397993311037, 16253.926421404683, 17337.45484949833, 18420.983277591975, 19504.511705685618, 20588.040133779265, 21671.56856187291, 22755.096989966554, 23838.6254180602, 24922.153846153848, 26005.68227424749, 27089.210702341137, 28172.739130434784, 29256.26755852843, 30339.795986622074, 31423.32441471572, 32506.852842809367, 33590.38127090301, 34673.90969899666, 35757.4381270903, 36840.96655518395, 37924.4949832776, 39008.023411371236, 40091.55183946488, 41175.08026755853, 42258.608695652176, 43342.13712374582, 44425.66555183947, 45509.19397993311, 46592.722408026755, 47676.2508361204, 48759.77926421405, 49843.307692307695, 50926.83612040134, 52010.36454849498, 53093.89297658863, 54177.421404682274, 55260.94983277592, 56344.47826086957, 57428.006688963214, 58511.53511705686, 59595.0635451505, 60678.59197324415, 61762.120401337794, 62845.64882943144, 63929.17725752509, 65012.705685618734, 66096.23411371237, 67179.76254180602, 68263.29096989967, 69346.81939799331, 70430.34782608696, 71513.8762541806, 72597.40468227425, 73680.9331103679, 74764.46153846155, 75847.9899665552, 76931.51839464883, 78015.04682274247, 79098.57525083612, 80182.10367892977, 81265.63210702341, 82349.16053511706, 83432.6889632107, 84516.21739130435, 85599.745819398, 86683.27424749164, 87766.80267558529, 88850.33110367894, 89933.85953177258, 91017.38795986622, 92100.91638795986, 93184.44481605351, 94267.97324414716, 95351.5016722408, 96435.03010033445, 97518.5585284281, 98602.08695652174, 99685.61538461539, 100769.14381270904, 101852.67224080268, 102936.20066889633, 104019.72909698996, 105103.25752508361, 106186.78595317726, 107270.3143812709, 108353.84280936455, 109437.3712374582, 110520.89966555184, 111604.42809364549, 112687.95652173914, 113771.48494983278, 114855.01337792643, 115938.54180602008, 117022.07023411372, 118105.59866220735, 119189.127090301, 120272.65551839465, 121356.1839464883, 122439.71237458194, 123523.24080267559, 124606.76923076923, 125690.29765886288, 126773.82608695653, 127857.35451505017, 128940.88294314382, 130024.41137123747, 131107.9397993311, 132191.46822742475, 133274.9966555184, 134358.52508361204, 135442.0535117057, 136525.58193979933, 137609.11036789298, 138692.63879598663, 139776.16722408027, 140859.69565217392, 141943.22408026757, 143026.7525083612, 144110.28093645486, 145193.8093645485, 146277.33779264215, 147360.8662207358, 148444.39464882945, 149527.9230769231, 150611.45150501674, 151694.9799331104, 152778.508361204, 153862.03678929765, 154945.5652173913, 156029.09364548494, 157112.6220735786, 158196.15050167224, 159279.67892976588, 160363.20735785953, 161446.73578595318, 162530.26421404682, 163613.79264214047, 164697.32107023412, 165780.84949832776, 166864.3779264214, 167947.90635451506, 169031.4347826087, 170114.96321070235, 171198.491638796, 172282.02006688964, 173365.5484949833, 174449.07692307694, 175532.60535117058, 176616.13377926423, 177699.66220735788, 178783.19063545152, 179866.71906354517, 180950.2474916388, 182033.77591973243, 183117.30434782608, 184200.83277591973, 185284.36120401337, 186367.88963210702, 187451.41806020067, 188534.9464882943, 189618.47491638796, 190702.0033444816, 191785.53177257525, 192869.0602006689, 193952.58862876255, 195036.1170568562, 196119.64548494984, 197203.1739130435, 198286.70234113713, 199370.23076923078, 200453.75919732443, 201537.28762541807, 202620.81605351172, 203704.34448160537, 204787.872909699, 205871.40133779266, 206954.9297658863, 208038.45819397992, 209121.98662207357, 210205.51505016722, 211289.04347826086, 212372.5719063545, 213456.10033444816, 214539.6287625418, 215623.15719063545, 216706.6856187291, 217790.21404682274, 218873.7424749164, 219957.27090301004, 221040.79933110368, 222124.32775919733, 223207.85618729098, 224291.38461538462, 225374.91304347827, 226458.44147157192, 227541.96989966556, 228625.4983277592, 229709.02675585286, 230792.5551839465, 231876.08361204015, 232959.6120401338, 234043.14046822744, 235126.6688963211, 236210.1973244147, 237293.72575250836, 238377.254180602, 239460.78260869565, 240544.3110367893, 241627.83946488294, 242711.3678929766, 243794.89632107023, 244878.42474916388, 245961.95317725753, 247045.48160535117, 248129.01003344482, 249212.53846153847, 250296.06688963211, 251379.59531772576, 252463.1237458194, 253546.65217391305, 254630.1806020067, 255713.70903010035, 256797.237458194, 257880.76588628764, 258964.2943143813, 260047.82274247493, 261131.35117056858, 262214.8795986622, 263298.40802675585, 264381.9364548495, 265465.46488294314, 266548.9933110368, 267632.52173913043, 268716.0501672241, 269799.5785953177, 270883.1070234114, 271966.635451505, 273050.16387959867, 274133.6923076923, 275217.22073578596, 276300.7491638796, 277384.27759197325, 278467.8060200669, 279551.33444816055, 280634.8628762542, 281718.39130434784, 282801.9197324415, 283885.44816053513, 284968.9765886288, 286052.5050167224, 287136.0334448161, 288219.5618729097, 289303.09030100337, 290386.618729097, 291470.14715719066, 292553.6755852843, 293637.20401337795, 294720.7324414716, 295804.26086956525, 296887.7892976589, 297971.31772575254, 299054.8461538462, 300138.37458193983, 301221.9030100335, 302305.4314381271, 303388.9598662208, 304472.4882943144, 305556.016722408, 306639.54515050165, 307723.0735785953, 308806.60200668895, 309890.1304347826, 310973.65886287624, 312057.1872909699, 313140.71571906353, 314224.2441471572, 315307.7725752508, 316391.3010033445, 317474.8294314381, 318558.35785953177, 319641.8862876254, 320725.41471571906, 321808.9431438127, 322892.47157190635, 323976.0], "num_solved": 100, "cmc_vals": [0.0, 0.28, 0.35, 0.35, 0.4, 0.48, 0.5, 0.53, 0.53, 0.55, 0.59, 0.59, 0.6, 0.61, 0.61, 0.62, 0.62, 0.62, 0.68, 0.68, 0.69, 0.7, 0.72, 0.72, 0.73, 0.74, 0.78, 0.78, 0.78, 0.78, 0.78, 0.79, 0.79, 0.79, 0.79, 0.79, 0.8, 0.8, 0.8, 0.8, 0.81, 0.81, 0.81, 0.81, 0.81, 0.81, 0.81, 0.81, 0.81, 0.82, 0.82, 0.83, 0.83, 0.83, 0.83, 0.83, 0.83, 0.84, 0.84, 0.84, 0.84, 0.84, 0.84, 0.84, 0.84, 0.85, 0.85, 0.85, 0.85, 0.85, 0.87, 0.88, 0.88, 0.88, 0.88, 0.88, 0.88, 0.88, 0.88, 0.88, 0.88, 0.88, 0.88, 0.88, 0.89, 0.89, 0.9, 0.9, 0.9, 0.91, 0.91, 0.91, 0.91, 0.91, 0.91, 0.91, 0.91, 0.91, 0.91, 0.91, 0.91, 0.91, 0.91, 0.91, 0.91, 0.91, 0.92, 0.92, 0.92, 0.92, 0.92, 0.92, 0.92, 0.92, 0.92, 0.92, 0.92, 0.93, 0.93, 0.93, 0.93, 0.93, 0.94, 0.94, 0.94, 0.94, 0.94, 0.94, 0.94, 0.94, 0.94, 0.94, 0.94, 0.94, 0.94, 0.94, 0.94, 0.94, 0.94, 0.94, 0.94, 0.94, 0.94, 0.94, 0.94, 0.94, 0.94, 0.94, 0.94, 0.94, 0.94, 0.94, 0.94, 0.94, 0.94, 0.94, 0.94, 0.94, 0.94, 0.94, 0.94, 0.94, 0.94, 0.94, 0.94, 0.94, 0.94, 0.94, 0.94, 0.94, 0.94, 0.94, 0.94, 0.94, 0.94, 0.94, 0.94, 0.94, 0.94, 0.94, 0.94, 0.94, 0.94, 0.94, 0.94, 0.94, 0.94, 0.94, 0.94, 0.94, 0.94, 0.94, 0.94, 0.94, 0.94, 0.94, 0.94, 0.94, 0.94, 0.94, 0.94, 0.94, 0.94, 0.94, 0.94, 0.94, 0.94, 0.94, 0.94, 0.95, 0.95, 0.95, 0.95, 0.95, 0.95, 0.95, 0.95, 0.95, 0.95, 0.95, 0.95, 0.95, 0.95, 0.95, 0.95, 0.95, 0.95, 0.95, 0.95, 0.95, 0.95, 0.95, 0.95, 0.95, 0.96, 0.97, 0.97, 0.97, 0.97, 0.97, 0.97, 0.97, 0.97, 0.97, 0.97, 0.97, 0.97, 0.97, 0.97, 0.98, 0.98, 0.98, 0.98, 0.98, 0.98, 0.98, 0.98, 0.98, 0.99, 0.99, 0.99, 0.99, 0.99, 0.99, 0.99, 0.99, 0.99, 0.99, 0.99, 0.99, 0.99, 0.99, 0.99, 0.99, 0.99, 0.99, 0.99, 0.99, 0.99, 0.99, 0.99, 0.99, 0.99, 0.99, 0.99, 0.99, 0.99, 0.99, 0.99, 0.99, 0.99, 0.99, 0.99, 0.99, 0.99, 0.99, 0.99, 0.99, 0.99, 1.0]}