{"calc_counters": [5729.82], "capture": "AGS", "cmc_iters": [1.0, 115.39799331103679, 229.79598662207357, 344.19397993311037, 458.59197324414714, 572.989966555184, 687.3879598662207, 801.7859531772575, 916.1839464882943, 1030.5819397993312, 1144.979933110368, 1259.3779264214047, 1373.7759197324415, 1488.1739130434783, 1602.571906354515, 1716.9698996655518, 1831.3678929765886, 1945.7658862876253, 2060.1638795986623, 2174.561872909699, 2288.959866220736, 2403.3578595317726, 2517.7558528428094, 2632.153846153846, 2746.551839464883, 2860.9498327759197, 2975.3478260869565, 3089.7458193979933, 3204.14381270903, 3318.541806020067, 3432.9397993311036, 3547.3377926421404, 3661.735785953177, 3776.133779264214, 3890.5317725752507, 4004.9297658862874, 4119.327759197325, 4233.725752508361, 4348.123745819398, 4462.521739130435, 4576.919732441472, 4691.3177257525085, 4805.715719063545, 4920.113712374582, 5034.511705685619, 5148.909698996656, 5263.307692307692, 5377.705685618729, 5492.103678929766, 5606.501672240803, 5720.8996655518395, 5835.297658862876, 5949.695652173913, 6064.09364548495, 6178.491638795987, 6292.889632107023, 6407.28762541806, 6521.685618729097, 6636.083612040134, 6750.48160535117, 6864.879598662207, 6979.277591973244, 7093.675585284281, 7208.0735785953175, 7322.471571906354, 7436.869565217391, 7551.267558528428, 7665.665551839465, 7780.063545150501, 7894.461538461538, 8008.859531772575, 8123.257525083612, 8237.65551839465, 8352.053511705686, 8466.451505016723, 8580.84949832776, 8695.247491638796, 8809.645484949833, 8924.04347826087, 9038.441471571907, 9152.839464882944, 9267.23745819398, 9381.635451505017, 9496.033444816054, 9610.43143812709, 9724.829431438127, 9839.227424749164, 9953.6254180602, 10068.023411371238, 10182.421404682274, 10296.819397993311, 10411.217391304348, 10525.615384615385, 10640.013377926422, 10754.411371237458, 10868.809364548495, 10983.207357859532, 11097.605351170569, 11212.003344481605, 11326.401337792642, 11440.799331103679, 11555.197324414716, 11669.595317725752, 11783.99331103679, 11898.391304347826, 12012.789297658863, 12127.1872909699, 12241.585284280936, 12355.983277591973, 12470.38127090301, 12584.779264214047, 12699.177257525083, 12813.57525083612, 12927.973244147157, 13042.371237458194, 13156.76923076923, 13271.167224080267, 13385.565217391304, 13499.96321070234, 13614.361204013378, 13728.759197324414, 13843.157190635451, 13957.555183946488, 14071.953177257525, 14186.351170568561, 14300.749163879598, 14415.147157190635, 14529.545150501672, 14643.943143812709, 14758.341137123745, 14872.739130434782, 14987.137123745819, 15101.535117056856, 15215.933110367892, 15330.33110367893, 15444.729096989966, 15559.127090301003, 15673.52508361204, 15787.923076923076, 15902.321070234113, 16016.71906354515, 16131.117056856187, 16245.515050167223, 16359.91304347826, 16474.3110367893, 16588.709030100334, 16703.107023411372, 16817.505016722407, 16931.903010033446, 17046.30100334448, 17160.69899665552, 17275.096989966554, 17389.494983277593, 17503.892976588628, 17618.290969899666, 17732.6889632107, 17847.08695652174, 17961.484949832775, 18075.882943143813, 18190.28093645485, 18304.678929765887, 18419.076923076922, 18533.47491638796, 18647.872909698995, 18762.270903010034, 18876.66889632107, 18991.066889632108, 19105.464882943143, 19219.86287625418, 19334.260869565216, 19448.658862876255, 19563.05685618729, 19677.45484949833, 19791.852842809363, 19906.2508361204, 20020.648829431437, 20135.046822742475, 20249.44481605351, 20363.84280936455, 20478.240802675584, 20592.638795986622, 20707.036789297657, 20821.434782608696, 20935.83277591973, 21050.23076923077, 21164.628762541804, 21279.026755852843, 21393.424749163878, 21507.822742474917, 21622.22073578595, 21736.61872909699, 21851.016722408025, 21965.414715719064, 22079.8127090301, 22194.210702341137, 22308.608695652172, 22423.00668896321, 22537.404682274246, 22651.802675585284, 22766.20066889632, 22880.598662207358, 22994.996655518393, 23109.39464882943, 23223.792642140466, 23338.190635451505, 23452.58862876254, 23566.98662207358, 23681.384615384613, 23795.782608695652, 23910.180602006687, 24024.578595317726, 24138.97658862876, 24253.3745819398, 24367.772575250834, 24482.170568561873, 24596.568561872908, 24710.966555183946, 24825.36454849498, 24939.76254180602, 25054.160535117055, 25168.558528428093, 25282.95652173913, 25397.354515050167, 25511.7525083612, 25626.15050167224, 25740.548494983275, 25854.946488294314, 25969.34448160535, 26083.742474916387, 26198.140468227422, 26312.53846153846, 26426.936454849496, 26541.334448160535, 26655.73244147157, 26770.130434782608, 26884.528428093643, 26998.92642140468, 27113.324414715717, 27227.722408026755, 27342.12040133779, 27456.51839464883, 27570.916387959864, 27685.314381270902, 27799.712374581937, 27914.110367892976, 28028.50836120401, 28142.90635451505, 28257.304347826084, 28371.702341137123, 28486.100334448158, 28600.498327759196, 28714.89632107023, 28829.29431438127, 28943.692307692305, 29058.090301003343, 29172.48829431438, 29286.886287625417, 29401.284280936456, 29515.68227424749, 29630.08026755853, 29744.478260869564, 29858.876254180603, 29973.274247491638, 30087.672240802676, 30202.07023411371, 30316.46822742475, 30430.866220735785, 30545.264214046823, 30659.66220735786, 30774.060200668897, 30888.458193979932, 31002.85618729097, 31117.254180602005, 31231.652173913044, 31346.05016722408, 31460.448160535117, 31574.846153846152, 31689.24414715719, 31803.642140468226, 31918.040133779265, 32032.4381270903, 32146.836120401338, 32261.234113712373, 32375.63210702341, 32490.030100334447, 32604.428093645485, 32718.82608695652, 32833.22408026756, 32947.6220735786, 33062.02006688963, 33176.41806020067, 33290.816053511706, 33405.214046822744, 33519.612040133776, 33634.010033444814, 33748.40802675585, 33862.80602006689, 33977.20401337792, 34091.60200668896, 34206.0], "num_solved": 100, "cmc_vals": [0.0, 0.02, 0.05, 0.08, 0.1, 0.11, 0.12, 0.13, 0.15, 0.17, 0.19, 0.19, 0.19, 0.19, 0.2, 0.22, 0.26, 0.26, 0.27, 0.28, 0.3, 0.31, 0.32, 0.33, 0.33, 0.34, 0.35, 0.36, 0.36, 0.39, 0.39, 0.4, 0.42, 0.44, 0.44, 0.45, 0.45, 0.47, 0.48, 0.48, 0.5, 0.5, 0.51, 0.55, 0.56, 0.57, 0.57, 0.57, 0.58, 0.58, 0.6, 0.61, 0.62, 0.63, 0.64, 0.65, 0.65, 0.68, 0.68, 0.7, 0.7, 0.71, 0.73, 0.73, 0.75, 0.75, 0.76, 0.76, 0.77, 0.78, 0.79, 0.8, 0.81, 0.81, 0.81, 0.81, 0.83, 0.84, 0.85, 0.85, 0.85, 0.86, 0.86, 0.86, 0.86, 0.86, 0.86, 0.87, 0.88, 0.88, 0.89, 0.89, 0.89, 0.89, 0.89, 0.89, 0.89, 0.89, 0.89, 0.89, 0.89, 0.89, 0.89, 0.89, 0.89, 0.89, 0.89, 0.9, 0.91, 0.92, 0.92, 0.93, 0.93, 0.93, 0.93, 0.93, 0.93, 0.93, 0.93, 0.93, 0.93, 0.93, 0.93, 0.93, 0.93, 0.93, 0.93, 0.93, 0.93, 0.93, 0.93, 0.94, 0.94, 0.95, 0.95, 0.95, 0.95, 0.95, 0.95, 0.95, 0.95, 0.95, 0.95, 0.96, 0.96, 0.96, 0.96, 0.96, 0.96, 0.96, 0.96, 0.96, 0.96, 0.96, 0.96, 0.96, 0.96, 0.96, 0.96, 0.96, 0.96, 0.96, 0.96, 0.96, 0.96, 0.96, 0.96, 0.96, 0.96, 0.96, 0.96, 0.96, 0.96, 0.96, 0.96, 0.96, 0.96, 0.96, 0.96, 0.97, 0.97, 0.97, 0.97, 0.97, 0.97, 0.97, 0.97, 0.97, 0.97, 0.97, 0.97, 0.97, 0.97, 0.97, 0.97, 0.97, 0.97, 0.97, 0.97, 0.97, 0.97, 0.97, 0.97, 0.97, 0.98, 0.98, 0.98, 0.98, 0.98, 0.98, 0.98, 0.98, 0.98, 0.98, 0.98, 0.98, 0.98, 0.98, 0.98, 0.98, 0.98, 0.98, 0.98, 0.98, 0.98, 0.98, 0.98, 0.98, 0.98, 0.98, 0.98, 0.98, 0.98, 0.98, 0.98, 0.98, 0.98, 0.98, 0.98, 0.98, 0.98, 0.98, 0.98, 0.98, 0.99, 0.99, 0.99, 0.99, 0.99, 0.99, 0.99, 0.99, 0.99, 0.99, 0.99, 0.99, 0.99, 0.99, 0.99, 0.99, 0.99, 0.99, 0.99, 0.99, 0.99, 0.99, 0.99, 0.99, 0.99, 0.99, 0.99, 0.99, 0.99, 0.99, 0.99, 0.99, 0.99, 0.99, 0.99, 0.99, 0.99, 0.99, 0.99, 0.99, 0.99, 0.99, 0.99, 0.99, 0.99, 0.99, 0.99, 0.99, 0.99, 0.99, 0.99, 0.99, 0.99, 0.99, 0.99, 1.0]}