{"calc_counters": [15010.01], "capture": "DIRECTl", "cmc_iters": [1.0, 330.5217391304348, 660.0434782608696, 989.5652173913045, 1319.0869565217392, 1648.608695652174, 1978.130434782609, 2307.6521739130435, 2637.1739130434785, 2966.6956521739135, 3296.217391304348, 3625.739130434783, 3955.260869565218, 4284.782608695653, 4614.304347826087, 4943.826086956522, 5273.347826086957, 5602.869565217392, 5932.391304347827, 6261.913043478261, 6591.434782608696, 6920.956521739131, 7250.478260869566, 7580.000000000001, 7909.521739130436, 8239.04347826087, 8568.565217391306, 8898.08695652174, 9227.608695652174, 9557.13043478261, 9886.652173913044, 10216.17391304348, 10545.695652173914, 10875.217391304348, 11204.739130434784, 11534.260869565218, 11863.782608695654, 12193.304347826088, 12522.826086956522, 12852.347826086958, 13181.869565217392, 13511.391304347828, 13840.913043478262, 14170.434782608696, 14499.956521739132, 14829.478260869566, 15159.000000000002, 15488.521739130436, 15818.043478260872, 16147.565217391306, 16477.08695652174, 16806.608695652176, 17136.13043478261, 17465.652173913044, 17795.17391304348, 18124.695652173916, 18454.217391304348, 18783.739130434784, 19113.26086956522, 19442.782608695652, 19772.304347826088, 20101.826086956524, 20431.34782608696, 20760.869565217392, 21090.391304347828, 21419.913043478264, 21749.434782608696, 22078.956521739132, 22408.478260869568, 22738.000000000004, 23067.521739130436, 23397.04347826087, 23726.565217391308, 24056.08695652174, 24385.608695652176, 24715.13043478261, 25044.652173913044, 25374.17391304348, 25703.695652173916, 26033.21739130435, 26362.739130434784, 26692.26086956522, 27021.782608695656, 27351.304347826088, 27680.826086956524, 28010.34782608696, 28339.869565217392, 28669.391304347828, 28998.913043478264, 29328.4347826087, 29657.956521739132, 29987.478260869568, 30317.000000000004, 30646.521739130436, 30976.04347826087, 31305.565217391308, 31635.086956521744, 31964.608695652176, 32294.13043478261, 32623.652173913048, 32953.17391304348, 33282.69565217392, 33612.21739130435, 33941.739130434784, 34271.26086956522, 34600.782608695656, 34930.30434782609, 35259.82608695653, 35589.34782608696, 35918.86956521739, 36248.39130434783, 36577.913043478264, 36907.434782608696, 37236.956521739135, 37566.47826086957, 37896.0, 38225.52173913044, 38555.04347826087, 38884.565217391304, 39214.08695652174, 39543.608695652176, 39873.130434782615, 40202.65217391305, 40532.17391304348, 40861.69565217392, 41191.21739130435, 41520.739130434784, 41850.26086956522, 42179.782608695656, 42509.30434782609, 42838.82608695653, 43168.34782608696, 43497.86956521739, 43827.39130434783, 44156.913043478264, 44486.434782608696, 44815.956521739135, 45145.47826086957, 45475.00000000001, 45804.52173913044, 46134.04347826087, 46463.56521739131, 46793.08695652174, 47122.608695652176, 47452.130434782615, 47781.65217391305, 48111.17391304348, 48440.69565217392, 48770.21739130435, 49099.739130434784, 49429.26086956522, 49758.782608695656, 50088.30434782609, 50417.82608695653, 50747.34782608696, 51076.86956521739, 51406.39130434783, 51735.913043478264, 52065.4347826087, 52394.956521739135, 52724.47826086957, 53054.00000000001, 53383.52173913044, 53713.04347826087, 54042.56521739131, 54372.08695652174, 54701.608695652176, 55031.130434782615, 55360.65217391305, 55690.17391304348, 56019.69565217392, 56349.21739130435, 56678.739130434784, 57008.26086956522, 57337.782608695656, 57667.304347826095, 57996.82608695653, 58326.34782608696, 58655.8695652174, 58985.39130434783, 59314.913043478264, 59644.4347826087, 59973.956521739135, 60303.47826086957, 60633.00000000001, 60962.52173913044, 61292.04347826087, 61621.56521739131, 61951.08695652174, 62280.608695652176, 62610.130434782615, 62939.65217391305, 63269.17391304349, 63598.69565217392, 63928.21739130435, 64257.73913043479, 64587.26086956522, 64916.782608695656, 65246.304347826095, 65575.82608695653, 65905.34782608696, 66234.86956521739, 66564.39130434784, 66893.91304347827, 67223.4347826087, 67552.95652173914, 67882.47826086957, 68212.0, 68541.52173913045, 68871.04347826088, 69200.56521739131, 69530.08695652174, 69859.60869565218, 70189.13043478261, 70518.65217391305, 70848.17391304349, 71177.69565217392, 71507.21739130435, 71836.73913043478, 72166.26086956522, 72495.78260869566, 72825.3043478261, 73154.82608695653, 73484.34782608696, 73813.86956521739, 74143.39130434784, 74472.91304347827, 74802.4347826087, 75131.95652173914, 75461.47826086957, 75791.0, 76120.52173913045, 76450.04347826088, 76779.56521739131, 77109.08695652174, 77438.60869565218, 77768.13043478261, 78097.65217391305, 78427.17391304349, 78756.69565217392, 79086.21739130435, 79415.73913043478, 79745.26086956523, 80074.78260869566, 80404.3043478261, 80733.82608695653, 81063.34782608696, 81392.86956521739, 81722.39130434784, 82051.91304347827, 82381.4347826087, 82710.95652173914, 83040.47826086957, 83370.0, 83699.52173913045, 84029.04347826088, 84358.56521739131, 84688.08695652174, 85017.60869565218, 85347.13043478262, 85676.65217391305, 86006.17391304349, 86335.69565217392, 86665.21739130435, 86994.73913043478, 87324.26086956523, 87653.78260869566, 87983.3043478261, 88312.82608695653, 88642.34782608696, 88971.86956521739, 89301.39130434784, 89630.91304347827, 89960.4347826087, 90289.95652173914, 90619.47826086957, 90949.00000000001, 91278.52173913045, 91608.04347826088, 91937.56521739131, 92267.08695652174, 92596.60869565218, 92926.13043478262, 93255.65217391305, 93585.17391304349, 93914.69565217392, 94244.21739130435, 94573.73913043478, 94903.26086956523, 95232.78260869566, 95562.3043478261, 95891.82608695653, 96221.34782608696, 96550.8695652174, 96880.39130434784, 97209.91304347827, 97539.4347826087, 97868.95652173914, 98198.47826086957, 98528.0], "num_solved": 100, "cmc_vals": [0.0, 0.03, 0.15, 0.21, 0.24, 0.27, 0.31, 0.35, 0.36, 0.36, 0.41, 0.44, 0.45, 0.48, 0.51, 0.52, 0.52, 0.53, 0.53, 0.53, 0.54, 0.54, 0.54, 0.55, 0.56, 0.57, 0.57, 0.57, 0.58, 0.58, 0.59, 0.59, 0.61, 0.61, 0.62, 0.63, 0.64, 0.65, 0.65, 0.66, 0.67, 0.68, 0.69, 0.69, 0.71, 0.71, 0.71, 0.71, 0.71, 0.71, 0.71, 0.71, 0.71, 0.72, 0.72, 0.72, 0.73, 0.73, 0.73, 0.73, 0.73, 0.73, 0.73, 0.73, 0.73, 0.73, 0.73, 0.73, 0.74, 0.74, 0.75, 0.75, 0.75, 0.75, 0.75, 0.75, 0.75, 0.76, 0.76, 0.76, 0.77, 0.77, 0.78, 0.8, 0.8, 0.8, 0.8, 0.8, 0.81, 0.81, 0.82, 0.82, 0.83, 0.83, 0.83, 0.83, 0.85, 0.85, 0.86, 0.86, 0.86, 0.86, 0.86, 0.86, 0.86, 0.86, 0.86, 0.87, 0.87, 0.88, 0.88, 0.88, 0.88, 0.88, 0.88, 0.88, 0.88, 0.89, 0.89, 0.89, 0.89, 0.89, 0.89, 0.89, 0.89, 0.89, 0.89, 0.89, 0.89, 0.89, 0.89, 0.89, 0.89, 0.89, 0.9, 0.9, 0.9, 0.9, 0.9, 0.9, 0.91, 0.91, 0.91, 0.91, 0.92, 0.92, 0.93, 0.93, 0.93, 0.93, 0.93, 0.93, 0.93, 0.93, 0.93, 0.93, 0.93, 0.93, 0.93, 0.93, 0.93, 0.93, 0.93, 0.93, 0.93, 0.93, 0.94, 0.94, 0.94, 0.94, 0.94, 0.94, 0.94, 0.94, 0.94, 0.94, 0.94, 0.94, 0.94, 0.94, 0.94, 0.94, 0.94, 0.94, 0.94, 0.95, 0.95, 0.95, 0.95, 0.95, 0.95, 0.95, 0.95, 0.95, 0.95, 0.95, 0.95, 0.95, 0.95, 0.96, 0.96, 0.97, 0.97, 0.97, 0.97, 0.97, 0.97, 0.97, 0.97, 0.97, 0.97, 0.97, 0.97, 0.97, 0.97, 0.97, 0.97, 0.98, 0.98, 0.98, 0.98, 0.98, 0.98, 0.98, 0.98, 0.98, 0.98, 0.98, 0.98, 0.98, 0.98, 0.98, 0.98, 0.98, 0.98, 0.98, 0.98, 0.98, 0.98, 0.98, 0.98, 0.98, 0.98, 0.98, 0.98, 0.98, 0.98, 0.98, 0.98, 0.98, 0.98, 0.98, 0.98, 0.98, 0.98, 0.98, 0.98, 0.98, 0.98, 0.98, 0.98, 0.98, 0.98, 0.98, 0.98, 0.98, 0.98, 0.98, 0.98, 0.98, 0.98, 0.98, 0.98, 0.98, 0.98, 0.98, 0.98, 0.98, 0.98, 0.98, 0.98, 0.99, 0.99, 0.99, 0.99, 0.99, 0.99, 0.99, 0.99, 0.99, 0.99, 0.99, 0.99, 0.99, 0.99, 0.99, 0.99, 0.99, 0.99, 1.0]}