{"calc_counters": [27137.4], "capture": "CRS", "cmc_iters": [1.0, 837.14381270903, 1673.28762541806, 2509.43143812709, 3345.57525083612, 4181.71906354515, 5017.86287625418, 5854.006688963211, 6690.15050167224, 7526.29431438127, 8362.4381270903, 9198.581939799331, 10034.72575250836, 10870.86956521739, 11707.013377926422, 12543.157190635451, 13379.30100334448, 14215.44481605351, 15051.58862876254, 15887.732441471571, 16723.8762541806, 17560.020066889632, 18396.163879598662, 19232.30769230769, 20068.45150501672, 20904.59531772575, 21740.73913043478, 22576.88294314381, 23413.026755852843, 24249.170568561873, 25085.314381270902, 25921.458193979932, 26757.60200668896, 27593.74581939799, 28429.88963210702, 29266.03344481605, 30102.17725752508, 30938.321070234113, 31774.464882943143, 32610.608695652172, 33446.7525083612, 34282.896321070235, 35119.040133779265, 35955.183946488294, 36791.327759197324, 37627.47157190635, 38463.61538461538, 39299.75919732441, 40135.90301003344, 40972.04682274247, 41808.1906354515, 42644.33444816053, 43480.47826086956, 44316.62207357859, 45152.76588628762, 45988.90969899665, 46825.053511705686, 47661.197324414716, 48497.341137123745, 49333.484949832775, 50169.628762541804, 51005.772575250834, 51841.916387959864, 52678.06020066889, 53514.20401337792, 54350.34782608695, 55186.49163879598, 56022.63545150501, 56858.77926421404, 57694.92307692307, 58531.0668896321, 59367.21070234113, 60203.35451505016, 61039.4983277592, 61875.642140468226, 62711.785953177256, 63547.929765886285, 64384.073578595315, 65220.217391304344, 66056.36120401337, 66892.5050167224, 67728.64882943143, 68564.79264214047, 69400.93645484949, 70237.08026755853, 71073.22408026755, 71909.36789297659, 72745.51170568561, 73581.65551839465, 74417.79933110367, 75253.9431438127, 76090.08695652173, 76926.23076923077, 77762.37458193979, 78598.51839464883, 79434.66220735785, 80270.80602006688, 81106.94983277592, 81943.09364548494, 82779.23745819398, 83615.381270903, 84451.52508361204, 85287.66889632106, 86123.8127090301, 86959.95652173912, 87796.10033444816, 88632.24414715718, 89468.38795986622, 90304.53177257524, 91140.67558528428, 91976.8193979933, 92812.96321070234, 93649.10702341137, 94485.2508361204, 95321.39464882943, 96157.53846153845, 96993.68227424749, 97829.82608695651, 98665.96989966555, 99502.11371237457, 100338.25752508361, 101174.40133779263, 102010.54515050167, 102846.68896321069, 103682.83277591973, 104518.97658862875, 105355.12040133779, 106191.26421404681, 107027.40802675585, 107863.55183946488, 108699.6956521739, 109535.83946488294, 110371.98327759196, 111208.127090301, 112044.27090301002, 112880.41471571906, 113716.55852842808, 114552.70234113712, 115388.84615384614, 116224.98996655518, 117061.1337792642, 117897.27759197324, 118733.42140468226, 119569.5652173913, 120405.70903010032, 121241.85284280936, 122077.9966555184, 122914.14046822742, 123750.28428093645, 124586.42809364547, 125422.57190635451, 126258.71571906353, 127094.85953177257, 127931.00334448159, 128767.14715719063, 129603.29096989965, 130439.43478260869, 131275.57859531773, 132111.72240802675, 132947.86622073577, 133784.0100334448, 134620.15384615384, 135456.29765886287, 136292.4414715719, 137128.58528428094, 137964.72909698996, 138800.87290969898, 139637.016722408, 140473.16053511706, 141309.30434782608, 142145.4481605351, 142981.59197324413, 143817.73578595318, 144653.8795986622, 145490.02341137122, 146326.16722408024, 147162.3110367893, 147998.45484949832, 148834.59866220734, 149670.7424749164, 150506.8862876254, 151343.03010033444, 152179.17391304346, 153015.3177257525, 153851.46153846153, 154687.60535117055, 155523.74916387958, 156359.89297658863, 157196.03678929765, 158032.18060200667, 158868.3244147157, 159704.46822742475, 160540.61204013377, 161376.7558528428, 162212.89966555184, 163049.04347826086, 163885.1872909699, 164721.3311036789, 165557.47491638796, 166393.61872909698, 167229.762541806, 168065.90635451503, 168902.05016722408, 169738.1939799331, 170574.33779264212, 171410.48160535115, 172246.6254180602, 173082.76923076922, 173918.91304347824, 174755.0568561873, 175591.20066889632, 176427.34448160534, 177263.48829431436, 178099.6321070234, 178935.77591973243, 179771.91973244146, 180608.06354515048, 181444.20735785953, 182280.35117056855, 183116.49498327757, 183952.6387959866, 184788.78260869565, 185624.92642140467, 186461.0702341137, 187297.21404682274, 188133.35785953177, 188969.5016722408, 189805.6454849498, 190641.78929765886, 191477.93311036789, 192314.0769230769, 193150.22073578593, 193986.36454849498, 194822.508361204, 195658.65217391303, 196494.79598662205, 197330.9397993311, 198167.08361204012, 199003.22742474914, 199839.37123745817, 200675.51505016722, 201511.65886287624, 202347.80267558526, 203183.9464882943, 204020.09030100334, 204856.23411371236, 205692.37792642138, 206528.52173913043, 207364.66555183945, 208200.80936454848, 209036.9531772575, 209873.09698996655, 210709.24080267557, 211545.3846153846, 212381.52842809362, 213217.67224080267, 214053.8160535117, 214889.9598662207, 215726.10367892977, 216562.2474916388, 217398.3913043478, 218234.53511705683, 219070.67892976588, 219906.8227424749, 220742.96655518393, 221579.11036789295, 222415.254180602, 223251.39799331102, 224087.54180602005, 224923.68561872907, 225759.82943143812, 226595.97324414714, 227432.11705685616, 228268.26086956522, 229104.40468227424, 229940.54849498326, 230776.69230769228, 231612.83612040133, 232448.97993311036, 233285.12374581938, 234121.2675585284, 234957.41137123745, 235793.55518394648, 236629.6989966555, 237465.84280936452, 238301.98662207357, 239138.1304347826, 239974.27424749162, 240810.41806020064, 241646.5618729097, 242482.7056856187, 243318.84949832773, 244154.9933110368, 244991.1371237458, 245827.28093645483, 246663.42474916385, 247499.5685618729, 248335.71237458193, 249171.85618729095, 250008.0], "num_solved": 60, "cmc_vals": [0.0, 0.0, 0.01, 0.02, 0.03, 0.04, 0.06, 0.07, 0.07, 0.08, 0.08, 0.1, 0.12, 0.15, 0.18, 0.21, 0.22, 0.23, 0.23, 0.23, 0.23, 0.23, 0.25, 0.27, 0.27, 0.27, 0.28, 0.29, 0.31, 0.32, 0.32, 0.32, 0.33, 0.33, 0.34, 0.36, 0.38, 0.38, 0.4, 0.41, 0.42, 0.43, 0.43, 0.44, 0.44, 0.47, 0.48, 0.5, 0.5, 0.51, 0.51, 0.51, 0.52, 0.53, 0.53, 0.53, 0.53, 0.54, 0.54, 0.54, 0.54, 0.55, 0.55, 0.55, 0.55, 0.55, 0.55, 0.55, 0.55, 0.56, 0.56, 0.56, 0.57, 0.57, 0.57, 0.57, 0.57, 0.57, 0.57, 0.57, 0.57, 0.57, 0.57, 0.58, 0.58, 0.58, 0.58, 0.58, 0.58, 0.58, 0.58, 0.58, 0.58, 0.58, 0.58, 0.58, 0.58, 0.58, 0.58, 0.58, 0.58, 0.58, 0.58, 0.58, 0.58, 0.58, 0.58, 0.58, 0.58, 0.58, 0.58, 0.58, 0.58, 0.58, 0.58, 0.58, 0.58, 0.58, 0.58, 0.58, 0.59, 0.59, 0.59, 0.59, 0.59, 0.59, 0.59, 0.59, 0.59, 0.59, 0.59, 0.59, 0.59, 0.59, 0.59, 0.59, 0.59, 0.59, 0.59, 0.59, 0.59, 0.59, 0.59, 0.59, 0.59, 0.59, 0.59, 0.59, 0.59, 0.59, 0.59, 0.59, 0.59, 0.59, 0.59, 0.59, 0.59, 0.59, 0.59, 0.59, 0.59, 0.59, 0.59, 0.6, 0.6, 0.6, 0.6, 0.6, 0.6, 0.6, 0.6, 0.6, 0.6, 0.6, 0.6, 0.6, 0.6, 0.6, 0.6, 0.6, 0.6, 0.6, 0.6, 0.6, 0.6, 0.6, 0.6, 0.6, 0.6, 0.6, 0.6, 0.6, 0.6, 0.6, 0.6, 0.6, 0.6, 0.6, 0.6, 0.6, 0.6, 0.6, 0.6, 0.6, 0.6, 0.6, 0.6, 0.6, 0.6, 0.6, 0.6, 0.6, 0.6, 0.6, 0.6, 0.6, 0.6, 0.6, 0.6, 0.6, 0.6, 0.6, 0.6, 0.6, 0.6, 0.6, 0.6, 0.6, 0.6, 0.6, 0.6, 0.6, 0.6, 0.6, 0.6, 0.6, 0.6, 0.6, 0.6, 0.6, 0.6, 0.6, 0.6, 0.6, 0.6, 0.6, 0.6, 0.6, 0.6, 0.6, 0.6, 0.6, 0.6, 0.6, 0.6, 0.6, 0.6, 0.6, 0.6, 0.6, 0.6, 0.6, 0.6, 0.6, 0.6, 0.6, 0.6, 0.6, 0.6, 0.6, 0.6, 0.6, 0.6, 0.6, 0.6, 0.6, 0.6, 0.6, 0.6, 0.6, 0.6, 0.6, 0.6, 0.6, 0.6, 0.6, 0.6, 0.6, 0.6, 0.6, 0.6, 0.6, 0.6, 0.6, 0.6, 0.6, 0.6, 0.6, 0.6, 0.6]}