{"calc_counters": [12487.636363636364], "capture": "Scipy DE", "cmc_iters": [1.0, 838.4749163879599, 1675.9498327759197, 2513.42474916388, 3350.8996655518395, 4188.374581939799, 5025.84949832776, 5863.324414715719, 6700.799331103679, 7538.274247491639, 8375.749163879598, 9213.224080267559, 10050.69899665552, 10888.173913043478, 11725.648829431439, 12563.123745819397, 13400.598662207358, 14238.073578595318, 15075.548494983277, 15913.023411371238, 16750.498327759196, 17587.973244147157, 18425.448160535117, 19262.923076923078, 20100.39799331104, 20937.872909698995, 21775.347826086956, 22612.822742474917, 23450.297658862877, 24287.772575250838, 25125.247491638795, 25962.722408026755, 26800.197324414716, 27637.672240802676, 28475.147157190637, 29312.622073578594, 30150.096989966554, 30987.571906354515, 31825.046822742475, 32662.521739130436, 33499.99665551839, 34337.47157190635, 35174.946488294314, 36012.421404682274, 36849.896321070235, 37687.371237458196, 38524.846153846156, 39362.32107023412, 40199.79598662208, 41037.27090301003, 41874.74581939799, 42712.22073578595, 43549.69565217391, 44387.17056856187, 45224.64548494983, 46062.120401337794, 46899.595317725754, 47737.070234113715, 48574.545150501675, 49412.02006688963, 50249.49498327759, 51086.96989966555, 51924.44481605351, 52761.91973244147, 53599.39464882943, 54436.86956521739, 55274.34448160535, 56111.81939799331, 56949.29431438127, 57786.769230769234, 58624.24414715719, 59461.71906354515, 60299.19397993311, 61136.66889632107, 61974.14381270903, 62811.61872909699, 63649.09364548495, 64486.56856187291, 65324.04347826087, 66161.51839464883, 66998.99331103679, 67836.46822742475, 68673.9431438127, 69511.41806020067, 70348.89297658863, 71186.36789297659, 72023.84280936455, 72861.31772575251, 73698.79264214047, 74536.26755852843, 75373.74247491639, 76211.21739130435, 77048.69230769231, 77886.16722408027, 78723.64214046823, 79561.1170568562, 80398.59197324415, 81236.0668896321, 82073.54180602006, 82911.01672240802, 83748.49163879598, 84585.96655518394, 85423.4414715719, 86260.91638795986, 87098.39130434782, 87935.86622073578, 88773.34113712375, 89610.8160535117, 90448.29096989967, 91285.76588628763, 92123.24080267559, 92960.71571906355, 93798.19063545151, 94635.66555183947, 95473.14046822743, 96310.61538461539, 97148.09030100335, 97985.56521739131, 98823.04013377926, 99660.51505016722, 100497.98996655518, 101335.46488294314, 102172.9397993311, 103010.41471571906, 103847.88963210702, 104685.36454849498, 105522.83946488294, 106360.3143812709, 107197.78929765886, 108035.26421404682, 108872.73913043478, 109710.21404682274, 110547.6889632107, 111385.16387959867, 112222.63879598663, 113060.11371237459, 113897.58862876255, 114735.06354515051, 115572.53846153847, 116410.01337792641, 117247.48829431437, 118084.96321070234, 118922.4381270903, 119759.91304347826, 120597.38795986622, 121434.86287625418, 122272.33779264214, 123109.8127090301, 123947.28762541806, 124784.76254180602, 125622.23745819398, 126459.71237458194, 127297.1872909699, 128134.66220735786, 128972.13712374582, 129809.61204013378, 130647.08695652174, 131484.5618729097, 132322.03678929765, 133159.5117056856, 133996.98662207357, 134834.46153846153, 135671.9364548495, 136509.41137123745, 137346.8862876254, 138184.36120401337, 139021.83612040133, 139859.3110367893, 140696.78595317726, 141534.26086956522, 142371.73578595318, 143209.21070234114, 144046.6856187291, 144884.16053511706, 145721.63545150502, 146559.11036789298, 147396.58528428094, 148234.0602006689, 149071.53511705686, 149909.01003344482, 150746.48494983278, 151583.95986622074, 152421.4347826087, 153258.90969899666, 154096.38461538462, 154933.85953177258, 155771.33444816055, 156608.8093645485, 157446.28428093647, 158283.75919732443, 159121.2341137124, 159958.70903010035, 160796.1839464883, 161633.65886287624, 162471.1337792642, 163308.60869565216, 164146.08361204012, 164983.55852842808, 165821.03344481604, 166658.508361204, 167495.98327759196, 168333.45819397992, 169170.93311036789, 170008.40802675585, 170845.8829431438, 171683.35785953177, 172520.83277591973, 173358.3076923077, 174195.78260869565, 175033.2575250836, 175870.73244147157, 176708.20735785953, 177545.6822742475, 178383.15719063545, 179220.6321070234, 180058.10702341137, 180895.58193979933, 181733.0568561873, 182570.53177257525, 183408.0066889632, 184245.48160535117, 185082.95652173914, 185920.4314381271, 186757.90635451506, 187595.38127090302, 188432.85618729098, 189270.33110367894, 190107.8060200669, 190945.28093645486, 191782.75585284282, 192620.23076923078, 193457.70568561874, 194295.1806020067, 195132.65551839466, 195970.13043478262, 196807.60535117055, 197645.08026755851, 198482.55518394648, 199320.03010033444, 200157.5050167224, 200994.97993311036, 201832.45484949832, 202669.92976588628, 203507.40468227424, 204344.8795986622, 205182.35451505016, 206019.82943143812, 206857.30434782608, 207694.77926421404, 208532.254180602, 209369.72909698996, 210207.20401337792, 211044.67892976588, 211882.15384615384, 212719.6287625418, 213557.10367892977, 214394.57859531773, 215232.0535117057, 216069.52842809365, 216907.0033444816, 217744.47826086957, 218581.95317725753, 219419.4280936455, 220256.90301003345, 221094.3779264214, 221931.85284280937, 222769.32775919733, 223606.8026755853, 224444.27759197325, 225281.7525083612, 226119.22742474917, 226956.70234113713, 227794.1772575251, 228631.65217391305, 229469.12709030102, 230306.60200668898, 231144.07692307694, 231981.5518394649, 232819.02675585283, 233656.5016722408, 234493.97658862875, 235331.4515050167, 236168.92642140467, 237006.40133779263, 237843.8762541806, 238681.35117056855, 239518.8260869565, 240356.30100334447, 241193.77591973243, 242031.2508361204, 242868.72575250836, 243706.20066889632, 244543.67558528428, 245381.15050167224, 246218.6254180602, 247056.10033444816, 247893.57525083612, 248731.05016722408, 249568.52508361204, 250406.0], "num_solved": 55, "cmc_vals": [0.0, 0.0, 0.03, 0.04, 0.09, 0.12, 0.16, 0.18, 0.22, 0.22, 0.22, 0.23, 0.25, 0.28, 0.3, 0.31, 0.33, 0.36, 0.4, 0.41, 0.41, 0.43, 0.45, 0.47, 0.47, 0.47, 0.47, 0.47, 0.47, 0.47, 0.48, 0.49, 0.49, 0.49, 0.49, 0.51, 0.51, 0.51, 0.52, 0.52, 0.53, 0.53, 0.53, 0.53, 0.53, 0.53, 0.53, 0.53, 0.54, 0.54, 0.54, 0.54, 0.54, 0.54, 0.54, 0.54, 0.55, 0.55, 0.55, 0.55, 0.55, 0.55, 0.55, 0.55, 0.55, 0.55, 0.55, 0.55, 0.55, 0.55, 0.55, 0.55, 0.55, 0.55, 0.55, 0.55, 0.55, 0.55, 0.55, 0.55, 0.55, 0.55, 0.55, 0.55, 0.55, 0.55, 0.55, 0.55, 0.55, 0.55, 0.55, 0.55, 0.55, 0.55, 0.55, 0.55, 0.55, 0.55, 0.55, 0.55, 0.55, 0.55, 0.55, 0.55, 0.55, 0.55, 0.55, 0.55, 0.55, 0.55, 0.55, 0.55, 0.55, 0.55, 0.55, 0.55, 0.55, 0.55, 0.55, 0.55, 0.55, 0.55, 0.55, 0.55, 0.55, 0.55, 0.55, 0.55, 0.55, 0.55, 0.55, 0.55, 0.55, 0.55, 0.55, 0.55, 0.55, 0.55, 0.55, 0.55, 0.55, 0.55, 0.55, 0.55, 0.55, 0.55, 0.55, 0.55, 0.55, 0.55, 0.55, 0.55, 0.55, 0.55, 0.55, 0.55, 0.55, 0.55, 0.55, 0.55, 0.55, 0.55, 0.55, 0.55, 0.55, 0.55, 0.55, 0.55, 0.55, 0.55, 0.55, 0.55, 0.55, 0.55, 0.55, 0.55, 0.55, 0.55, 0.55, 0.55, 0.55, 0.55, 0.55, 0.55, 0.55, 0.55, 0.55, 0.55, 0.55, 0.55, 0.55, 0.55, 0.55, 0.55, 0.55, 0.55, 0.55, 0.55, 0.55, 0.55, 0.55, 0.55, 0.55, 0.55, 0.55, 0.55, 0.55, 0.55, 0.55, 0.55, 0.55, 0.55, 0.55, 0.55, 0.55, 0.55, 0.55, 0.55, 0.55, 0.55, 0.55, 0.55, 0.55, 0.55, 0.55, 0.55, 0.55, 0.55, 0.55, 0.55, 0.55, 0.55, 0.55, 0.55, 0.55, 0.55, 0.55, 0.55, 0.55, 0.55, 0.55, 0.55, 0.55, 0.55, 0.55, 0.55, 0.55, 0.55, 0.55, 0.55, 0.55, 0.55, 0.55, 0.55, 0.55, 0.55, 0.55, 0.55, 0.55, 0.55, 0.55, 0.55, 0.55, 0.55, 0.55, 0.55, 0.55, 0.55, 0.55, 0.55, 0.55, 0.55, 0.55, 0.55, 0.55, 0.55, 0.55, 0.55, 0.55, 0.55, 0.55, 0.55, 0.55, 0.55, 0.55, 0.55, 0.55, 0.55, 0.55, 0.55, 0.55, 0.55, 0.55, 0.55, 0.55, 0.55, 0.55, 0.55, 0.55, 0.55]}