{"calc_counters": [728.71], "capture": "AGS", "cmc_iters": [1.0, 7.963210702341137, 14.926421404682275, 21.889632107023413, 28.85284280936455, 35.81605351170569, 42.779264214046826, 49.74247491638796, 56.7056856187291, 63.668896321070235, 70.63210702341138, 77.59531772575251, 84.55852842809365, 91.52173913043478, 98.48494983277592, 105.44816053511705, 112.4113712374582, 119.37458193979934, 126.33779264214047, 133.30100334448161, 140.26421404682276, 147.22742474916387, 154.19063545150502, 161.15384615384616, 168.1170568561873, 175.08026755852845, 182.04347826086956, 189.0066889632107, 195.96989966555185, 202.933110367893, 209.8963210702341, 216.85953177257525, 223.8227424749164, 230.78595317725754, 237.74916387959868, 244.7123745819398, 251.67558528428094, 258.6387959866221, 265.60200668896323, 272.5652173913044, 279.5284280936455, 286.49163879598666, 293.45484949832775, 300.4180602006689, 307.38127090301003, 314.3444816053512, 321.3076923076923, 328.27090301003346, 335.2341137123746, 342.19732441471575, 349.1605351170569, 356.123745819398, 363.0869565217391, 370.05016722408027, 377.0133779264214, 383.97658862876256, 390.9397993311037, 397.90301003344484, 404.866220735786, 411.82943143812713, 418.7926421404682, 425.75585284280936, 432.7190635451505, 439.68227424749165, 446.6454849498328, 453.60869565217394, 460.5719063545151, 467.5351170568562, 474.49832775919737, 481.46153846153845, 488.4247491638796, 495.38795986622074, 502.3511705685619, 509.314381270903, 516.2775919732442, 523.2408026755853, 530.2040133779265, 537.1672240802676, 544.1304347826087, 551.0936454849499, 558.056856187291, 565.0200668896322, 571.9832775919733, 578.9464882943143, 585.9096989966555, 592.8729096989966, 599.8361204013378, 606.7993311036789, 613.7625418060201, 620.7257525083612, 627.6889632107024, 634.6521739130435, 641.6153846153846, 648.5785953177258, 655.5418060200669, 662.5050167224081, 669.4682274247492, 676.4314381270904, 683.3946488294315, 690.3578595317726, 697.3210702341138, 704.2842809364548, 711.247491638796, 718.2107023411371, 725.1739130434783, 732.1371237458194, 739.1003344481605, 746.0635451505017, 753.0267558528428, 759.989966555184, 766.9531772575251, 773.9163879598663, 780.8795986622074, 787.8428093645485, 794.8060200668897, 801.7692307692308, 808.732441471572, 815.6956521739131, 822.6588628762543, 829.6220735785953, 836.5852842809364, 843.5484949832776, 850.5117056856187, 857.4749163879599, 864.438127090301, 871.4013377926422, 878.3645484949833, 885.3277591973244, 892.2909698996656, 899.2541806020067, 906.2173913043479, 913.180602006689, 920.1438127090302, 927.1070234113713, 934.0702341137124, 941.0334448160536, 947.9966555183947, 954.9598662207359, 961.9230769230769, 968.886287625418, 975.8494983277592, 982.8127090301003, 989.7759197324415, 996.7391304347826, 1003.7023411371238, 1010.6655518394649, 1017.628762541806, 1024.591973244147, 1031.5551839464883, 1038.5183946488294, 1045.4816053511706, 1052.4448160535117, 1059.408026755853, 1066.371237458194, 1073.3344481605352, 1080.2976588628762, 1087.2608695652175, 1094.2240802675585, 1101.1872909698998, 1108.1505016722408, 1115.113712374582, 1122.076923076923, 1129.0401337792644, 1136.0033444816054, 1142.9665551839466, 1149.9297658862877, 1156.8929765886287, 1163.85618729097, 1170.819397993311, 1177.7826086956522, 1184.7458193979933, 1191.7090301003345, 1198.6722408026756, 1205.6354515050168, 1212.5986622073578, 1219.561872909699, 1226.5250836120401, 1233.4882943143814, 1240.4515050167224, 1247.4147157190637, 1254.3779264214047, 1261.341137123746, 1268.304347826087, 1275.267558528428, 1282.2307692307693, 1289.1939799331103, 1296.1571906354516, 1303.1204013377926, 1310.0836120401339, 1317.046822742475, 1324.0100334448161, 1330.9732441471572, 1337.9364548494984, 1344.8996655518395, 1351.8628762541807, 1358.8260869565217, 1365.789297658863, 1372.752508361204, 1379.7157190635453, 1386.6789297658863, 1393.6421404682276, 1400.6053511705686, 1407.5685618729096, 1414.531772575251, 1421.494983277592, 1428.4581939799332, 1435.4214046822742, 1442.3846153846155, 1449.3478260869565, 1456.3110367892978, 1463.2742474916388, 1470.23745819398, 1477.200668896321, 1484.1638795986623, 1491.1270903010034, 1498.0903010033446, 1505.0535117056857, 1512.016722408027, 1518.979933110368, 1525.9431438127092, 1532.9063545150502, 1539.8695652173913, 1546.8327759197325, 1553.7959866220735, 1560.7591973244148, 1567.7224080267558, 1574.685618729097, 1581.6488294314381, 1588.6120401337794, 1595.5752508361204, 1602.5384615384617, 1609.5016722408027, 1616.464882943144, 1623.428093645485, 1630.3913043478262, 1637.3545150501673, 1644.3177257525085, 1651.2809364548496, 1658.2441471571906, 1665.2073578595318, 1672.1705685618729, 1679.1337792642141, 1686.0969899665552, 1693.0602006688964, 1700.0234113712374, 1706.9866220735787, 1713.9498327759197, 1720.913043478261, 1727.876254180602, 1734.8394648829433, 1741.8026755852843, 1748.7658862876256, 1755.7290969899666, 1762.6923076923078, 1769.6555183946489, 1776.6187290969901, 1783.5819397993312, 1790.5451505016722, 1797.5083612040135, 1804.4715719063545, 1811.4347826086957, 1818.3979933110368, 1825.361204013378, 1832.324414715719, 1839.2876254180603, 1846.2508361204013, 1853.2140468227426, 1860.1772575250836, 1867.140468227425, 1874.103678929766, 1881.0668896321072, 1888.0301003344482, 1894.9933110367895, 1901.9565217391305, 1908.9197324414718, 1915.8829431438128, 1922.8461538461538, 1929.809364548495, 1936.772575250836, 1943.7357859531774, 1950.6989966555184, 1957.6622073578596, 1964.6254180602007, 1971.588628762542, 1978.551839464883, 1985.5150501672242, 1992.4782608695652, 1999.4414715719065, 2006.4046822742475, 2013.3678929765888, 2020.3311036789298, 2027.294314381271, 2034.257525083612, 2041.2207357859531, 2048.183946488294, 2055.1471571906354, 2062.1103678929767, 2069.073578595318, 2076.0367892976587, 2083.0], "num_solved": 100, "cmc_vals": [0.0, 0.0, 0.0, 0.0, 0.01, 0.01, 0.01, 0.01, 0.01, 0.01, 0.01, 0.02, 0.02, 0.03, 0.03, 0.03, 0.03, 0.03, 0.03, 0.04, 0.04, 0.04, 0.05, 0.05, 0.05, 0.06, 0.06, 0.06, 0.07, 0.08, 0.09, 0.09, 0.09, 0.1, 0.1, 0.12, 0.13, 0.14, 0.14, 0.15, 0.15, 0.15, 0.15, 0.15, 0.15, 0.16, 0.18, 0.18, 0.19, 0.2, 0.21, 0.22, 0.22, 0.23, 0.23, 0.25, 0.26, 0.27, 0.27, 0.27, 0.28, 0.28, 0.29, 0.29, 0.29, 0.3, 0.31, 0.31, 0.33, 0.35, 0.35, 0.35, 0.35, 0.37, 0.38, 0.4, 0.4, 0.4, 0.4, 0.4, 0.4, 0.41, 0.43, 0.47, 0.48, 0.49, 0.5, 0.51, 0.52, 0.53, 0.54, 0.56, 0.56, 0.56, 0.56, 0.56, 0.56, 0.56, 0.58, 0.58, 0.58, 0.59, 0.59, 0.59, 0.59, 0.59, 0.6, 0.61, 0.61, 0.61, 0.61, 0.62, 0.62, 0.62, 0.62, 0.62, 0.63, 0.63, 0.64, 0.64, 0.65, 0.66, 0.67, 0.67, 0.67, 0.68, 0.69, 0.69, 0.69, 0.7, 0.72, 0.72, 0.72, 0.72, 0.72, 0.73, 0.73, 0.73, 0.73, 0.73, 0.74, 0.75, 0.75, 0.75, 0.75, 0.76, 0.78, 0.78, 0.79, 0.79, 0.79, 0.8, 0.8, 0.8, 0.8, 0.8, 0.8, 0.8, 0.8, 0.8, 0.81, 0.81, 0.82, 0.82, 0.82, 0.82, 0.82, 0.82, 0.82, 0.82, 0.82, 0.82, 0.82, 0.82, 0.82, 0.82, 0.82, 0.82, 0.83, 0.84, 0.84, 0.84, 0.84, 0.85, 0.85, 0.85, 0.86, 0.86, 0.88, 0.88, 0.89, 0.89, 0.89, 0.89, 0.89, 0.89, 0.89, 0.89, 0.9, 0.9, 0.9, 0.9, 0.9, 0.9, 0.91, 0.91, 0.91, 0.91, 0.91, 0.91, 0.91, 0.91, 0.91, 0.92, 0.92, 0.92, 0.92, 0.92, 0.92, 0.92, 0.92, 0.92, 0.93, 0.95, 0.95, 0.95, 0.95, 0.95, 0.95, 0.95, 0.95, 0.95, 0.95, 0.95, 0.96, 0.96, 0.96, 0.96, 0.96, 0.96, 0.96, 0.96, 0.96, 0.96, 0.96, 0.96, 0.96, 0.96, 0.96, 0.96, 0.96, 0.96, 0.96, 0.96, 0.96, 0.96, 0.96, 0.98, 0.98, 0.98, 0.98, 0.98, 0.98, 0.98, 0.98, 0.98, 0.98, 0.98, 0.98, 0.98, 0.98, 0.98, 0.98, 0.98, 0.98, 0.99, 0.99, 0.99, 0.99, 0.99, 0.99, 0.99, 0.99, 0.99, 0.99, 0.99, 0.99, 0.99, 0.99, 0.99, 0.99, 0.99, 0.99, 0.99, 0.99, 0.99, 0.99, 0.99, 0.99, 1.0]}