{"calc_counters": [1398.54], "capture": "AGS", "cmc_iters": [1.0, 14.531772575250836, 28.06354515050167, 41.59531772575251, 55.12709030100334, 68.65886287625418, 82.19063545150502, 95.72240802675584, 109.25418060200668, 122.78595317725753, 136.31772575250835, 149.8494983277592, 163.38127090301003, 176.91304347826087, 190.4448160535117, 203.97658862876253, 217.50836120401337, 231.0401337792642, 244.57190635451505, 258.10367892976586, 271.6354515050167, 285.16722408026754, 298.6989966555184, 312.2307692307692, 325.76254180602007, 339.2943143812709, 352.82608695652175, 366.35785953177253, 379.8896321070234, 393.4214046822742, 406.95317725752506, 420.4849498327759, 434.01672240802674, 447.5484949832776, 461.0802675585284, 474.61204013377926, 488.1438127090301, 501.67558528428094, 515.2073578595317, 528.7391304347826, 542.2709030100334, 555.8026755852843, 569.3344481605351, 582.8662207357859, 596.3979933110368, 609.9297658862876, 623.4615384615385, 636.9933110367892, 650.5250836120401, 664.0568561872909, 677.5886287625418, 691.1204013377926, 704.6521739130435, 718.1839464882943, 731.7157190635451, 745.247491638796, 758.7792642140467, 772.3110367892976, 785.8428093645484, 799.3745819397993, 812.9063545150501, 826.438127090301, 839.9698996655518, 853.5016722408027, 867.0334448160535, 880.5652173913043, 894.0969899665552, 907.6287625418059, 921.1605351170568, 934.6923076923076, 948.2240802675585, 961.7558528428093, 975.2876254180602, 988.819397993311, 1002.3511705685619, 1015.8829431438127, 1029.4147157190635, 1042.9464882943143, 1056.4782608695652, 1070.010033444816, 1083.5418060200668, 1097.0735785953177, 1110.6053511705686, 1124.1371237458193, 1137.6688963210702, 1151.200668896321, 1164.7324414715717, 1178.2642140468226, 1191.7959866220735, 1205.3277591973244, 1218.859531772575, 1232.391304347826, 1245.923076923077, 1259.4548494983278, 1272.9866220735785, 1286.5183946488294, 1300.0501672240803, 1313.581939799331, 1327.1137123745818, 1340.6454849498327, 1354.1772575250836, 1367.7090301003343, 1381.2408026755852, 1394.772575250836, 1408.304347826087, 1421.8361204013377, 1435.3678929765886, 1448.8996655518395, 1462.4314381270901, 1475.963210702341, 1489.494983277592, 1503.0267558528428, 1516.5585284280935, 1530.0903010033444, 1543.6220735785953, 1557.1538461538462, 1570.6856187290969, 1584.2173913043478, 1597.7491638795987, 1611.2809364548493, 1624.8127090301002, 1638.3444816053511, 1651.876254180602, 1665.4080267558527, 1678.9397993311036, 1692.4715719063545, 1706.0033444816054, 1719.535117056856, 1733.066889632107, 1746.5986622073578, 1760.1304347826085, 1773.6622073578594, 1787.1939799331103, 1800.7257525083612, 1814.2575250836119, 1827.7892976588628, 1841.3210702341137, 1854.8528428093646, 1868.3846153846152, 1881.9163879598661, 1895.448160535117, 1908.9799331103677, 1922.5117056856186, 1936.0434782608695, 1949.5752508361204, 1963.107023411371, 1976.638795986622, 1990.1705685618729, 2003.7023411371238, 2017.2341137123744, 2030.7658862876253, 2044.2976588628762, 2057.829431438127, 2071.361204013378, 2084.8929765886287, 2098.4247491638794, 2111.9565217391305, 2125.488294314381, 2139.020066889632, 2152.551839464883, 2166.0836120401336, 2179.6153846153843, 2193.1471571906354, 2206.678929765886, 2220.210702341137, 2233.742474916388, 2247.2742474916386, 2260.8060200668897, 2274.3377926421404, 2287.869565217391, 2301.401337792642, 2314.933110367893, 2328.4648829431435, 2341.9966555183946, 2355.5284280936453, 2369.0602006688964, 2382.591973244147, 2396.1237458193978, 2409.655518394649, 2423.1872909698995, 2436.71906354515, 2450.2508361204013, 2463.782608695652, 2477.3143812709027, 2490.846153846154, 2504.3779264214045, 2517.9096989966556, 2531.4414715719063, 2544.973244147157, 2558.505016722408, 2572.0367892976587, 2585.5685618729094, 2599.1003344481605, 2612.632107023411, 2626.163879598662, 2639.695652173913, 2653.2274247491637, 2666.759197324415, 2680.2909698996655, 2693.822742474916, 2707.3545150501673, 2720.886287625418, 2734.4180602006686, 2747.9498327759197, 2761.4816053511704, 2775.013377926421, 2788.545150501672, 2802.076923076923, 2815.608695652174, 2829.1404682274247, 2842.6722408026753, 2856.2040133779265, 2869.735785953177, 2883.267558528428, 2896.799331103679, 2910.3311036789296, 2923.8628762541803, 2937.3946488294314, 2950.926421404682, 2964.458193979933, 2977.989966555184, 2991.5217391304345, 3005.0535117056857, 3018.5852842809363, 3032.117056856187, 3045.648829431438, 3059.180602006689, 3072.7123745819395, 3086.2441471571906, 3099.7759197324413, 3113.3076923076924, 3126.839464882943, 3140.3712374581937, 3153.903010033445, 3167.4347826086955, 3180.966555183946, 3194.4983277591973, 3208.030100334448, 3221.5618729096986, 3235.09364548495, 3248.6254180602004, 3262.1571906354516, 3275.6889632107022, 3289.220735785953, 3302.752508361204, 3316.2842809364547, 3329.8160535117054, 3343.3478260869565, 3356.879598662207, 3370.411371237458, 3383.943143812709, 3397.4749163879596, 3411.0066889632108, 3424.5384615384614, 3438.070234113712, 3451.6020066889632, 3465.133779264214, 3478.6655518394646, 3492.1973244147157, 3505.7290969899664, 3519.260869565217, 3532.792642140468, 3546.324414715719, 3559.85618729097, 3573.3879598662206, 3586.9197324414713, 3600.4515050167224, 3613.983277591973, 3627.5150501672238, 3641.046822742475, 3654.5785953177256, 3668.1103678929762, 3681.6421404682274, 3695.173913043478, 3708.705685618729, 3722.23745819398, 3735.7692307692305, 3749.3010033444816, 3762.8327759197323, 3776.364548494983, 3789.896321070234, 3803.4280936454848, 3816.9598662207354, 3830.4916387959865, 3844.023411371237, 3857.5551839464883, 3871.086956521739, 3884.6187290969897, 3898.150501672241, 3911.6822742474915, 3925.214046822742, 3938.7458193979933, 3952.277591973244, 3965.8093645484946, 3979.3411371237457, 3992.8729096989964, 4006.4046822742475, 4019.936454849498, 4033.468227424749, 4047.0], "num_solved": 100, "cmc_vals": [0.0, 0.0, 0.0, 0.0, 0.0, 0.0, 0.01, 0.01, 0.01, 0.01, 0.01, 0.01, 0.01, 0.01, 0.01, 0.02, 0.02, 0.02, 0.03, 0.04, 0.04, 0.04, 0.04, 0.04, 0.05, 0.05, 0.07, 0.07, 0.07, 0.1, 0.1, 0.1, 0.1, 0.1, 0.1, 0.11, 0.11, 0.11, 0.12, 0.14, 0.15, 0.15, 0.15, 0.15, 0.15, 0.17, 0.18, 0.2, 0.2, 0.2, 0.2, 0.22, 0.24, 0.24, 0.24, 0.24, 0.24, 0.25, 0.26, 0.27, 0.28, 0.28, 0.3, 0.31, 0.31, 0.32, 0.33, 0.33, 0.33, 0.34, 0.35, 0.35, 0.36, 0.37, 0.37, 0.38, 0.41, 0.41, 0.42, 0.42, 0.43, 0.43, 0.43, 0.43, 0.43, 0.43, 0.43, 0.43, 0.43, 0.43, 0.43, 0.43, 0.43, 0.43, 0.45, 0.48, 0.48, 0.48, 0.49, 0.51, 0.52, 0.52, 0.53, 0.54, 0.54, 0.56, 0.58, 0.58, 0.58, 0.58, 0.6, 0.6, 0.6, 0.6, 0.61, 0.62, 0.62, 0.63, 0.65, 0.65, 0.65, 0.66, 0.66, 0.67, 0.67, 0.67, 0.68, 0.68, 0.68, 0.7, 0.7, 0.7, 0.7, 0.73, 0.73, 0.73, 0.74, 0.75, 0.75, 0.75, 0.76, 0.77, 0.79, 0.79, 0.79, 0.79, 0.79, 0.79, 0.79, 0.79, 0.79, 0.8, 0.81, 0.81, 0.81, 0.81, 0.81, 0.81, 0.81, 0.81, 0.82, 0.82, 0.82, 0.83, 0.83, 0.84, 0.84, 0.84, 0.84, 0.85, 0.85, 0.86, 0.86, 0.86, 0.86, 0.86, 0.86, 0.86, 0.87, 0.88, 0.9, 0.9, 0.9, 0.9, 0.9, 0.9, 0.9, 0.9, 0.91, 0.91, 0.91, 0.91, 0.91, 0.91, 0.91, 0.92, 0.92, 0.92, 0.93, 0.93, 0.93, 0.93, 0.94, 0.94, 0.94, 0.94, 0.94, 0.94, 0.94, 0.94, 0.94, 0.94, 0.95, 0.95, 0.95, 0.95, 0.95, 0.95, 0.95, 0.96, 0.96, 0.97, 0.97, 0.97, 0.97, 0.97, 0.97, 0.97, 0.97, 0.97, 0.97, 0.97, 0.97, 0.97, 0.97, 0.97, 0.97, 0.97, 0.97, 0.97, 0.97, 0.97, 0.98, 0.98, 0.98, 0.98, 0.98, 0.98, 0.99, 0.99, 0.99, 0.99, 0.99, 0.99, 0.99, 0.99, 0.99, 0.99, 0.99, 0.99, 0.99, 0.99, 0.99, 0.99, 0.99, 0.99, 0.99, 0.99, 0.99, 0.99, 0.99, 0.99, 0.99, 0.99, 0.99, 0.99, 0.99, 0.99, 0.99, 0.99, 0.99, 0.99, 0.99, 0.99, 0.99, 0.99, 0.99, 0.99, 0.99, 0.99, 0.99, 0.99, 0.99, 0.99, 0.99, 0.99, 0.99, 0.99, 0.99, 1.0]}