{"calc_counters": [844.7432432432432], "capture": "CRS", "cmc_iters": [1.0, 31.123745819397993, 61.247491638795985, 91.37123745819397, 121.49498327759197, 151.61872909698997, 181.74247491638795, 211.86622073578596, 241.98996655518394, 272.11371237458195, 302.23745819397993, 332.3612040133779, 362.4849498327759, 392.6086956521739, 422.7324414715719, 452.8561872909699, 482.9799331103679, 513.1036789297659, 543.2274247491639, 573.3511705685619, 603.4749163879599, 633.5986622073578, 663.7224080267558, 693.8461538461538, 723.9698996655518, 754.0936454849498, 784.2173913043478, 814.3411371237459, 844.4648829431438, 874.5886287625418, 904.7123745819398, 934.8361204013378, 964.9598662207358, 995.0836120401337, 1025.2073578595318, 1055.3311036789298, 1085.4548494983278, 1115.5785953177258, 1145.7023411371238, 1175.8260869565217, 1205.9498327759197, 1236.0735785953177, 1266.1973244147157, 1296.3210702341137, 1326.4448160535117, 1356.5685618729096, 1386.6923076923076, 1416.8160535117056, 1446.9397993311036, 1477.0635451505016, 1507.1872909698995, 1537.3110367892975, 1567.4347826086955, 1597.5585284280935, 1627.6822742474917, 1657.8060200668897, 1687.9297658862877, 1718.0535117056857, 1748.1772575250836, 1778.3010033444816, 1808.4247491638796, 1838.5484949832776, 1868.6722408026756, 1898.7959866220735, 1928.9197324414715, 1959.0434782608695, 1989.1672240802675, 2019.2909698996655, 2049.4147157190637, 2079.5384615384614, 2109.6622073578596, 2139.7859531772574, 2169.9096989966556, 2200.0334448160534, 2230.1571906354516, 2260.2809364548493, 2290.4046822742475, 2320.5284280936453, 2350.6521739130435, 2380.7759197324413, 2410.8996655518395, 2441.023411371237, 2471.1471571906354, 2501.270903010033, 2531.3946488294314, 2561.518394648829, 2591.6421404682274, 2621.7658862876256, 2651.8896321070233, 2682.0133779264215, 2712.1371237458193, 2742.2608695652175, 2772.3846153846152, 2802.5083612040135, 2832.632107023411, 2862.7558528428094, 2892.879598662207, 2923.0033444816054, 2953.127090301003, 2983.2508361204013, 3013.374581939799, 3043.4983277591973, 3073.622073578595, 3103.7458193979933, 3133.869565217391, 3163.9933110367892, 3194.117056856187, 3224.240802675585, 3254.3645484949834, 3284.488294314381, 3314.6120401337794, 3344.735785953177, 3374.8595317725753, 3404.983277591973, 3435.1070234113713, 3465.230769230769, 3495.3545150501673, 3525.478260869565, 3555.6020066889632, 3585.725752508361, 3615.849498327759, 3645.973244147157, 3676.096989966555, 3706.220735785953, 3736.344481605351, 3766.468227424749, 3796.591973244147, 3826.715719063545, 3856.839464882943, 3886.9632107023413, 3917.086956521739, 3947.210702341137, 3977.334448160535, 4007.458193979933, 4037.581939799331, 4067.705685618729, 4097.829431438127, 4127.953177257525, 4158.076923076923, 4188.200668896321, 4218.324414715719, 4248.448160535117, 4278.571906354515, 4308.695652173913, 4338.819397993311, 4368.9431438127085, 4399.066889632107, 4429.190635451505, 4459.314381270903, 4489.4381270903, 4519.561872909699, 4549.685618729097, 4579.809364548495, 4609.933110367893, 4640.056856187291, 4670.180602006689, 4700.304347826087, 4730.428093645485, 4760.5518394648825, 4790.675585284281, 4820.799331103679, 4850.923076923077, 4881.046822742474, 4911.170568561873, 4941.294314381271, 4971.418060200669, 5001.541806020066, 5031.665551839465, 5061.789297658863, 5091.913043478261, 5122.036789297658, 5152.1605351170565, 5182.284280936455, 5212.408026755853, 5242.531772575251, 5272.655518394648, 5302.779264214047, 5332.903010033445, 5363.026755852843, 5393.15050167224, 5423.274247491639, 5453.397993311037, 5483.521739130435, 5513.645484949832, 5543.7692307692305, 5573.892976588629, 5604.016722408027, 5634.140468227424, 5664.264214046822, 5694.387959866221, 5724.511705685619, 5754.635451505016, 5784.759197324414, 5814.882943143813, 5845.006688963211, 5875.130434782609, 5905.254180602006, 5935.3779264214045, 5965.501672240803, 5995.625418060201, 6025.749163879598, 6055.872909698996, 6085.996655518395, 6116.120401337793, 6146.24414715719, 6176.367892976588, 6206.491638795987, 6236.615384615385, 6266.739130434782, 6296.86287625418, 6326.9866220735785, 6357.110367892977, 6387.234113712374, 6417.357859531772, 6447.48160535117, 6477.605351170569, 6507.729096989967, 6537.852842809364, 6567.976588628762, 6598.1003344481605, 6628.224080267559, 6658.347826086956, 6688.471571906354, 6718.5953177257525, 6748.719063545151, 6778.842809364548, 6808.966555183946, 6839.090301003344, 6869.214046822743, 6899.33779264214, 6929.461538461538, 6959.585284280936, 6989.7090301003345, 7019.832775919732, 7049.95652173913, 7080.080267558528, 7110.2040133779265, 7140.327759197325, 7170.451505016722, 7200.57525083612, 7230.698996655518, 7260.822742474917, 7290.946488294314, 7321.070234113712, 7351.19397993311, 7381.3177257525085, 7411.441471571906, 7441.565217391304, 7471.688963210702, 7501.8127090301, 7531.936454849498, 7562.060200668896, 7592.183946488294, 7622.307692307692, 7652.43143812709, 7682.555183946488, 7712.678929765886, 7742.802675585284, 7772.9264214046825, 7803.05016722408, 7833.173913043478, 7863.297658862876, 7893.421404682274, 7923.545150501672, 7953.66889632107, 7983.792642140468, 8013.916387959866, 8044.040133779264, 8074.163879598662, 8104.28762541806, 8134.411371237458, 8164.535117056856, 8194.658862876255, 8224.782608695652, 8254.90635451505, 8285.030100334448, 8315.153846153846, 8345.277591973243, 8375.401337792642, 8405.52508361204, 8435.648829431439, 8465.772575250836, 8495.896321070233, 8526.020066889632, 8556.14381270903, 8586.267558528429, 8616.391304347826, 8646.515050167223, 8676.638795986622, 8706.76254180602, 8736.886287625417, 8767.010033444816, 8797.133779264213, 8827.257525083613, 8857.38127090301, 8887.505016722407, 8917.628762541806, 8947.752508361204, 8977.8762541806, 9008.0], "num_solved": 74, "cmc_vals": [0.0, 0.0, 0.01, 0.02, 0.04, 0.06, 0.07, 0.09, 0.09, 0.11, 0.13, 0.14, 0.14, 0.15, 0.17, 0.17, 0.21, 0.22, 0.23, 0.23, 0.23, 0.27, 0.29, 0.3, 0.31, 0.33, 0.36, 0.37, 0.4, 0.43, 0.45, 0.46, 0.49, 0.5, 0.52, 0.53, 0.56, 0.56, 0.58, 0.6, 0.61, 0.63, 0.63, 0.64, 0.65, 0.65, 0.66, 0.67, 0.67, 0.67, 0.68, 0.69, 0.69, 0.69, 0.69, 0.69, 0.69, 0.69, 0.69, 0.69, 0.69, 0.69, 0.69, 0.69, 0.69, 0.7, 0.7, 0.7, 0.7, 0.7, 0.7, 0.7, 0.7, 0.7, 0.7, 0.71, 0.71, 0.72, 0.72, 0.72, 0.72, 0.72, 0.73, 0.73, 0.73, 0.73, 0.73, 0.73, 0.74, 0.74, 0.74, 0.74, 0.74, 0.74, 0.74, 0.74, 0.74, 0.74, 0.74, 0.74, 0.74, 0.74, 0.74, 0.74, 0.74, 0.74, 0.74, 0.74, 0.74, 0.74, 0.74, 0.74, 0.74, 0.74, 0.74, 0.74, 0.74, 0.74, 0.74, 0.74, 0.74, 0.74, 0.74, 0.74, 0.74, 0.74, 0.74, 0.74, 0.74, 0.74, 0.74, 0.74, 0.74, 0.74, 0.74, 0.74, 0.74, 0.74, 0.74, 0.74, 0.74, 0.74, 0.74, 0.74, 0.74, 0.74, 0.74, 0.74, 0.74, 0.74, 0.74, 0.74, 0.74, 0.74, 0.74, 0.74, 0.74, 0.74, 0.74, 0.74, 0.74, 0.74, 0.74, 0.74, 0.74, 0.74, 0.74, 0.74, 0.74, 0.74, 0.74, 0.74, 0.74, 0.74, 0.74, 0.74, 0.74, 0.74, 0.74, 0.74, 0.74, 0.74, 0.74, 0.74, 0.74, 0.74, 0.74, 0.74, 0.74, 0.74, 0.74, 0.74, 0.74, 0.74, 0.74, 0.74, 0.74, 0.74, 0.74, 0.74, 0.74, 0.74, 0.74, 0.74, 0.74, 0.74, 0.74, 0.74, 0.74, 0.74, 0.74, 0.74, 0.74, 0.74, 0.74, 0.74, 0.74, 0.74, 0.74, 0.74, 0.74, 0.74, 0.74, 0.74, 0.74, 0.74, 0.74, 0.74, 0.74, 0.74, 0.74, 0.74, 0.74, 0.74, 0.74, 0.74, 0.74, 0.74, 0.74, 0.74, 0.74, 0.74, 0.74, 0.74, 0.74, 0.74, 0.74, 0.74, 0.74, 0.74, 0.74, 0.74, 0.74, 0.74, 0.74, 0.74, 0.74, 0.74, 0.74, 0.74, 0.74, 0.74, 0.74, 0.74, 0.74, 0.74, 0.74, 0.74, 0.74, 0.74, 0.74, 0.74, 0.74, 0.74, 0.74, 0.74, 0.74, 0.74, 0.74, 0.74, 0.74, 0.74, 0.74, 0.74, 0.74, 0.74, 0.74, 0.74, 0.74, 0.74, 0.74, 0.74, 0.74, 0.74, 0.74, 0.74, 0.74, 0.74, 0.74, 0.74]}