{"calc_counters": [4760.870967741936], "capture": "CRS", "cmc_iters": [1.0, 34.47826086956522, 67.95652173913044, 101.43478260869566, 134.91304347826087, 168.3913043478261, 201.8695652173913, 235.34782608695653, 268.82608695652175, 302.304347826087, 335.7826086956522, 369.2608695652174, 402.7391304347826, 436.21739130434787, 469.69565217391306, 503.17391304347825, 536.6521739130435, 570.1304347826087, 603.608695652174, 637.0869565217391, 670.5652173913044, 704.0434782608696, 737.5217391304348, 771.0, 804.4782608695652, 837.9565217391305, 871.4347826086957, 904.9130434782609, 938.3913043478261, 971.8695652173914, 1005.3478260869565, 1038.8260869565217, 1072.304347826087, 1105.7826086956522, 1139.2608695652175, 1172.7391304347827, 1206.217391304348, 1239.695652173913, 1273.1739130434783, 1306.6521739130435, 1340.1304347826087, 1373.608695652174, 1407.0869565217392, 1440.5652173913045, 1474.0434782608695, 1507.5217391304348, 1541.0, 1574.4782608695652, 1607.9565217391305, 1641.4347826086957, 1674.913043478261, 1708.3913043478262, 1741.8695652173915, 1775.3478260869565, 1808.8260869565217, 1842.304347826087, 1875.7826086956522, 1909.2608695652175, 1942.7391304347827, 1976.217391304348, 2009.695652173913, 2043.1739130434783, 2076.6521739130435, 2110.130434782609, 2143.608695652174, 2177.086956521739, 2210.5652173913045, 2244.0434782608695, 2277.521739130435, 2311.0, 2344.4782608695655, 2377.9565217391305, 2411.434782608696, 2444.913043478261, 2478.391304347826, 2511.8695652173915, 2545.3478260869565, 2578.826086956522, 2612.304347826087, 2645.7826086956525, 2679.2608695652175, 2712.7391304347825, 2746.217391304348, 2779.695652173913, 2813.1739130434785, 2846.6521739130435, 2880.130434782609, 2913.608695652174, 2947.086956521739, 2980.5652173913045, 3014.0434782608695, 3047.521739130435, 3081.0, 3114.4782608695655, 3147.9565217391305, 3181.434782608696, 3214.913043478261, 3248.391304347826, 3281.8695652173915, 3315.3478260869565, 3348.826086956522, 3382.304347826087, 3415.7826086956525, 3449.2608695652175, 3482.739130434783, 3516.217391304348, 3549.695652173913, 3583.1739130434785, 3616.6521739130435, 3650.130434782609, 3683.608695652174, 3717.0869565217395, 3750.5652173913045, 3784.0434782608695, 3817.521739130435, 3851.0, 3884.4782608695655, 3917.9565217391305, 3951.434782608696, 3984.913043478261, 4018.391304347826, 4051.8695652173915, 4085.3478260869565, 4118.826086956522, 4152.304347826087, 4185.782608695652, 4219.260869565218, 4252.739130434783, 4286.217391304348, 4319.695652173913, 4353.173913043478, 4386.652173913044, 4420.130434782609, 4453.608695652174, 4487.086956521739, 4520.565217391305, 4554.04347826087, 4587.521739130435, 4621.0, 4654.478260869565, 4687.956521739131, 4721.434782608696, 4754.913043478261, 4788.391304347826, 4821.869565217392, 4855.347826086957, 4888.826086956522, 4922.304347826087, 4955.782608695652, 4989.260869565218, 5022.739130434783, 5056.217391304348, 5089.695652173913, 5123.173913043478, 5156.652173913044, 5190.130434782609, 5223.608695652174, 5257.086956521739, 5290.565217391305, 5324.04347826087, 5357.521739130435, 5391.0, 5424.478260869565, 5457.956521739131, 5491.434782608696, 5524.913043478261, 5558.391304347826, 5591.869565217392, 5625.347826086957, 5658.826086956522, 5692.304347826087, 5725.782608695652, 5759.260869565218, 5792.739130434783, 5826.217391304348, 5859.695652173913, 5893.173913043478, 5926.652173913044, 5960.130434782609, 5993.608695652174, 6027.086956521739, 6060.565217391305, 6094.04347826087, 6127.521739130435, 6161.0, 6194.478260869565, 6227.956521739131, 6261.434782608696, 6294.913043478261, 6328.391304347826, 6361.869565217392, 6395.347826086957, 6428.826086956522, 6462.304347826087, 6495.782608695652, 6529.260869565218, 6562.739130434783, 6596.217391304348, 6629.695652173913, 6663.173913043479, 6696.652173913044, 6730.130434782609, 6763.608695652174, 6797.086956521739, 6830.565217391305, 6864.04347826087, 6897.521739130435, 6931.0, 6964.478260869566, 6997.956521739131, 7031.434782608696, 7064.913043478261, 7098.391304347826, 7131.869565217392, 7165.347826086957, 7198.826086956522, 7232.304347826087, 7265.782608695652, 7299.260869565218, 7332.739130434783, 7366.217391304348, 7399.695652173913, 7433.173913043479, 7466.652173913044, 7500.130434782609, 7533.608695652174, 7567.086956521739, 7600.565217391305, 7634.04347826087, 7667.521739130435, 7701.0, 7734.478260869566, 7767.956521739131, 7801.434782608696, 7834.913043478261, 7868.391304347826, 7901.869565217392, 7935.347826086957, 7968.826086956522, 8002.304347826087, 8035.782608695652, 8069.260869565218, 8102.739130434783, 8136.217391304348, 8169.695652173913, 8203.173913043478, 8236.652173913044, 8270.13043478261, 8303.608695652174, 8337.08695652174, 8370.565217391304, 8404.04347826087, 8437.521739130436, 8471.0, 8504.478260869566, 8537.95652173913, 8571.434782608696, 8604.913043478262, 8638.391304347826, 8671.869565217392, 8705.347826086956, 8738.826086956522, 8772.304347826088, 8805.782608695652, 8839.260869565218, 8872.739130434782, 8906.217391304348, 8939.695652173914, 8973.173913043478, 9006.652173913044, 9040.13043478261, 9073.608695652174, 9107.08695652174, 9140.565217391304, 9174.04347826087, 9207.521739130436, 9241.0, 9274.478260869566, 9307.95652173913, 9341.434782608696, 9374.913043478262, 9408.391304347826, 9441.869565217392, 9475.347826086956, 9508.826086956522, 9542.304347826088, 9575.782608695652, 9609.260869565218, 9642.739130434784, 9676.217391304348, 9709.695652173914, 9743.173913043478, 9776.652173913044, 9810.13043478261, 9843.608695652174, 9877.08695652174, 9910.565217391304, 9944.04347826087, 9977.521739130436, 10011.0], "num_solved": 93, "cmc_vals": [0.0, 0.0, 0.0, 0.0, 0.01, 0.01, 0.01, 0.01, 0.01, 0.01, 0.01, 0.02, 0.02, 0.02, 0.02, 0.02, 0.02, 0.02, 0.02, 0.04, 0.05, 0.06, 0.07, 0.08, 0.08, 0.09, 0.09, 0.1, 0.1, 0.1, 0.11, 0.11, 0.11, 0.11, 0.11, 0.11, 0.12, 0.12, 0.13, 0.13, 0.13, 0.13, 0.13, 0.13, 0.14, 0.14, 0.14, 0.14, 0.14, 0.15, 0.15, 0.16, 0.16, 0.16, 0.16, 0.17, 0.17, 0.18, 0.19, 0.19, 0.19, 0.19, 0.2, 0.2, 0.2, 0.21, 0.21, 0.21, 0.21, 0.22, 0.22, 0.22, 0.23, 0.23, 0.23, 0.23, 0.24, 0.24, 0.25, 0.25, 0.25, 0.27, 0.27, 0.27, 0.27, 0.27, 0.27, 0.27, 0.29, 0.29, 0.29, 0.29, 0.29, 0.29, 0.3, 0.3, 0.3, 0.3, 0.3, 0.3, 0.32, 0.32, 0.32, 0.32, 0.33, 0.34, 0.34, 0.34, 0.34, 0.34, 0.34, 0.34, 0.34, 0.35, 0.35, 0.35, 0.35, 0.36, 0.36, 0.37, 0.37, 0.37, 0.37, 0.37, 0.37, 0.37, 0.37, 0.38, 0.38, 0.4, 0.4, 0.4, 0.41, 0.42, 0.42, 0.42, 0.42, 0.42, 0.42, 0.43, 0.43, 0.44, 0.44, 0.44, 0.45, 0.45, 0.45, 0.45, 0.45, 0.46, 0.46, 0.46, 0.48, 0.48, 0.48, 0.49, 0.49, 0.5, 0.51, 0.51, 0.51, 0.52, 0.53, 0.53, 0.54, 0.54, 0.55, 0.56, 0.56, 0.57, 0.57, 0.57, 0.58, 0.58, 0.58, 0.61, 0.61, 0.62, 0.62, 0.62, 0.62, 0.62, 0.62, 0.63, 0.63, 0.64, 0.64, 0.64, 0.64, 0.65, 0.65, 0.65, 0.66, 0.66, 0.66, 0.66, 0.67, 0.67, 0.68, 0.68, 0.69, 0.69, 0.69, 0.7, 0.7, 0.7, 0.7, 0.7, 0.71, 0.71, 0.71, 0.71, 0.71, 0.73, 0.73, 0.74, 0.74, 0.75, 0.75, 0.75, 0.75, 0.75, 0.77, 0.77, 0.78, 0.78, 0.78, 0.78, 0.78, 0.79, 0.79, 0.79, 0.79, 0.81, 0.81, 0.81, 0.81, 0.82, 0.82, 0.82, 0.82, 0.82, 0.82, 0.82, 0.82, 0.82, 0.82, 0.82, 0.83, 0.83, 0.83, 0.83, 0.83, 0.84, 0.84, 0.84, 0.84, 0.85, 0.85, 0.85, 0.85, 0.86, 0.86, 0.86, 0.87, 0.87, 0.87, 0.87, 0.87, 0.88, 0.89, 0.89, 0.89, 0.89, 0.89, 0.89, 0.89, 0.89, 0.89, 0.9, 0.9, 0.9, 0.91, 0.91, 0.91, 0.91, 0.91, 0.91, 0.91, 0.91, 0.91, 0.91, 0.91, 0.91, 0.92, 0.92, 0.92, 0.92, 0.93, 0.93]}