{"calc_counters": [1140.09], "capture": "DIRECTl", "cmc_iters": [1.0, 9.80267558528428, 18.60535117056856, 27.40802675585284, 36.21070234113712, 45.0133779264214, 53.81605351170568, 62.618729096989966, 71.42140468227424, 80.22408026755852, 89.0267558528428, 97.82943143812709, 106.63210702341136, 115.43478260869564, 124.23745819397993, 133.0401337792642, 141.8428093645485, 150.64548494983276, 159.44816053511704, 168.25083612040132, 177.0535117056856, 185.8561872909699, 194.65886287625418, 203.46153846153845, 212.26421404682273, 221.066889632107, 229.86956521739128, 238.67224080267556, 247.47491638795987, 256.27759197324417, 265.0802675585284, 273.88294314381267, 282.685618729097, 291.4882943143813, 300.2909698996655, 309.09364548494983, 317.8963210702341, 326.6989966555184, 335.50167224080263, 344.30434782608694, 353.1070234113712, 361.9096989966555, 370.7123745819398, 379.51505016722405, 388.31772575250835, 397.1204013377926, 405.9230769230769, 414.72575250836115, 423.52842809364546, 432.33110367892976, 441.133779264214, 449.9364548494983, 458.73913043478257, 467.5418060200669, 476.3444816053511, 485.1471571906354, 493.94983277591973, 502.752508361204, 511.5551839464883, 520.3578595317725, 529.1605351170568, 537.9632107023411, 546.7658862876253, 555.5685618729096, 564.371237458194, 573.1739130434783, 581.9765886287626, 590.7792642140467, 599.581939799331, 608.3846153846154, 617.1872909698997, 625.9899665551839, 634.7926421404682, 643.5953177257525, 652.3979933110368, 661.2006688963211, 670.0033444816053, 678.8060200668896, 687.6086956521739, 696.4113712374582, 705.2140468227424, 714.0167224080267, 722.819397993311, 731.6220735785953, 740.4247491638796, 749.2274247491638, 758.0301003344481, 766.8327759197324, 775.6354515050167, 784.438127090301, 793.2408026755852, 802.0434782608695, 810.8461538461538, 819.6488294314381, 828.4515050167223, 837.2541806020066, 846.0568561872909, 854.8595317725752, 863.6622073578595, 872.4648829431437, 881.267558528428, 890.0702341137123, 898.8729096989966, 907.6755852842808, 916.4782608695651, 925.2809364548494, 934.0836120401337, 942.886287625418, 951.6889632107022, 960.4916387959865, 969.2943143812709, 978.0969899665552, 986.8996655518395, 995.7023411371237, 1004.505016722408, 1013.3076923076923, 1022.1103678929766, 1030.9130434782608, 1039.715719063545, 1048.5183946488294, 1057.3210702341137, 1066.123745819398, 1074.9264214046823, 1083.7290969899666, 1092.5317725752507, 1101.334448160535, 1110.1371237458193, 1118.9397993311036, 1127.742474916388, 1136.5451505016722, 1145.3478260869565, 1154.1505016722408, 1162.953177257525, 1171.7558528428092, 1180.5585284280935, 1189.3612040133778, 1198.163879598662, 1206.9665551839464, 1215.7692307692307, 1224.571906354515, 1233.3745819397993, 1242.1772575250836, 1250.9799331103677, 1259.782608695652, 1268.5852842809363, 1277.3879598662206, 1286.190635451505, 1294.9933110367892, 1303.7959866220735, 1312.5986622073578, 1321.4013377926422, 1330.2040133779262, 1339.0066889632105, 1347.8093645484948, 1356.6120401337791, 1365.4147157190635, 1374.2173913043478, 1383.020066889632, 1391.8227424749164, 1400.6254180602007, 1409.4280936454848, 1418.230769230769, 1427.0334448160534, 1435.8361204013377, 1444.638795986622, 1453.4414715719063, 1462.2441471571906, 1471.046822742475, 1479.8494983277592, 1488.6521739130435, 1497.4548494983276, 1506.2575250836119, 1515.0602006688962, 1523.8628762541805, 1532.6655518394648, 1541.468227424749, 1550.2709030100334, 1559.0735785953177, 1567.876254180602, 1576.678929765886, 1585.4816053511704, 1594.2842809364547, 1603.086956521739, 1611.8896321070233, 1620.6923076923076, 1629.494983277592, 1638.2976588628762, 1647.1003344481605, 1655.9030100334446, 1664.705685618729, 1673.5083612040132, 1682.3110367892975, 1691.1137123745818, 1699.9163879598661, 1708.7190635451504, 1717.5217391304348, 1726.324414715719, 1735.1270903010031, 1743.9297658862874, 1752.7324414715717, 1761.535117056856, 1770.3377926421404, 1779.1404682274247, 1787.943143812709, 1796.7458193979933, 1805.5484949832776, 1814.3511705685617, 1823.153846153846, 1831.9565217391303, 1840.7591973244146, 1849.5618729096989, 1858.3645484949832, 1867.1672240802675, 1875.9698996655518, 1884.772575250836, 1893.5752508361202, 1902.3779264214045, 1911.1806020066888, 1919.983277591973, 1928.7859531772574, 1937.5886287625417, 1946.391304347826, 1955.1939799331103, 1963.9966555183946, 1972.799331103679, 1981.602006688963, 1990.4046822742473, 1999.2073578595316, 2008.010033444816, 2016.8127090301002, 2025.6153846153845, 2034.4180602006688, 2043.2207357859531, 2052.023411371237, 2060.8260869565215, 2069.628762541806, 2078.43143812709, 2087.2341137123744, 2096.0367892976587, 2104.839464882943, 2113.6421404682274, 2122.4448160535117, 2131.247491638796, 2140.0501672240803, 2148.8528428093646, 2157.655518394649, 2166.458193979933, 2175.260869565217, 2184.0635451505013, 2192.8662207357856, 2201.66889632107, 2210.4715719063543, 2219.2742474916386, 2228.076923076923, 2236.879598662207, 2245.6822742474915, 2254.484949832776, 2263.28762541806, 2272.0903010033444, 2280.8929765886287, 2289.695652173913, 2298.4983277591973, 2307.3010033444816, 2316.103678929766, 2324.90635451505, 2333.7090301003345, 2342.5117056856184, 2351.3143812709027, 2360.117056856187, 2368.9197324414713, 2377.7224080267556, 2386.52508361204, 2395.327759197324, 2404.1304347826085, 2412.933110367893, 2421.735785953177, 2430.5384615384614, 2439.3411371237457, 2448.14381270903, 2456.9464882943143, 2465.7491638795987, 2474.551839464883, 2483.3545150501673, 2492.1571906354516, 2500.9598662207354, 2509.7625418060197, 2518.565217391304, 2527.3678929765883, 2536.1705685618726, 2544.973244147157, 2553.7759197324413, 2562.5785953177256, 2571.38127090301, 2580.183946488294, 2588.9866220735785, 2597.789297658863, 2606.591973244147, 2615.3946488294314, 2624.1973244147157, 2633.0], "num_solved": 100, "cmc_vals": [0.0, 0.0, 0.0, 0.01, 0.04, 0.04, 0.04, 0.04, 0.05, 0.05, 0.06, 0.07, 0.08, 0.11, 0.11, 0.12, 0.14, 0.16, 0.18, 0.19, 0.19, 0.19, 0.19, 0.19, 0.2, 0.2, 0.2, 0.2, 0.2, 0.21, 0.21, 0.21, 0.21, 0.21, 0.21, 0.21, 0.21, 0.21, 0.21, 0.21, 0.21, 0.21, 0.21, 0.21, 0.21, 0.21, 0.21, 0.21, 0.21, 0.21, 0.21, 0.21, 0.21, 0.21, 0.21, 0.21, 0.21, 0.21, 0.23, 0.23, 0.23, 0.24, 0.25, 0.25, 0.25, 0.25, 0.25, 0.25, 0.25, 0.25, 0.25, 0.25, 0.25, 0.25, 0.25, 0.25, 0.25, 0.25, 0.25, 0.25, 0.26, 0.27, 0.27, 0.28, 0.28, 0.28, 0.29, 0.29, 0.3, 0.3, 0.3, 0.31, 0.31, 0.31, 0.31, 0.31, 0.31, 0.32, 0.32, 0.32, 0.33, 0.33, 0.34, 0.34, 0.34, 0.34, 0.34, 0.34, 0.35, 0.35, 0.35, 0.36, 0.37, 0.39, 0.39, 0.4, 0.4, 0.4, 0.41, 0.41, 0.41, 0.44, 0.44, 0.44, 0.44, 0.45, 0.46, 0.46, 0.46, 0.47, 0.48, 0.48, 0.48, 0.48, 0.48, 0.49, 0.49, 0.49, 0.5, 0.51, 0.52, 0.52, 0.52, 0.53, 0.53, 0.54, 0.54, 0.54, 0.54, 0.54, 0.55, 0.57, 0.57, 0.57, 0.58, 0.58, 0.58, 0.6, 0.6, 0.61, 0.62, 0.62, 0.63, 0.64, 0.64, 0.66, 0.67, 0.67, 0.67, 0.67, 0.68, 0.68, 0.69, 0.69, 0.69, 0.69, 0.69, 0.7, 0.71, 0.71, 0.71, 0.71, 0.72, 0.72, 0.72, 0.73, 0.74, 0.75, 0.75, 0.77, 0.78, 0.78, 0.78, 0.79, 0.79, 0.8, 0.81, 0.81, 0.81, 0.81, 0.82, 0.82, 0.82, 0.83, 0.85, 0.85, 0.85, 0.85, 0.85, 0.85, 0.85, 0.85, 0.85, 0.85, 0.85, 0.85, 0.85, 0.85, 0.85, 0.85, 0.86, 0.86, 0.88, 0.88, 0.89, 0.89, 0.9, 0.91, 0.91, 0.91, 0.92, 0.92, 0.92, 0.92, 0.92, 0.92, 0.93, 0.93, 0.93, 0.93, 0.93, 0.93, 0.94, 0.94, 0.94, 0.94, 0.94, 0.94, 0.94, 0.94, 0.94, 0.94, 0.94, 0.94, 0.94, 0.94, 0.94, 0.95, 0.95, 0.95, 0.96, 0.96, 0.96, 0.96, 0.96, 0.96, 0.97, 0.97, 0.97, 0.97, 0.97, 0.97, 0.97, 0.97, 0.98, 0.98, 0.98, 0.98, 0.98, 0.98, 0.98, 0.98, 0.98, 0.98, 0.98, 0.98, 0.98, 0.99, 0.99, 0.99, 0.99, 0.99, 0.99, 0.99, 0.99, 0.99, 0.99, 0.99, 0.99, 1.0]}