{"calc_counters": [1003.82], "capture": "DIRECT", "cmc_iters": [1.0, 11.19732441471572, 21.39464882943144, 31.59197324414716, 41.78929765886288, 51.9866220735786, 62.18394648829432, 72.38127090301003, 82.57859531772576, 92.77591973244148, 102.9732441471572, 113.17056856187291, 123.36789297658864, 133.56521739130434, 143.76254180602007, 153.9598662207358, 164.1571906354515, 174.35451505016724, 184.55183946488296, 194.74916387959868, 204.9464882943144, 215.1438127090301, 225.34113712374582, 235.53846153846155, 245.73578595317727, 255.933110367893, 266.1304347826087, 276.32775919732444, 286.52508361204013, 296.7224080267559, 306.9197324414716, 317.11705685618733, 327.314381270903, 337.5117056856187, 347.7090301003345, 357.90635451505017, 368.1036789297659, 378.3010033444816, 388.49832775919737, 398.69565217391306, 408.8929765886288, 419.0903010033445, 429.2876254180602, 439.48494983277595, 449.68227424749165, 459.8795986622074, 470.0769230769231, 480.27424749163885, 490.47157190635454, 500.66889632107024, 510.866220735786, 521.0635451505017, 531.2608695652174, 541.4581939799332, 551.6555183946489, 561.8528428093646, 572.0501672240803, 582.247491638796, 592.4448160535118, 602.6421404682275, 612.8394648829432, 623.0367892976589, 633.2341137123747, 643.4314381270904, 653.628762541806, 663.8260869565217, 674.0234113712374, 684.2207357859533, 694.418060200669, 704.6153846153846, 714.8127090301003, 725.0100334448161, 735.2073578595318, 745.4046822742475, 755.6020066889632, 765.7993311036789, 775.9966555183947, 786.1939799331104, 796.3913043478261, 806.5886287625418, 816.7859531772576, 826.9832775919733, 837.180602006689, 847.3779264214047, 857.5752508361204, 867.7725752508362, 877.9698996655519, 888.1672240802676, 898.3645484949833, 908.561872909699, 918.7591973244148, 928.9565217391305, 939.1538461538462, 949.3511705685619, 959.5484949832777, 969.7458193979934, 979.9431438127091, 990.1404682274248, 1000.3377926421405, 1010.5351170568563, 1020.732441471572, 1030.9297658862877, 1041.1270903010034, 1051.324414715719, 1061.5217391304348, 1071.7190635451504, 1081.9163879598664, 1092.113712374582, 1102.3110367892978, 1112.5083612040135, 1122.7056856187291, 1132.9030100334448, 1143.1003344481605, 1153.2976588628762, 1163.494983277592, 1173.6923076923078, 1183.8896321070235, 1194.0869565217392, 1204.284280936455, 1214.4816053511706, 1224.6789297658863, 1234.876254180602, 1245.0735785953177, 1255.2709030100334, 1265.4682274247493, 1275.665551839465, 1285.8628762541807, 1296.0602006688964, 1306.257525083612, 1316.4548494983278, 1326.6521739130435, 1336.8494983277592, 1347.046822742475, 1357.2441471571908, 1367.4414715719065, 1377.6387959866222, 1387.836120401338, 1398.0334448160536, 1408.2307692307693, 1418.428093645485, 1428.6254180602007, 1438.8227424749164, 1449.0200668896323, 1459.217391304348, 1469.4147157190637, 1479.6120401337794, 1489.809364548495, 1500.0066889632108, 1510.2040133779265, 1520.4013377926422, 1530.5986622073578, 1540.7959866220738, 1550.9933110367895, 1561.1906354515052, 1571.3879598662209, 1581.5852842809365, 1591.7826086956522, 1601.979933110368, 1612.1772575250836, 1622.3745819397993, 1632.5719063545152, 1642.769230769231, 1652.9665551839466, 1663.1638795986623, 1673.361204013378, 1683.5585284280937, 1693.7558528428094, 1703.953177257525, 1714.1505016722408, 1724.3478260869565, 1734.5451505016724, 1744.7424749163881, 1754.9397993311038, 1765.1371237458195, 1775.3344481605352, 1785.531772575251, 1795.7290969899666, 1805.9264214046823, 1816.123745819398, 1826.321070234114, 1836.5183946488296, 1846.7157190635453, 1856.913043478261, 1867.1103678929767, 1877.3076923076924, 1887.505016722408, 1897.7023411371238, 1907.8996655518395, 1918.0969899665554, 1928.294314381271, 1938.4916387959868, 1948.6889632107025, 1958.8862876254182, 1969.0836120401339, 1979.2809364548496, 1989.4782608695652, 1999.675585284281, 2009.8729096989969, 2020.0702341137126, 2030.2675585284283, 2040.464882943144, 2050.6622073578596, 2060.8595317725753, 2071.056856187291, 2081.2541806020067, 2091.4515050167224, 2101.648829431438, 2111.846153846154, 2122.0434782608695, 2132.240802675585, 2142.438127090301, 2152.635451505017, 2162.8327759197327, 2173.0301003344484, 2183.227424749164, 2193.42474916388, 2203.6220735785955, 2213.819397993311, 2224.016722408027, 2234.2140468227426, 2244.4113712374583, 2254.608695652174, 2264.8060200668897, 2275.0033444816054, 2285.200668896321, 2295.3979933110368, 2305.5953177257525, 2315.792642140468, 2325.989966555184, 2336.1872909699, 2346.3846153846157, 2356.5819397993314, 2366.779264214047, 2376.976588628763, 2387.1739130434785, 2397.371237458194, 2407.56856187291, 2417.7658862876256, 2427.9632107023413, 2438.160535117057, 2448.3578595317726, 2458.5551839464883, 2468.752508361204, 2478.9498327759197, 2489.1471571906354, 2499.344481605351, 2509.541806020067, 2519.739130434783, 2529.9364548494987, 2540.1337792642144, 2550.33110367893, 2560.5284280936457, 2570.7257525083614, 2580.923076923077, 2591.120401337793, 2601.3177257525085, 2611.515050167224, 2621.71237458194, 2631.9096989966556, 2642.1070234113713, 2652.304347826087, 2662.5016722408027, 2672.6989966555184, 2682.896321070234, 2693.09364548495, 2703.2909698996655, 2713.4882943143816, 2723.6856187290973, 2733.882943143813, 2744.0802675585287, 2754.2775919732444, 2764.47491638796, 2774.672240802676, 2784.8695652173915, 2795.066889632107, 2805.264214046823, 2815.4615384615386, 2825.6588628762543, 2835.85618729097, 2846.0535117056857, 2856.2508361204013, 2866.448160535117, 2876.6454849498327, 2886.8428093645484, 2897.0401337792646, 2907.2374581939803, 2917.434782608696, 2927.6321070234117, 2937.8294314381274, 2948.026755852843, 2958.2240802675587, 2968.4214046822744, 2978.61872909699, 2988.816053511706, 2999.0133779264215, 3009.210702341137, 3019.408026755853, 3029.6053511705686, 3039.8026755852843, 3050.0], "num_solved": 100, "cmc_vals": [0.0, 0.0, 0.0, 0.01, 0.03, 0.04, 0.04, 0.05, 0.06, 0.07, 0.11, 0.15, 0.15, 0.16, 0.17, 0.19, 0.2, 0.2, 0.2, 0.2, 0.21, 0.21, 0.21, 0.21, 0.21, 0.21, 0.21, 0.21, 0.22, 0.24, 0.24, 0.24, 0.24, 0.24, 0.25, 0.25, 0.25, 0.25, 0.25, 0.25, 0.25, 0.26, 0.26, 0.27, 0.27, 0.27, 0.28, 0.28, 0.28, 0.28, 0.29, 0.29, 0.29, 0.3, 0.32, 0.34, 0.34, 0.34, 0.34, 0.35, 0.36, 0.36, 0.36, 0.36, 0.38, 0.39, 0.39, 0.4, 0.4, 0.4, 0.4, 0.4, 0.4, 0.41, 0.41, 0.42, 0.42, 0.42, 0.42, 0.42, 0.42, 0.43, 0.43, 0.43, 0.43, 0.44, 0.44, 0.45, 0.46, 0.47, 0.47, 0.47, 0.49, 0.49, 0.49, 0.52, 0.52, 0.52, 0.54, 0.54, 0.55, 0.56, 0.56, 0.56, 0.57, 0.57, 0.57, 0.59, 0.6, 0.61, 0.61, 0.61, 0.63, 0.64, 0.66, 0.66, 0.66, 0.66, 0.66, 0.67, 0.68, 0.68, 0.68, 0.68, 0.68, 0.69, 0.69, 0.69, 0.71, 0.71, 0.72, 0.73, 0.73, 0.73, 0.73, 0.74, 0.74, 0.74, 0.76, 0.76, 0.76, 0.77, 0.77, 0.77, 0.77, 0.78, 0.78, 0.78, 0.78, 0.78, 0.78, 0.8, 0.8, 0.8, 0.8, 0.8, 0.81, 0.81, 0.81, 0.81, 0.81, 0.81, 0.82, 0.83, 0.83, 0.84, 0.84, 0.84, 0.84, 0.84, 0.84, 0.84, 0.84, 0.84, 0.84, 0.84, 0.85, 0.85, 0.85, 0.85, 0.85, 0.85, 0.85, 0.85, 0.85, 0.85, 0.86, 0.86, 0.86, 0.86, 0.87, 0.87, 0.88, 0.88, 0.88, 0.88, 0.88, 0.88, 0.88, 0.88, 0.88, 0.88, 0.88, 0.88, 0.88, 0.89, 0.89, 0.89, 0.89, 0.89, 0.89, 0.89, 0.9, 0.9, 0.9, 0.9, 0.9, 0.9, 0.91, 0.92, 0.92, 0.92, 0.92, 0.92, 0.93, 0.93, 0.93, 0.93, 0.93, 0.93, 0.93, 0.94, 0.94, 0.95, 0.95, 0.95, 0.95, 0.95, 0.95, 0.95, 0.95, 0.95, 0.95, 0.95, 0.95, 0.95, 0.95, 0.95, 0.95, 0.95, 0.96, 0.96, 0.96, 0.96, 0.96, 0.97, 0.97, 0.97, 0.97, 0.97, 0.97, 0.97, 0.97, 0.97, 0.97, 0.97, 0.97, 0.97, 0.98, 0.98, 0.98, 0.98, 0.98, 0.98, 0.98, 0.98, 0.98, 0.98, 0.98, 0.98, 0.98, 0.98, 0.98, 0.98, 0.98, 0.98, 0.98, 0.98, 0.99, 0.99, 0.99, 0.99, 0.99, 0.99, 0.99, 0.99, 0.99, 0.99, 0.99, 1.0]}