{"calc_counters": [1126.65], "capture": "DIRECTl", "cmc_iters": [1.0, 9.792642140468228, 18.585284280936456, 27.377926421404684, 36.17056856187291, 44.963210702341144, 53.75585284280937, 62.54849498327759, 71.34113712374582, 80.13377926421406, 88.92642140468229, 97.7190635451505, 106.51170568561874, 115.30434782608697, 124.09698996655518, 132.88963210702343, 141.68227424749165, 150.47491638795987, 159.2675585284281, 168.06020066889633, 176.85284280936457, 185.6454849498328, 194.438127090301, 203.23076923076925, 212.02341137123747, 220.8160535117057, 229.60869565217394, 238.40133779264215, 247.19397993311037, 255.98662207357862, 264.77926421404686, 273.5719063545151, 282.3645484949833, 291.1571906354515, 299.94983277591973, 308.742474916388, 317.5351170568562, 326.32775919732444, 335.12040133779266, 343.9130434782609, 352.70568561872915, 361.49832775919737, 370.2909698996656, 379.0836120401338, 387.876254180602, 396.66889632107024, 405.4615384615385, 414.2541806020067, 423.04682274247494, 431.83946488294316, 440.6321070234114, 449.42474916387965, 458.21739130434787, 467.0100334448161, 475.8026755852843, 484.5953177257525, 493.38795986622074, 502.180602006689, 510.97324414715723, 519.7658862876254, 528.5585284280937, 537.3511705685619, 546.1438127090302, 554.9364548494983, 563.7290969899666, 572.5217391304349, 581.314381270903, 590.1070234113713, 598.8996655518395, 607.6923076923077, 616.484949832776, 625.2775919732442, 634.0702341137124, 642.8628762541806, 651.6555183946489, 660.4481605351172, 669.2408026755853, 678.0334448160536, 686.8260869565217, 695.61872909699, 704.4113712374583, 713.2040133779265, 721.9966555183947, 730.7892976588629, 739.5819397993312, 748.3745819397993, 757.1672240802676, 765.9598662207359, 774.752508361204, 783.5451505016723, 792.3377926421405, 801.1304347826087, 809.923076923077, 818.7157190635452, 827.5083612040135, 836.3010033444816, 845.0936454849499, 853.8862876254182, 862.6789297658863, 871.4715719063546, 880.2642140468228, 889.056856187291, 897.8494983277593, 906.6421404682275, 915.4347826086957, 924.2274247491639, 933.0200668896322, 941.8127090301005, 950.6053511705686, 959.3979933110369, 968.190635451505, 976.9832775919733, 985.7759197324415, 994.5685618729098, 1003.361204013378, 1012.1538461538462, 1020.9464882943145, 1029.7391304347827, 1038.531772575251, 1047.324414715719, 1056.1170568561874, 1064.9096989966556, 1073.7023411371238, 1082.4949832775922, 1091.2876254180603, 1100.0802675585285, 1108.8729096989966, 1117.665551839465, 1126.4581939799332, 1135.2508361204013, 1144.0434782608697, 1152.836120401338, 1161.628762541806, 1170.4214046822742, 1179.2140468227426, 1188.0066889632108, 1196.799331103679, 1205.5919732441473, 1214.3846153846155, 1223.1772575250836, 1231.969899665552, 1240.7625418060202, 1249.5551839464883, 1258.3478260869565, 1267.140468227425, 1275.933110367893, 1284.7257525083612, 1293.5183946488296, 1302.3110367892978, 1311.103678929766, 1319.8963210702343, 1328.6889632107025, 1337.4816053511706, 1346.2742474916388, 1355.0668896321072, 1363.8595317725753, 1372.6521739130435, 1381.4448160535119, 1390.23745819398, 1399.0301003344482, 1407.8227424749166, 1416.6153846153848, 1425.408026755853, 1434.200668896321, 1442.9933110367895, 1451.7859531772576, 1460.5785953177258, 1469.3712374581942, 1478.1638795986623, 1486.9565217391305, 1495.7491638795987, 1504.541806020067, 1513.3344481605352, 1522.1270903010034, 1530.9197324414718, 1539.71237458194, 1548.505016722408, 1557.2976588628765, 1566.0903010033446, 1574.8829431438128, 1583.675585284281, 1592.4682274247493, 1601.2608695652175, 1610.0535117056857, 1618.846153846154, 1627.6387959866222, 1636.4314381270904, 1645.2240802675587, 1654.016722408027, 1662.809364548495, 1671.6020066889632, 1680.3946488294316, 1689.1872909698998, 1697.979933110368, 1706.7725752508363, 1715.5652173913045, 1724.3578595317726, 1733.1505016722408, 1741.9431438127092, 1750.7357859531774, 1759.5284280936455, 1768.321070234114, 1777.113712374582, 1785.9063545150502, 1794.6989966555186, 1803.4916387959868, 1812.284280936455, 1821.076923076923, 1829.8695652173915, 1838.6622073578596, 1847.4548494983278, 1856.2474916387962, 1865.0401337792644, 1873.8327759197325, 1882.625418060201, 1891.418060200669, 1900.2107023411372, 1909.0033444816054, 1917.7959866220738, 1926.588628762542, 1935.38127090301, 1944.1739130434785, 1952.9665551839466, 1961.7591973244148, 1970.551839464883, 1979.3444816053513, 1988.1371237458195, 1996.9297658862877, 2005.722408026756, 2014.5150501672242, 2023.3076923076924, 2032.1003344481608, 2040.892976588629, 2049.6856187290973, 2058.4782608695655, 2067.2709030100336, 2076.063545150502, 2084.85618729097, 2093.648829431438, 2102.4414715719063, 2111.234113712375, 2120.026755852843, 2128.819397993311, 2137.6120401337794, 2146.4046822742475, 2155.1973244147157, 2163.9899665551843, 2172.7826086956525, 2181.5752508361206, 2190.367892976589, 2199.160535117057, 2207.953177257525, 2216.7458193979933, 2225.538461538462, 2234.33110367893, 2243.123745819398, 2251.9163879598664, 2260.7090301003345, 2269.5016722408027, 2278.294314381271, 2287.0869565217395, 2295.8795986622076, 2304.672240802676, 2313.464882943144, 2322.257525083612, 2331.0501672240803, 2339.8428093645484, 2348.635451505017, 2357.428093645485, 2366.2207357859534, 2375.0133779264215, 2383.8060200668897, 2392.598662207358, 2401.3913043478265, 2410.1839464882946, 2418.976588628763, 2427.769230769231, 2436.561872909699, 2445.3545150501673, 2454.1471571906354, 2462.939799331104, 2471.732441471572, 2480.5250836120404, 2489.3177257525085, 2498.1103678929767, 2506.903010033445, 2515.695652173913, 2524.4882943143816, 2533.28093645485, 2542.073578595318, 2550.866220735786, 2559.6588628762543, 2568.4515050167224, 2577.2441471571906, 2586.036789297659, 2594.8294314381274, 2603.6220735785955, 2612.4147157190637, 2621.207357859532, 2630.0], "num_solved": 100, "cmc_vals": [0.0, 0.01, 0.01, 0.02, 0.04, 0.04, 0.04, 0.05, 0.06, 0.07, 0.07, 0.08, 0.09, 0.11, 0.13, 0.16, 0.17, 0.19, 0.19, 0.19, 0.19, 0.19, 0.19, 0.2, 0.2, 0.2, 0.2, 0.2, 0.2, 0.21, 0.21, 0.21, 0.21, 0.21, 0.21, 0.21, 0.21, 0.21, 0.21, 0.21, 0.21, 0.21, 0.21, 0.21, 0.21, 0.21, 0.21, 0.21, 0.21, 0.21, 0.21, 0.21, 0.21, 0.21, 0.22, 0.22, 0.22, 0.22, 0.23, 0.23, 0.24, 0.24, 0.25, 0.25, 0.25, 0.25, 0.25, 0.25, 0.25, 0.25, 0.25, 0.25, 0.25, 0.25, 0.25, 0.25, 0.25, 0.27, 0.27, 0.27, 0.28, 0.28, 0.28, 0.28, 0.29, 0.29, 0.29, 0.29, 0.3, 0.3, 0.31, 0.31, 0.31, 0.31, 0.31, 0.31, 0.31, 0.33, 0.33, 0.33, 0.33, 0.34, 0.34, 0.34, 0.34, 0.34, 0.34, 0.34, 0.35, 0.35, 0.35, 0.35, 0.38, 0.39, 0.39, 0.41, 0.41, 0.41, 0.41, 0.41, 0.42, 0.44, 0.44, 0.44, 0.45, 0.46, 0.46, 0.46, 0.46, 0.47, 0.48, 0.48, 0.48, 0.49, 0.5, 0.5, 0.5, 0.5, 0.52, 0.52, 0.52, 0.52, 0.52, 0.53, 0.53, 0.54, 0.54, 0.54, 0.54, 0.57, 0.58, 0.58, 0.58, 0.58, 0.59, 0.6, 0.6, 0.62, 0.62, 0.62, 0.63, 0.64, 0.66, 0.66, 0.67, 0.67, 0.67, 0.67, 0.67, 0.68, 0.68, 0.68, 0.69, 0.7, 0.7, 0.7, 0.7, 0.7, 0.71, 0.71, 0.71, 0.72, 0.72, 0.72, 0.72, 0.73, 0.76, 0.78, 0.78, 0.78, 0.78, 0.78, 0.8, 0.8, 0.81, 0.81, 0.81, 0.81, 0.81, 0.81, 0.82, 0.83, 0.84, 0.84, 0.85, 0.85, 0.85, 0.85, 0.85, 0.85, 0.85, 0.85, 0.85, 0.85, 0.85, 0.85, 0.85, 0.85, 0.86, 0.86, 0.88, 0.88, 0.88, 0.88, 0.88, 0.9, 0.9, 0.9, 0.91, 0.91, 0.91, 0.92, 0.92, 0.93, 0.93, 0.93, 0.93, 0.93, 0.93, 0.93, 0.94, 0.94, 0.94, 0.94, 0.94, 0.94, 0.94, 0.94, 0.94, 0.94, 0.94, 0.94, 0.94, 0.94, 0.94, 0.95, 0.95, 0.96, 0.96, 0.96, 0.96, 0.96, 0.96, 0.96, 0.96, 0.97, 0.97, 0.97, 0.97, 0.97, 0.97, 0.97, 0.98, 0.98, 0.98, 0.98, 0.98, 0.98, 0.98, 0.98, 0.98, 0.98, 0.98, 0.98, 0.99, 0.99, 0.99, 0.99, 0.99, 0.99, 0.99, 0.99, 0.99, 0.99, 0.99, 0.99, 0.99, 0.99, 0.99, 1.0]}