{"calc_counters": [1042.54], "capture": "MLSL", "cmc_iters": [1.0, 18.96655518394649, 36.93311036789298, 54.89966555183947, 72.86622073578596, 90.83277591973246, 108.79933110367894, 126.76588628762542, 144.73244147157192, 162.6989966555184, 180.6655518394649, 198.63210702341138, 216.59866220735788, 234.56521739130437, 252.53177257525084, 270.49832775919737, 288.46488294314383, 306.4314381270903, 324.3979933110368, 342.3645484949833, 360.3311036789298, 378.2976588628763, 396.26421404682276, 414.2307692307693, 432.19732441471575, 450.1638795986622, 468.13043478260875, 486.0969899665552, 504.0635451505017, 522.0301003344482, 539.9966555183947, 557.9632107023411, 575.9297658862877, 593.8963210702342, 611.8628762541806, 629.8294314381271, 647.7959866220737, 665.7625418060201, 683.7290969899666, 701.6956521739131, 719.6622073578596, 737.628762541806, 755.5953177257526, 773.5618729096991, 791.5284280936455, 809.494983277592, 827.4615384615386, 845.428093645485, 863.3946488294315, 881.361204013378, 899.3277591973244, 917.294314381271, 935.2608695652175, 953.2274247491639, 971.1939799331104, 989.160535117057, 1007.1270903010034, 1025.09364548495, 1043.0602006688964, 1061.0267558528428, 1078.9933110367895, 1096.9598662207359, 1114.9264214046823, 1132.892976588629, 1150.8595317725753, 1168.8260869565217, 1186.7926421404684, 1204.7591973244148, 1222.7257525083612, 1240.6923076923078, 1258.6588628762543, 1276.6254180602007, 1294.5919732441473, 1312.5585284280937, 1330.5250836120401, 1348.4916387959868, 1366.4581939799332, 1384.4247491638796, 1402.3913043478262, 1420.3578595317726, 1438.3244147157193, 1456.2909698996657, 1474.257525083612, 1492.2240802675587, 1510.1906354515052, 1528.1571906354516, 1546.1237458193982, 1564.0903010033446, 1582.056856187291, 1600.0234113712377, 1617.989966555184, 1635.9565217391305, 1653.9230769230771, 1671.8896321070235, 1689.85618729097, 1707.8227424749166, 1725.789297658863, 1743.7558528428094, 1761.722408026756, 1779.6889632107025, 1797.6555183946489, 1815.6220735785955, 1833.588628762542, 1851.5551839464883, 1869.521739130435, 1887.4882943143814, 1905.4548494983278, 1923.4214046822744, 1941.3879598662209, 1959.3545150501673, 1977.321070234114, 1995.2876254180603, 2013.2541806020067, 2031.2207357859534, 2049.1872909699, 2067.153846153846, 2085.120401337793, 2103.0869565217395, 2121.0535117056857, 2139.0200668896323, 2156.986622073579, 2174.953177257525, 2192.9197324414718, 2210.8862876254184, 2228.8528428093646, 2246.819397993311, 2264.785953177258, 2282.752508361204, 2300.7190635451507, 2318.6856187290973, 2336.6521739130435, 2354.61872909699, 2372.585284280937, 2390.551839464883, 2408.5183946488296, 2426.4849498327762, 2444.4515050167224, 2462.418060200669, 2480.3846153846157, 2498.351170568562, 2516.3177257525085, 2534.284280936455, 2552.2508361204013, 2570.217391304348, 2588.1839464882946, 2606.150501672241, 2624.1170568561874, 2642.083612040134, 2660.0501672240803, 2678.016722408027, 2695.9832775919735, 2713.9498327759197, 2731.9163879598664, 2749.882943143813, 2767.849498327759, 2785.816053511706, 2803.7826086956525, 2821.7491638795987, 2839.7157190635453, 2857.682274247492, 2875.6488294314386, 2893.6153846153848, 2911.5819397993314, 2929.548494983278, 2947.515050167224, 2965.481605351171, 2983.4481605351175, 3001.4147157190637, 3019.3812709030103, 3037.347826086957, 3055.314381270903, 3073.28093645485, 3091.2474916387964, 3109.2140468227426, 3127.1806020066892, 3145.147157190636, 3163.113712374582, 3181.0802675585287, 3199.0468227424753, 3217.0133779264215, 3234.979933110368, 3252.946488294315, 3270.913043478261, 3288.8795986622076, 3306.8461538461543, 3324.8127090301005, 3342.779264214047, 3360.7458193979937, 3378.71237458194, 3396.6789297658866, 3414.645484949833, 3432.6120401337794, 3450.578595317726, 3468.5451505016727, 3486.511705685619, 3504.4782608695655, 3522.444816053512, 3540.4113712374583, 3558.377926421405, 3576.3444816053516, 3594.3110367892978, 3612.2775919732444, 3630.244147157191, 3648.210702341137, 3666.177257525084, 3684.1438127090305, 3702.1103678929767, 3720.0769230769233, 3738.04347826087, 3756.010033444816, 3773.976588628763, 3791.9431438127094, 3809.9096989966556, 3827.8762541806022, 3845.842809364549, 3863.809364548495, 3881.7759197324417, 3899.7424749163883, 3917.7090301003345, 3935.675585284281, 3953.642140468228, 3971.608695652174, 3989.5752508361206, 4007.5418060200673, 4025.5083612040135, 4043.47491638796, 4061.4414715719067, 4079.4080267558534, 4097.3745819398, 4115.341137123746, 4133.307692307692, 4151.2742474916395, 4169.240802675586, 4187.207357859532, 4205.173913043479, 4223.140468227425, 4241.107023411371, 4259.073578595318, 4277.040133779265, 4295.006688963211, 4312.973244147158, 4330.939799331104, 4348.90635451505, 4366.872909698997, 4384.8394648829435, 4402.80602006689, 4420.772575250837, 4438.739130434783, 4456.705685618729, 4474.672240802676, 4492.638795986622, 4510.605351170569, 4528.571906354516, 4546.538461538462, 4564.505016722408, 4582.471571906355, 4600.438127090301, 4618.4046822742475, 4636.371237458195, 4654.337792642141, 4672.304347826087, 4690.270903010034, 4708.23745819398, 4726.2040133779265, 4744.170568561874, 4762.13712374582, 4780.103678929766, 4798.070234113713, 4816.036789297659, 4834.003344481605, 4851.9698996655525, 4869.936454849499, 4887.903010033445, 4905.869565217392, 4923.836120401338, 4941.802675585284, 4959.769230769231, 4977.735785953178, 4995.702341137124, 5013.668896321071, 5031.635451505017, 5049.602006688963, 5067.56856187291, 5085.5351170568565, 5103.501672240803, 5121.46822742475, 5139.434782608696, 5157.401337792642, 5175.367892976589, 5193.334448160535, 5211.301003344482, 5229.267558528429, 5247.234113712375, 5265.200668896321, 5283.167224080268, 5301.133779264214, 5319.1003344481605, 5337.066889632108, 5355.033444816054, 5373.0], "num_solved": 100, "cmc_vals": [0.0, 0.02, 0.03, 0.03, 0.03, 0.03, 0.03, 0.03, 0.03, 0.03, 0.04, 0.05, 0.06, 0.07, 0.08, 0.08, 0.08, 0.08, 0.08, 0.08, 0.09, 0.09, 0.1, 0.1, 0.11, 0.12, 0.13, 0.14, 0.16, 0.16, 0.16, 0.17, 0.17, 0.17, 0.2, 0.23, 0.25, 0.26, 0.27, 0.28, 0.28, 0.3, 0.32, 0.32, 0.34, 0.35, 0.4, 0.41, 0.41, 0.43, 0.44, 0.44, 0.46, 0.48, 0.49, 0.5, 0.52, 0.53, 0.54, 0.56, 0.56, 0.56, 0.58, 0.59, 0.61, 0.61, 0.64, 0.64, 0.66, 0.67, 0.69, 0.7, 0.73, 0.73, 0.74, 0.76, 0.77, 0.78, 0.78, 0.79, 0.79, 0.81, 0.83, 0.86, 0.86, 0.86, 0.87, 0.88, 0.88, 0.88, 0.89, 0.89, 0.89, 0.9, 0.91, 0.91, 0.91, 0.92, 0.92, 0.93, 0.94, 0.95, 0.96, 0.96, 0.96, 0.96, 0.96, 0.96, 0.96, 0.96, 0.96, 0.97, 0.97, 0.97, 0.97, 0.98, 0.98, 0.98, 0.98, 0.98, 0.98, 0.98, 0.98, 0.98, 0.98, 0.98, 0.98, 0.99, 0.99, 0.99, 0.99, 0.99, 0.99, 0.99, 0.99, 0.99, 0.99, 0.99, 0.99, 0.99, 0.99, 0.99, 0.99, 0.99, 0.99, 0.99, 0.99, 0.99, 0.99, 0.99, 0.99, 0.99, 0.99, 0.99, 0.99, 0.99, 0.99, 0.99, 0.99, 0.99, 0.99, 0.99, 0.99, 0.99, 0.99, 0.99, 0.99, 0.99, 0.99, 0.99, 0.99, 0.99, 0.99, 0.99, 0.99, 0.99, 0.99, 0.99, 0.99, 0.99, 0.99, 0.99, 0.99, 0.99, 0.99, 0.99, 0.99, 0.99, 0.99, 0.99, 0.99, 0.99, 0.99, 0.99, 0.99, 0.99, 0.99, 0.99, 0.99, 0.99, 0.99, 0.99, 0.99, 0.99, 0.99, 0.99, 0.99, 0.99, 0.99, 0.99, 0.99, 0.99, 0.99, 0.99, 0.99, 0.99, 0.99, 0.99, 0.99, 0.99, 0.99, 0.99, 0.99, 0.99, 0.99, 0.99, 0.99, 0.99, 0.99, 0.99, 0.99, 0.99, 0.99, 0.99, 0.99, 0.99, 0.99, 0.99, 0.99, 0.99, 0.99, 0.99, 0.99, 0.99, 0.99, 0.99, 0.99, 0.99, 0.99, 0.99, 0.99, 0.99, 0.99, 0.99, 0.99, 0.99, 0.99, 0.99, 0.99, 0.99, 0.99, 0.99, 0.99, 0.99, 0.99, 0.99, 0.99, 0.99, 0.99, 0.99, 0.99, 0.99, 0.99, 0.99, 0.99, 0.99, 0.99, 0.99, 0.99, 0.99, 0.99, 0.99, 0.99, 0.99, 0.99, 0.99, 0.99, 0.99, 0.99, 0.99, 0.99, 0.99, 0.99, 0.99, 0.99, 0.99, 0.99, 0.99, 0.99, 1.0]}