{"calc_counters": [1050.68], "capture": "MLSL", "cmc_iters": [1.0, 19.076923076923077, 37.15384615384615, 55.230769230769226, 73.3076923076923, 91.38461538461539, 109.46153846153845, 127.53846153846153, 145.6153846153846, 163.69230769230768, 181.76923076923077, 199.84615384615384, 217.9230769230769, 236.0, 254.07692307692307, 272.15384615384613, 290.2307692307692, 308.3076923076923, 326.38461538461536, 344.46153846153845, 362.53846153846155, 380.6153846153846, 398.6923076923077, 416.7692307692308, 434.8461538461538, 452.9230769230769, 471.0, 489.0769230769231, 507.15384615384613, 525.2307692307692, 543.3076923076923, 561.3846153846154, 579.4615384615385, 597.5384615384615, 615.6153846153846, 633.6923076923077, 651.7692307692307, 669.8461538461538, 687.9230769230769, 706.0, 724.0769230769231, 742.1538461538462, 760.2307692307692, 778.3076923076923, 796.3846153846154, 814.4615384615385, 832.5384615384615, 850.6153846153846, 868.6923076923076, 886.7692307692307, 904.8461538461538, 922.9230769230769, 941.0, 959.0769230769231, 977.1538461538462, 995.2307692307692, 1013.3076923076923, 1031.3846153846155, 1049.4615384615383, 1067.5384615384614, 1085.6153846153845, 1103.6923076923076, 1121.7692307692307, 1139.8461538461538, 1157.923076923077, 1176.0, 1194.076923076923, 1212.1538461538462, 1230.2307692307693, 1248.3076923076924, 1266.3846153846155, 1284.4615384615383, 1302.5384615384614, 1320.6153846153845, 1338.6923076923076, 1356.7692307692307, 1374.8461538461538, 1392.923076923077, 1411.0, 1429.076923076923, 1447.1538461538462, 1465.2307692307693, 1483.3076923076924, 1501.3846153846155, 1519.4615384615383, 1537.5384615384614, 1555.6153846153845, 1573.6923076923076, 1591.7692307692307, 1609.8461538461538, 1627.923076923077, 1646.0, 1664.076923076923, 1682.1538461538462, 1700.2307692307693, 1718.3076923076924, 1736.3846153846152, 1754.4615384615383, 1772.5384615384614, 1790.6153846153845, 1808.6923076923076, 1826.7692307692307, 1844.8461538461538, 1862.923076923077, 1881.0, 1899.076923076923, 1917.1538461538462, 1935.2307692307693, 1953.3076923076924, 1971.3846153846152, 1989.4615384615383, 2007.5384615384614, 2025.6153846153845, 2043.6923076923076, 2061.769230769231, 2079.846153846154, 2097.9230769230767, 2116.0, 2134.076923076923, 2152.153846153846, 2170.230769230769, 2188.3076923076924, 2206.3846153846152, 2224.4615384615386, 2242.5384615384614, 2260.6153846153848, 2278.6923076923076, 2296.769230769231, 2314.846153846154, 2332.9230769230767, 2351.0, 2369.076923076923, 2387.153846153846, 2405.230769230769, 2423.3076923076924, 2441.3846153846152, 2459.4615384615386, 2477.5384615384614, 2495.6153846153848, 2513.6923076923076, 2531.769230769231, 2549.846153846154, 2567.9230769230767, 2586.0, 2604.076923076923, 2622.153846153846, 2640.230769230769, 2658.3076923076924, 2676.3846153846152, 2694.4615384615386, 2712.5384615384614, 2730.6153846153848, 2748.6923076923076, 2766.769230769231, 2784.846153846154, 2802.9230769230767, 2821.0, 2839.076923076923, 2857.153846153846, 2875.230769230769, 2893.3076923076924, 2911.3846153846152, 2929.4615384615386, 2947.5384615384614, 2965.6153846153848, 2983.6923076923076, 3001.769230769231, 3019.846153846154, 3037.9230769230767, 3056.0, 3074.076923076923, 3092.153846153846, 3110.230769230769, 3128.3076923076924, 3146.3846153846152, 3164.4615384615386, 3182.5384615384614, 3200.6153846153848, 3218.6923076923076, 3236.769230769231, 3254.846153846154, 3272.9230769230767, 3291.0, 3309.076923076923, 3327.153846153846, 3345.230769230769, 3363.3076923076924, 3381.3846153846152, 3399.4615384615386, 3417.5384615384614, 3435.6153846153848, 3453.6923076923076, 3471.7692307692305, 3489.846153846154, 3507.9230769230767, 3526.0, 3544.076923076923, 3562.153846153846, 3580.230769230769, 3598.3076923076924, 3616.3846153846152, 3634.4615384615386, 3652.5384615384614, 3670.6153846153848, 3688.6923076923076, 3706.7692307692305, 3724.846153846154, 3742.9230769230767, 3761.0, 3779.076923076923, 3797.153846153846, 3815.230769230769, 3833.3076923076924, 3851.3846153846152, 3869.4615384615386, 3887.5384615384614, 3905.6153846153848, 3923.6923076923076, 3941.7692307692305, 3959.846153846154, 3977.9230769230767, 3996.0, 4014.076923076923, 4032.153846153846, 4050.230769230769, 4068.3076923076924, 4086.3846153846152, 4104.461538461538, 4122.538461538462, 4140.615384615385, 4158.692307692308, 4176.7692307692305, 4194.846153846153, 4212.923076923077, 4231.0, 4249.076923076923, 4267.153846153846, 4285.2307692307695, 4303.307692307692, 4321.384615384615, 4339.461538461538, 4357.538461538462, 4375.615384615385, 4393.692307692308, 4411.7692307692305, 4429.846153846153, 4447.923076923077, 4466.0, 4484.076923076923, 4502.153846153846, 4520.2307692307695, 4538.307692307692, 4556.384615384615, 4574.461538461538, 4592.538461538462, 4610.615384615385, 4628.692307692308, 4646.7692307692305, 4664.846153846153, 4682.923076923077, 4701.0, 4719.076923076923, 4737.153846153846, 4755.2307692307695, 4773.307692307692, 4791.384615384615, 4809.461538461538, 4827.538461538462, 4845.615384615385, 4863.692307692308, 4881.7692307692305, 4899.846153846153, 4917.923076923077, 4936.0, 4954.076923076923, 4972.153846153846, 4990.2307692307695, 5008.307692307692, 5026.384615384615, 5044.461538461538, 5062.538461538462, 5080.615384615385, 5098.692307692308, 5116.7692307692305, 5134.846153846153, 5152.923076923077, 5171.0, 5189.076923076923, 5207.153846153846, 5225.2307692307695, 5243.307692307692, 5261.384615384615, 5279.461538461538, 5297.538461538462, 5315.615384615385, 5333.692307692308, 5351.7692307692305, 5369.846153846153, 5387.923076923077, 5406.0], "num_solved": 100, "cmc_vals": [0.0, 0.01, 0.02, 0.03, 0.03, 0.03, 0.03, 0.03, 0.03, 0.03, 0.03, 0.04, 0.07, 0.07, 0.08, 0.08, 0.08, 0.08, 0.08, 0.08, 0.08, 0.08, 0.1, 0.1, 0.1, 0.12, 0.13, 0.14, 0.16, 0.16, 0.16, 0.17, 0.17, 0.18, 0.19, 0.21, 0.25, 0.26, 0.27, 0.28, 0.29, 0.3, 0.31, 0.32, 0.33, 0.36, 0.4, 0.41, 0.42, 0.42, 0.44, 0.44, 0.47, 0.48, 0.49, 0.49, 0.5, 0.52, 0.54, 0.56, 0.56, 0.57, 0.58, 0.6, 0.61, 0.61, 0.62, 0.66, 0.66, 0.68, 0.69, 0.71, 0.73, 0.73, 0.73, 0.76, 0.77, 0.78, 0.78, 0.79, 0.79, 0.81, 0.84, 0.85, 0.86, 0.87, 0.87, 0.87, 0.88, 0.88, 0.89, 0.89, 0.89, 0.91, 0.91, 0.91, 0.91, 0.92, 0.92, 0.93, 0.95, 0.95, 0.96, 0.96, 0.96, 0.96, 0.96, 0.96, 0.96, 0.96, 0.96, 0.97, 0.97, 0.97, 0.97, 0.97, 0.97, 0.98, 0.98, 0.98, 0.98, 0.98, 0.98, 0.98, 0.98, 0.98, 0.99, 0.99, 0.99, 0.99, 0.99, 0.99, 0.99, 0.99, 0.99, 0.99, 0.99, 0.99, 0.99, 0.99, 0.99, 0.99, 0.99, 0.99, 0.99, 0.99, 0.99, 0.99, 0.99, 0.99, 0.99, 0.99, 0.99, 0.99, 0.99, 0.99, 0.99, 0.99, 0.99, 0.99, 0.99, 0.99, 0.99, 0.99, 0.99, 0.99, 0.99, 0.99, 0.99, 0.99, 0.99, 0.99, 0.99, 0.99, 0.99, 0.99, 0.99, 0.99, 0.99, 0.99, 0.99, 0.99, 0.99, 0.99, 0.99, 0.99, 0.99, 0.99, 0.99, 0.99, 0.99, 0.99, 0.99, 0.99, 0.99, 0.99, 0.99, 0.99, 0.99, 0.99, 0.99, 0.99, 0.99, 0.99, 0.99, 0.99, 0.99, 0.99, 0.99, 0.99, 0.99, 0.99, 0.99, 0.99, 0.99, 0.99, 0.99, 0.99, 0.99, 0.99, 0.99, 0.99, 0.99, 0.99, 0.99, 0.99, 0.99, 0.99, 0.99, 0.99, 0.99, 0.99, 0.99, 0.99, 0.99, 0.99, 0.99, 0.99, 0.99, 0.99, 0.99, 0.99, 0.99, 0.99, 0.99, 0.99, 0.99, 0.99, 0.99, 0.99, 0.99, 0.99, 0.99, 0.99, 0.99, 0.99, 0.99, 0.99, 0.99, 0.99, 0.99, 0.99, 0.99, 0.99, 0.99, 0.99, 0.99, 0.99, 0.99, 0.99, 0.99, 0.99, 0.99, 0.99, 0.99, 0.99, 0.99, 0.99, 0.99, 0.99, 0.99, 0.99, 0.99, 0.99, 0.99, 0.99, 0.99, 0.99, 0.99, 0.99, 0.99, 0.99, 0.99, 0.99, 0.99, 0.99, 0.99, 0.99, 0.99, 1.0]}