{"calc_counters": [2039.5595238095239], "capture": "Scipy DE", "cmc_iters": [1.0, 20.31438127090301, 39.62876254180602, 58.943143812709025, 78.25752508361204, 97.57190635451505, 116.88628762541805, 136.20066889632108, 155.51505016722408, 174.82943143812707, 194.1438127090301, 213.4581939799331, 232.7725752508361, 252.08695652173913, 271.40133779264215, 290.7157190635451, 310.03010033444815, 329.3444816053512, 348.65886287625415, 367.9732441471572, 387.2876254180602, 406.6020066889632, 425.9163879598662, 445.2307692307692, 464.5451505016722, 483.8595317725752, 503.17391304347825, 522.4882943143813, 541.8026755852843, 561.1170568561872, 580.4314381270902, 599.7458193979933, 619.0602006688963, 638.3745819397993, 657.6889632107024, 677.0033444816054, 696.3177257525083, 715.6321070234113, 734.9464882943143, 754.2608695652174, 773.5752508361204, 792.8896321070234, 812.2040133779263, 831.5183946488294, 850.8327759197324, 870.1471571906354, 889.4615384615385, 908.7759197324415, 928.0903010033444, 947.4046822742474, 966.7190635451504, 986.0334448160535, 1005.3478260869565, 1024.6622073578596, 1043.9765886287626, 1063.2909698996655, 1082.6053511705686, 1101.9197324414715, 1121.2341137123744, 1140.5484949832776, 1159.8628762541805, 1179.1772575250836, 1198.4916387959865, 1217.8060200668897, 1237.1204013377926, 1256.4347826086955, 1275.7491638795987, 1295.0635451505016, 1314.3779264214047, 1333.6923076923076, 1353.0066889632108, 1372.3210702341137, 1391.6354515050166, 1410.9498327759197, 1430.2642140468226, 1449.5785953177258, 1468.8929765886287, 1488.2073578595316, 1507.5217391304348, 1526.8361204013377, 1546.1505016722408, 1565.4648829431437, 1584.7792642140469, 1604.0936454849498, 1623.4080267558527, 1642.7224080267558, 1662.0367892976587, 1681.3511705685619, 1700.6655518394648, 1719.979933110368, 1739.2943143812709, 1758.6086956521738, 1777.923076923077, 1797.2374581939798, 1816.551839464883, 1835.8662207357859, 1855.1806020066888, 1874.494983277592, 1893.8093645484948, 1913.123745819398, 1932.438127090301, 1951.752508361204, 1971.066889632107, 1990.3812709030099, 2009.695652173913, 2029.010033444816, 2048.3244147157193, 2067.638795986622, 2086.953177257525, 2106.267558528428, 2125.581939799331, 2144.896321070234, 2164.210702341137, 2183.52508361204, 2202.839464882943, 2222.153846153846, 2241.468227424749, 2260.782608695652, 2280.096989966555, 2299.4113712374583, 2318.725752508361, 2338.040133779264, 2357.3545150501673, 2376.66889632107, 2395.983277591973, 2415.2976588628762, 2434.6120401337794, 2453.926421404682, 2473.240802675585, 2492.5551839464883, 2511.869565217391, 2531.183946488294, 2550.4983277591973, 2569.8127090301005, 2589.127090301003, 2608.4414715719063, 2627.7558528428094, 2647.070234113712, 2666.3846153846152, 2685.6989966555184, 2705.0133779264215, 2724.327759197324, 2743.6421404682274, 2762.9565217391305, 2782.270903010033, 2801.5852842809363, 2820.8996655518395, 2840.2140468227426, 2859.5284280936453, 2878.8428093645484, 2898.1571906354516, 2917.4715719063543, 2936.7859531772574, 2956.1003344481605, 2975.414715719063, 2994.7290969899664, 3014.0434782608695, 3033.3578595317726, 3052.6722408026753, 3071.9866220735785, 3091.3010033444816, 3110.6153846153843, 3129.9297658862874, 3149.2441471571906, 3168.5585284280937, 3187.8729096989964, 3207.1872909698995, 3226.5016722408027, 3245.8160535117054, 3265.1304347826085, 3284.4448160535117, 3303.759197324415, 3323.0735785953175, 3342.3879598662206, 3361.7023411371238, 3381.0167224080265, 3400.3311036789296, 3419.6454849498327, 3438.959866220736, 3458.2742474916386, 3477.5886287625417, 3496.903010033445, 3516.2173913043475, 3535.5317725752507, 3554.846153846154, 3574.160535117057, 3593.4749163879596, 3612.789297658863, 3632.103678929766, 3651.4180602006686, 3670.7324414715717, 3690.046822742475, 3709.3612040133776, 3728.6755852842807, 3747.989966555184, 3767.304347826087, 3786.6187290969897, 3805.933110367893, 3825.247491638796, 3844.5618729096986, 3863.876254180602, 3883.190635451505, 3902.505016722408, 3921.8193979933108, 3941.133779264214, 3960.448160535117, 3979.7625418060197, 3999.076923076923, 4018.391304347826, 4037.705685618729, 4057.020066889632, 4076.334448160535, 4095.648829431438, 4114.963210702341, 4134.277591973244, 4153.591973244147, 4172.90635451505, 4192.220735785953, 4211.535117056856, 4230.849498327759, 4250.163879598662, 4269.478260869565, 4288.792642140468, 4308.107023411371, 4327.421404682274, 4346.735785953177, 4366.05016722408, 4385.364548494983, 4404.678929765886, 4423.993311036789, 4443.307692307692, 4462.6220735785955, 4481.936454849498, 4501.250836120401, 4520.565217391304, 4539.879598662207, 4559.19397993311, 4578.508361204013, 4597.822742474917, 4617.137123745819, 4636.451505016722, 4655.765886287625, 4675.080267558528, 4694.394648829431, 4713.7090301003345, 4733.023411371238, 4752.33779264214, 4771.652173913043, 4790.966555183946, 4810.280936454849, 4829.5953177257525, 4848.909698996656, 4868.224080267559, 4887.538461538461, 4906.852842809364, 4926.167224080267, 4945.48160535117, 4964.7959866220735, 4984.110367892977, 5003.42474916388, 5022.739130434782, 5042.053511705685, 5061.367892976588, 5080.6822742474915, 5099.996655518395, 5119.311036789298, 5138.625418060201, 5157.939799331103, 5177.254180602006, 5196.568561872909, 5215.882943143813, 5235.197324414716, 5254.511705685619, 5273.826086956522, 5293.140468227424, 5312.454849498327, 5331.7692307692305, 5351.083612040134, 5370.397993311037, 5389.71237458194, 5409.026755852843, 5428.341137123745, 5447.655518394648, 5466.969899665552, 5486.284280936455, 5505.598662207358, 5524.913043478261, 5544.227424749164, 5563.541806020066, 5582.8561872909695, 5602.170568561873, 5621.484949832776, 5640.799331103679, 5660.113712374582, 5679.428093645485, 5698.742474916387, 5718.056856187291, 5737.371237458194, 5756.685618729097, 5776.0], "num_solved": 84, "cmc_vals": [0.0, 0.0, 0.0, 0.0, 0.0, 0.01, 0.01, 0.01, 0.01, 0.01, 0.01, 0.01, 0.02, 0.03, 0.04, 0.04, 0.04, 0.05, 0.05, 0.05, 0.06, 0.07, 0.08, 0.08, 0.08, 0.08, 0.08, 0.08, 0.09, 0.09, 0.1, 0.1, 0.1, 0.1, 0.1, 0.1, 0.11, 0.12, 0.13, 0.13, 0.13, 0.14, 0.14, 0.14, 0.15, 0.15, 0.15, 0.15, 0.15, 0.15, 0.16, 0.16, 0.17, 0.17, 0.17, 0.18, 0.18, 0.18, 0.18, 0.18, 0.18, 0.19, 0.19, 0.19, 0.2, 0.2, 0.21, 0.21, 0.21, 0.22, 0.22, 0.25, 0.25, 0.25, 0.27, 0.27, 0.28, 0.28, 0.28, 0.28, 0.28, 0.28, 0.29, 0.3, 0.3, 0.31, 0.31, 0.31, 0.31, 0.32, 0.32, 0.32, 0.33, 0.34, 0.35, 0.35, 0.35, 0.37, 0.37, 0.37, 0.39, 0.39, 0.39, 0.4, 0.41, 0.42, 0.42, 0.43, 0.44, 0.45, 0.46, 0.46, 0.46, 0.46, 0.47, 0.47, 0.47, 0.47, 0.47, 0.49, 0.49, 0.5, 0.51, 0.51, 0.52, 0.52, 0.53, 0.54, 0.55, 0.55, 0.55, 0.56, 0.56, 0.56, 0.57, 0.57, 0.57, 0.57, 0.57, 0.58, 0.58, 0.59, 0.59, 0.59, 0.59, 0.59, 0.59, 0.59, 0.61, 0.61, 0.61, 0.63, 0.65, 0.65, 0.67, 0.68, 0.7, 0.7, 0.7, 0.71, 0.72, 0.72, 0.72, 0.72, 0.75, 0.75, 0.76, 0.76, 0.76, 0.77, 0.77, 0.77, 0.77, 0.77, 0.77, 0.77, 0.77, 0.78, 0.78, 0.78, 0.78, 0.78, 0.78, 0.78, 0.78, 0.78, 0.78, 0.78, 0.78, 0.78, 0.78, 0.78, 0.78, 0.78, 0.79, 0.79, 0.79, 0.79, 0.8, 0.8, 0.81, 0.81, 0.81, 0.81, 0.81, 0.81, 0.81, 0.81, 0.81, 0.81, 0.81, 0.81, 0.81, 0.81, 0.82, 0.82, 0.82, 0.82, 0.82, 0.82, 0.82, 0.83, 0.83, 0.83, 0.83, 0.83, 0.83, 0.83, 0.83, 0.83, 0.83, 0.83, 0.83, 0.83, 0.83, 0.83, 0.83, 0.83, 0.83, 0.83, 0.83, 0.83, 0.84, 0.84, 0.84, 0.84, 0.84, 0.84, 0.84, 0.84, 0.84, 0.84, 0.84, 0.84, 0.84, 0.84, 0.84, 0.84, 0.84, 0.84, 0.84, 0.84, 0.84, 0.84, 0.84, 0.84, 0.84, 0.84, 0.84, 0.84, 0.84, 0.84, 0.84, 0.84, 0.84, 0.84, 0.84, 0.84, 0.84, 0.84, 0.84, 0.84, 0.84, 0.84, 0.84, 0.84, 0.84, 0.84, 0.84, 0.84, 0.84, 0.84, 0.84, 0.84, 0.84, 0.84, 0.84, 0.84, 0.84, 0.84]}