{"calc_counters": [1041.1176470588234], "capture": "Scipy DE", "cmc_iters": [1.0, 31.531772575250837, 62.063545150501675, 92.59531772575251, 123.12709030100335, 153.65886287625418, 184.19063545150502, 214.72240802675586, 245.2541806020067, 275.7859531772575, 306.31772575250835, 336.8494983277592, 367.38127090301003, 397.9130434782609, 428.4448160535117, 458.97658862876256, 489.5083612040134, 520.0401337792642, 550.571906354515, 581.1036789297659, 611.6354515050167, 642.1672240802676, 672.6989966555184, 703.2307692307693, 733.7625418060201, 764.294314381271, 794.8260869565217, 825.3578595317726, 855.8896321070234, 886.4214046822743, 916.9531772575251, 947.484949832776, 978.0167224080268, 1008.5484949832776, 1039.0802675585285, 1069.6120401337794, 1100.14381270903, 1130.675585284281, 1161.2073578595318, 1191.7391304347827, 1222.2709030100334, 1252.8026755852843, 1283.3344481605352, 1313.866220735786, 1344.3979933110368, 1374.9297658862877, 1405.4615384615386, 1435.9933110367895, 1466.5250836120401, 1497.056856187291, 1527.588628762542, 1558.1204013377926, 1588.6521739130435, 1619.1839464882944, 1649.7157190635453, 1680.247491638796, 1710.7792642140469, 1741.3110367892978, 1771.8428093645487, 1802.3745819397993, 1832.9063545150502, 1863.4381270903011, 1893.969899665552, 1924.5016722408027, 1955.0334448160536, 1985.5652173913045, 2016.0969899665552, 2046.628762541806, 2077.160535117057, 2107.6923076923076, 2138.2240802675587, 2168.7558528428094, 2199.28762541806, 2229.819397993311, 2260.351170568562, 2290.882943143813, 2321.4147157190637, 2351.9464882943143, 2382.4782608695655, 2413.010033444816, 2443.541806020067, 2474.073578595318, 2504.6053511705686, 2535.1371237458193, 2565.6688963210704, 2596.200668896321, 2626.732441471572, 2657.264214046823, 2687.7959866220735, 2718.3277591973247, 2748.8595317725753, 2779.391304347826, 2809.923076923077, 2840.454849498328, 2870.986622073579, 2901.5183946488296, 2932.0501672240803, 2962.5819397993314, 2993.113712374582, 3023.6454849498327, 3054.177257525084, 3084.7090301003345, 3115.240802675585, 3145.7725752508363, 3176.304347826087, 3206.836120401338, 3237.367892976589, 3267.8996655518395, 3298.4314381270906, 3328.9632107023413, 3359.494983277592, 3390.026755852843, 3420.5585284280937, 3451.0903010033444, 3481.6220735785955, 3512.153846153846, 3542.6856187290973, 3573.217391304348, 3603.7491638795987, 3634.28093645485, 3664.8127090301005, 3695.344481605351, 3725.8762541806022, 3756.408026755853, 3786.939799331104, 3817.4715719063547, 3848.0033444816054, 3878.5351170568565, 3909.066889632107, 3939.598662207358, 3970.130434782609, 4000.6622073578596, 4031.1939799331103, 4061.7257525083614, 4092.257525083612, 4122.789297658863, 4153.321070234114, 4183.852842809365, 4214.384615384615, 4244.916387959866, 4275.4481605351175, 4305.979933110368, 4336.511705685619, 4367.04347826087, 4397.57525083612, 4428.107023411371, 4458.638795986622, 4489.170568561873, 4519.702341137124, 4550.234113712375, 4580.765886287626, 4611.297658862876, 4641.829431438127, 4672.3612040133785, 4702.892976588629, 4733.42474916388, 4763.956521739131, 4794.488294314381, 4825.020066889632, 4855.551839464883, 4886.083612040134, 4916.615384615385, 4947.147157190636, 4977.678929765886, 5008.210702341137, 5038.742474916388, 5069.274247491639, 5099.80602006689, 5130.337792642141, 5160.869565217392, 5191.401337792642, 5221.933110367893, 5252.464882943144, 5282.996655518395, 5313.528428093646, 5344.060200668897, 5374.591973244147, 5405.123745819398, 5435.655518394649, 5466.1872909699, 5496.719063545151, 5527.250836120402, 5557.782608695652, 5588.314381270903, 5618.846153846154, 5649.3779264214045, 5679.909698996656, 5710.441471571907, 5740.973244147158, 5771.505016722408, 5802.036789297659, 5832.56856187291, 5863.1003344481605, 5893.632107023412, 5924.163879598663, 5954.695652173913, 5985.227424749164, 6015.759197324415, 6046.2909698996655, 6076.822742474917, 6107.354515050168, 6137.886287625418, 6168.418060200669, 6198.94983277592, 6229.48160535117, 6260.0133779264215, 6290.545150501673, 6321.076923076924, 6351.608695652174, 6382.140468227425, 6412.672240802676, 6443.2040133779265, 6473.735785953178, 6504.267558528429, 6534.799331103679, 6565.33110367893, 6595.862876254181, 6626.394648829431, 6656.9264214046825, 6687.458193979934, 6717.989966555184, 6748.521739130435, 6779.053511705686, 6809.585284280936, 6840.117056856187, 6870.648829431439, 6901.180602006689, 6931.71237458194, 6962.244147157191, 6992.775919732442, 7023.307692307692, 7053.8394648829435, 7084.371237458195, 7114.903010033445, 7145.434782608696, 7175.966555183947, 7206.498327759197, 7237.030100334448, 7267.5618729097, 7298.09364548495, 7328.625418060201, 7359.157190635452, 7389.688963210702, 7420.220735785953, 7450.7525083612045, 7481.284280936455, 7511.816053511706, 7542.347826086957, 7572.879598662208, 7603.411371237458, 7633.943143812709, 7664.474916387961, 7695.006688963211, 7725.538461538462, 7756.070234113713, 7786.602006688963, 7817.133779264214, 7847.6655518394655, 7878.197324414716, 7908.729096989967, 7939.260869565218, 7969.792642140468, 8000.324414715719, 8030.85618729097, 8061.387959866221, 8091.919732441472, 8122.451505016723, 8152.983277591974, 8183.515050167224, 8214.046822742475, 8244.578595317726, 8275.110367892978, 8305.642140468228, 8336.173913043478, 8366.70568561873, 8397.23745819398, 8427.76923076923, 8458.301003344483, 8488.832775919733, 8519.364548494983, 8549.896321070235, 8580.428093645485, 8610.959866220735, 8641.491638795987, 8672.023411371238, 8702.555183946488, 8733.08695652174, 8763.61872909699, 8794.15050167224, 8824.682274247492, 8855.214046822743, 8885.745819397993, 8916.277591973245, 8946.809364548495, 8977.341137123745, 9007.872909698997, 9038.404682274248, 9068.9364548495, 9099.46822742475, 9130.0], "num_solved": 85, "cmc_vals": [0.0, 0.03, 0.03, 0.06, 0.08, 0.08, 0.09, 0.09, 0.15, 0.15, 0.16, 0.17, 0.17, 0.18, 0.2, 0.22, 0.22, 0.24, 0.25, 0.27, 0.28, 0.28, 0.3, 0.34, 0.34, 0.34, 0.35, 0.38, 0.38, 0.44, 0.44, 0.45, 0.47, 0.48, 0.49, 0.51, 0.53, 0.53, 0.54, 0.56, 0.57, 0.58, 0.59, 0.59, 0.6, 0.6, 0.6, 0.62, 0.62, 0.63, 0.63, 0.65, 0.65, 0.67, 0.68, 0.68, 0.69, 0.69, 0.7, 0.7, 0.7, 0.7, 0.7, 0.72, 0.74, 0.74, 0.76, 0.76, 0.76, 0.76, 0.76, 0.76, 0.76, 0.76, 0.76, 0.76, 0.76, 0.76, 0.78, 0.79, 0.8, 0.82, 0.82, 0.82, 0.82, 0.83, 0.84, 0.84, 0.84, 0.84, 0.84, 0.84, 0.84, 0.84, 0.84, 0.84, 0.84, 0.84, 0.84, 0.84, 0.84, 0.84, 0.84, 0.85, 0.85, 0.85, 0.85, 0.85, 0.85, 0.85, 0.85, 0.85, 0.85, 0.85, 0.85, 0.85, 0.85, 0.85, 0.85, 0.85, 0.85, 0.85, 0.85, 0.85, 0.85, 0.85, 0.85, 0.85, 0.85, 0.85, 0.85, 0.85, 0.85, 0.85, 0.85, 0.85, 0.85, 0.85, 0.85, 0.85, 0.85, 0.85, 0.85, 0.85, 0.85, 0.85, 0.85, 0.85, 0.85, 0.85, 0.85, 0.85, 0.85, 0.85, 0.85, 0.85, 0.85, 0.85, 0.85, 0.85, 0.85, 0.85, 0.85, 0.85, 0.85, 0.85, 0.85, 0.85, 0.85, 0.85, 0.85, 0.85, 0.85, 0.85, 0.85, 0.85, 0.85, 0.85, 0.85, 0.85, 0.85, 0.85, 0.85, 0.85, 0.85, 0.85, 0.85, 0.85, 0.85, 0.85, 0.85, 0.85, 0.85, 0.85, 0.85, 0.85, 0.85, 0.85, 0.85, 0.85, 0.85, 0.85, 0.85, 0.85, 0.85, 0.85, 0.85, 0.85, 0.85, 0.85, 0.85, 0.85, 0.85, 0.85, 0.85, 0.85, 0.85, 0.85, 0.85, 0.85, 0.85, 0.85, 0.85, 0.85, 0.85, 0.85, 0.85, 0.85, 0.85, 0.85, 0.85, 0.85, 0.85, 0.85, 0.85, 0.85, 0.85, 0.85, 0.85, 0.85, 0.85, 0.85, 0.85, 0.85, 0.85, 0.85, 0.85, 0.85, 0.85, 0.85, 0.85, 0.85, 0.85, 0.85, 0.85, 0.85, 0.85, 0.85, 0.85, 0.85, 0.85, 0.85, 0.85, 0.85, 0.85, 0.85, 0.85, 0.85, 0.85, 0.85, 0.85, 0.85, 0.85, 0.85, 0.85, 0.85, 0.85, 0.85, 0.85, 0.85, 0.85, 0.85, 0.85, 0.85, 0.85, 0.85, 0.85, 0.85, 0.85, 0.85, 0.85, 0.85, 0.85, 0.85, 0.85, 0.85, 0.85, 0.85, 0.85, 0.85]}