{"calc_counters": [1637.9247311827958], "capture": "Simulated annealing", "cmc_iters": [1.0, 31.240802675585286, 61.48160535117057, 91.72240802675586, 121.96321070234114, 152.20401337792643, 182.44481605351172, 212.685618729097, 242.9264214046823, 273.1672240802676, 303.40802675585286, 333.6488294314381, 363.88963210702343, 394.13043478260875, 424.371237458194, 454.61204013377926, 484.8528428093646, 515.0936454849499, 545.3344481605352, 575.5752508361204, 605.8160535117057, 636.056856187291, 666.2976588628762, 696.5384615384615, 726.7792642140469, 757.0200668896322, 787.2608695652175, 817.5016722408027, 847.742474916388, 877.9832775919733, 908.2240802675585, 938.4648829431438, 968.7056856187291, 998.9464882943145, 1029.1872909698998, 1059.428093645485, 1089.6688963210704, 1119.9096989966556, 1150.1505016722408, 1180.3913043478262, 1210.6321070234114, 1240.8729096989966, 1271.113712374582, 1301.3545150501673, 1331.5953177257525, 1361.836120401338, 1392.076923076923, 1422.3177257525085, 1452.5585284280937, 1482.799331103679, 1513.0401337792644, 1543.2809364548496, 1573.521739130435, 1603.7625418060202, 1634.0033444816054, 1664.2441471571908, 1694.484949832776, 1724.7257525083612, 1754.9665551839466, 1785.2073578595318, 1815.448160535117, 1845.6889632107025, 1875.9297658862877, 1906.170568561873, 1936.4113712374583, 1966.6521739130435, 1996.892976588629, 2027.1337792642141, 2057.3745819397996, 2087.6153846153848, 2117.85618729097, 2148.096989966555, 2178.337792642141, 2208.578595317726, 2238.819397993311, 2269.0602006688964, 2299.3010033444816, 2329.541806020067, 2359.7826086956525, 2390.0234113712377, 2420.264214046823, 2450.505016722408, 2480.7458193979933, 2510.986622073579, 2541.227424749164, 2571.4682274247493, 2601.7090301003345, 2631.9498327759197, 2662.190635451505, 2692.4314381270906, 2722.672240802676, 2752.913043478261, 2783.153846153846, 2813.3946488294314, 2843.635451505017, 2873.8762541806022, 2904.1170568561874, 2934.3578595317726, 2964.598662207358, 2994.8394648829435, 3025.0802675585287, 3055.321070234114, 3085.561872909699, 3115.8026755852843, 3146.04347826087, 3176.284280936455, 3206.5250836120404, 3236.7658862876256, 3267.0066889632108, 3297.247491638796, 3327.4882943143816, 3357.729096989967, 3387.969899665552, 3418.210702341137, 3448.4515050167224, 3478.692307692308, 3508.9331103678933, 3539.1739130434785, 3569.4147157190637, 3599.655518394649, 3629.896321070234, 3660.1371237458197, 3690.377926421405, 3720.61872909699, 3750.8595317725753, 3781.1003344481605, 3811.341137123746, 3841.5819397993314, 3871.8227424749166, 3902.063545150502, 3932.304347826087, 3962.5451505016727, 3992.785953177258, 4023.026755852843, 4053.2675585284283, 4083.5083612040135, 4113.749163879599, 4143.989966555184, 4174.2307692307695, 4204.471571906355, 4234.71237458194, 4264.953177257526, 4295.19397993311, 4325.434782608696, 4355.675585284282, 4385.916387959866, 4416.157190635452, 4446.397993311037, 4476.638795986622, 4506.879598662207, 4537.120401337793, 4567.3612040133785, 4597.602006688963, 4627.842809364549, 4658.083612040134, 4688.324414715719, 4718.565217391305, 4748.80602006689, 4779.046822742475, 4809.28762541806, 4839.528428093646, 4869.769230769231, 4900.010033444816, 4930.250836120402, 4960.491638795987, 4990.732441471572, 5020.973244147158, 5051.214046822743, 5081.454849498328, 5111.695652173913, 5141.936454849499, 5172.177257525084, 5202.418060200669, 5232.658862876255, 5262.8996655518395, 5293.140468227425, 5323.38127090301, 5353.6220735785955, 5383.862876254181, 5414.103678929766, 5444.344481605352, 5474.585284280936, 5504.826086956522, 5535.066889632108, 5565.307692307692, 5595.548494983278, 5625.789297658863, 5656.030100334448, 5686.270903010034, 5716.511705685619, 5746.7525083612045, 5776.993311036789, 5807.234113712375, 5837.474916387961, 5867.715719063545, 5897.956521739131, 5928.197324414716, 5958.438127090301, 5988.678929765887, 6018.919732441472, 6049.160535117057, 6079.401337792642, 6109.642140468228, 6139.8829431438135, 6170.123745819398, 6200.364548494984, 6230.605351170569, 6260.846153846154, 6291.08695652174, 6321.327759197325, 6351.56856187291, 6381.809364548495, 6412.050167224081, 6442.2909698996655, 6472.531772575251, 6502.772575250837, 6533.0133779264215, 6563.254180602007, 6593.494983277592, 6623.735785953178, 6653.976588628763, 6684.217391304348, 6714.458193979934, 6744.698996655518, 6774.939799331104, 6805.18060200669, 6835.421404682274, 6865.66220735786, 6895.903010033445, 6926.1438127090305, 6956.384615384616, 6986.625418060201, 7016.866220735787, 7047.107023411371, 7077.347826086957, 7107.588628762543, 7137.829431438127, 7168.070234113713, 7198.311036789298, 7228.551839464883, 7258.792642140468, 7289.033444816054, 7319.2742474916395, 7349.515050167224, 7379.75585284281, 7409.996655518395, 7440.23745819398, 7470.478260869566, 7500.719063545151, 7530.959866220736, 7561.200668896321, 7591.441471571907, 7621.682274247492, 7651.923076923077, 7682.163879598663, 7712.4046822742475, 7742.645484949833, 7772.886287625419, 7803.127090301004, 7833.367892976589, 7863.608695652174, 7893.84949832776, 7924.090301003345, 7954.33110367893, 7984.571906354516, 8014.8127090301, 8045.053511705686, 8075.294314381272, 8105.5351170568565, 8135.775919732442, 8166.016722408027, 8196.257525083613, 8226.498327759198, 8256.739130434784, 8286.979933110368, 8317.220735785953, 8347.461538461539, 8377.702341137125, 8407.94314381271, 8438.183946488294, 8468.42474916388, 8498.665551839465, 8528.906354515051, 8559.147157190637, 8589.38795986622, 8619.628762541806, 8649.869565217392, 8680.110367892978, 8710.351170568563, 8740.591973244147, 8770.832775919733, 8801.073578595318, 8831.314381270904, 8861.555183946488, 8891.795986622074, 8922.03678929766, 8952.277591973245, 8982.51839464883, 9012.759197324414, 9043.0], "num_solved": 93, "cmc_vals": [0.0, 0.02, 0.02, 0.04, 0.06, 0.06, 0.08, 0.09, 0.13, 0.15, 0.17, 0.23, 0.27, 0.32, 0.32, 0.33, 0.34, 0.36, 0.37, 0.37, 0.38, 0.39, 0.4, 0.43, 0.43, 0.46, 0.5, 0.5, 0.51, 0.53, 0.53, 0.54, 0.54, 0.56, 0.57, 0.58, 0.59, 0.59, 0.61, 0.61, 0.61, 0.63, 0.64, 0.65, 0.65, 0.66, 0.67, 0.68, 0.68, 0.68, 0.68, 0.68, 0.68, 0.68, 0.68, 0.68, 0.68, 0.7, 0.7, 0.7, 0.7, 0.7, 0.7, 0.7, 0.7, 0.7, 0.7, 0.7, 0.7, 0.7, 0.7, 0.7, 0.7, 0.7, 0.7, 0.7, 0.7, 0.7, 0.7, 0.7, 0.7, 0.7, 0.7, 0.7, 0.7, 0.7, 0.7, 0.7, 0.7, 0.7, 0.71, 0.71, 0.71, 0.71, 0.71, 0.71, 0.71, 0.72, 0.72, 0.72, 0.72, 0.72, 0.72, 0.72, 0.72, 0.72, 0.72, 0.72, 0.73, 0.73, 0.73, 0.73, 0.73, 0.73, 0.73, 0.73, 0.74, 0.75, 0.75, 0.75, 0.75, 0.75, 0.75, 0.75, 0.78, 0.78, 0.78, 0.79, 0.79, 0.81, 0.82, 0.82, 0.82, 0.83, 0.83, 0.83, 0.83, 0.83, 0.83, 0.83, 0.84, 0.84, 0.84, 0.84, 0.84, 0.84, 0.84, 0.84, 0.84, 0.84, 0.84, 0.84, 0.84, 0.84, 0.84, 0.85, 0.85, 0.85, 0.85, 0.85, 0.85, 0.85, 0.85, 0.86, 0.86, 0.86, 0.86, 0.86, 0.86, 0.86, 0.86, 0.86, 0.86, 0.86, 0.87, 0.87, 0.87, 0.87, 0.87, 0.87, 0.87, 0.87, 0.87, 0.87, 0.87, 0.87, 0.87, 0.87, 0.87, 0.87, 0.87, 0.87, 0.87, 0.87, 0.87, 0.87, 0.87, 0.87, 0.87, 0.87, 0.88, 0.88, 0.88, 0.88, 0.88, 0.88, 0.88, 0.88, 0.88, 0.88, 0.88, 0.88, 0.88, 0.88, 0.89, 0.89, 0.89, 0.89, 0.89, 0.89, 0.89, 0.89, 0.89, 0.89, 0.89, 0.89, 0.89, 0.89, 0.89, 0.9, 0.9, 0.9, 0.9, 0.9, 0.9, 0.9, 0.9, 0.9, 0.9, 0.9, 0.9, 0.9, 0.9, 0.9, 0.9, 0.9, 0.91, 0.91, 0.91, 0.91, 0.92, 0.92, 0.92, 0.92, 0.92, 0.92, 0.92, 0.92, 0.92, 0.92, 0.92, 0.92, 0.92, 0.92, 0.92, 0.92, 0.92, 0.92, 0.92, 0.92, 0.92, 0.92, 0.92, 0.92, 0.92, 0.92, 0.92, 0.92, 0.92, 0.92, 0.92, 0.92, 0.92, 0.92, 0.92, 0.92, 0.92, 0.92, 0.92, 0.92, 0.92, 0.92, 0.92, 0.92, 0.92, 0.92, 0.92, 0.92, 0.93, 0.93]}