{"calc_counters": [2805.4949494949497], "capture": "Simple", "cmc_iters": [1.0, 81.2675585284281, 161.5351170568562, 241.8026755852843, 322.0702341137124, 402.33779264214047, 482.6053511705686, 562.8729096989966, 643.1404682274248, 723.4080267558529, 803.6755852842809, 883.9431438127091, 964.2107023411372, 1044.4782608695652, 1124.7458193979933, 1205.0133779264215, 1285.2809364548496, 1365.5484949832776, 1445.8160535117058, 1526.0836120401339, 1606.3511705685619, 1686.6187290969901, 1766.8862876254182, 1847.1538461538462, 1927.4214046822744, 2007.6889632107025, 2087.9565217391305, 2168.2240802675587, 2248.4916387959865, 2328.759197324415, 2409.026755852843, 2489.294314381271, 2569.561872909699, 2649.8294314381274, 2730.096989966555, 2810.3645484949834, 2890.6321070234117, 2970.8996655518395, 3051.1672240802677, 3131.434782608696, 3211.7023411371238, 3291.969899665552, 3372.2374581939803, 3452.505016722408, 3532.7725752508363, 3613.0401337792646, 3693.3076923076924, 3773.5752508361206, 3853.842809364549, 3934.1103678929767, 4014.377926421405, 4094.6454849498327, 4174.913043478261, 4255.180602006689, 4335.4481605351175, 4415.715719063545, 4495.983277591973, 4576.250836120402, 4656.51839464883, 4736.785953177257, 4817.053511705686, 4897.321070234114, 4977.588628762542, 5057.85618729097, 5138.123745819398, 5218.391304347826, 5298.658862876255, 5378.9264214046825, 5459.19397993311, 5539.461538461539, 5619.729096989967, 5699.996655518395, 5780.264214046823, 5860.531772575251, 5940.799331103679, 6021.066889632108, 6101.334448160535, 6181.602006688963, 6261.869565217392, 6342.13712374582, 6422.4046822742475, 6502.672240802676, 6582.939799331104, 6663.207357859532, 6743.474916387961, 6823.742474916388, 6904.010033444816, 6984.277591973245, 7064.545150501673, 7144.8127090301, 7225.080267558529, 7305.347826086957, 7385.615384615385, 7465.8829431438135, 7546.150501672241, 7626.418060200669, 7706.685618729098, 7786.953177257526, 7867.220735785953, 7947.488294314381, 8027.75585284281, 8108.023411371238, 8188.2909698996655, 8268.558528428093, 8348.826086956522, 8429.09364548495, 8509.361204013378, 8589.628762541806, 8669.896321070235, 8750.163879598662, 8830.43143812709, 8910.69899665552, 8990.966555183946, 9071.234113712375, 9151.501672240804, 9231.76923076923, 9312.03678929766, 9392.304347826088, 9472.571906354515, 9552.839464882944, 9633.107023411372, 9713.3745819398, 9793.642140468228, 9873.909698996657, 9954.177257525083, 10034.444816053512, 10114.71237458194, 10194.979933110368, 10275.247491638796, 10355.515050167225, 10435.782608695652, 10516.05016722408, 10596.31772575251, 10676.585284280936, 10756.852842809365, 10837.120401337794, 10917.38795986622, 10997.65551839465, 11077.923076923078, 11158.190635451505, 11238.458193979934, 11318.725752508362, 11398.99331103679, 11479.260869565218, 11559.528428093647, 11639.795986622074, 11720.063545150502, 11800.331103678931, 11880.598662207358, 11960.866220735787, 12041.133779264215, 12121.401337792642, 12201.66889632107, 12281.9364548495, 12362.204013377926, 12442.471571906355, 12522.739130434784, 12603.00668896321, 12683.27424749164, 12763.541806020068, 12843.809364548495, 12924.076923076924, 13004.344481605352, 13084.61204013378, 13164.879598662208, 13245.147157190637, 13325.414715719064, 13405.682274247492, 13485.949832775921, 13566.217391304348, 13646.484949832777, 13726.752508361205, 13807.020066889632, 13887.287625418061, 13967.55518394649, 14047.822742474917, 14128.090301003345, 14208.357859531774, 14288.6254180602, 14368.89297658863, 14449.160535117058, 14529.428093645485, 14609.695652173914, 14689.963210702343, 14770.23076923077, 14850.498327759198, 14930.765886287627, 15011.033444816054, 15091.301003344483, 15171.568561872911, 15251.836120401338, 15332.103678929767, 15412.371237458196, 15492.638795986622, 15572.906354515051, 15653.173913043478, 15733.441471571907, 15813.709030100335, 15893.976588628762, 15974.244147157191, 16054.51170568562, 16134.779264214047, 16215.046822742475, 16295.314381270904, 16375.581939799331, 16455.84949832776, 16536.117056856187, 16616.384615384617, 16696.652173913044, 16776.91973244147, 16857.1872909699, 16937.45484949833, 17017.722408026755, 17097.989966555186, 17178.257525083613, 17258.52508361204, 17338.79264214047, 17419.060200668897, 17499.327759197324, 17579.595317725754, 17659.86287625418, 17740.130434782608, 17820.39799331104, 17900.665551839465, 17980.933110367892, 18061.200668896323, 18141.46822742475, 18221.735785953177, 18302.003344481607, 18382.270903010034, 18462.53846153846, 18542.80602006689, 18623.07357859532, 18703.341137123745, 18783.608695652176, 18863.876254180603, 18944.14381270903, 19024.41137123746, 19104.678929765887, 19184.946488294314, 19265.214046822744, 19345.48160535117, 19425.7491638796, 19506.01672240803, 19586.284280936456, 19666.551839464883, 19746.819397993313, 19827.08695652174, 19907.354515050167, 19987.622073578597, 20067.889632107024, 20148.15719063545, 20228.42474916388, 20308.69230769231, 20388.959866220735, 20469.227424749166, 20549.494983277593, 20629.76254180602, 20710.03010033445, 20790.297658862877, 20870.565217391304, 20950.832775919735, 21031.10033444816, 21111.36789297659, 21191.63545150502, 21271.903010033446, 21352.170568561873, 21432.438127090303, 21512.70568561873, 21592.973244147157, 21673.240802675587, 21753.508361204014, 21833.77591973244, 21914.04347826087, 21994.3110367893, 22074.578595317726, 22154.846153846156, 22235.113712374583, 22315.38127090301, 22395.64882943144, 22475.916387959867, 22556.183946488294, 22636.451505016725, 22716.71906354515, 22796.98662207358, 22877.25418060201, 22957.521739130436, 23037.789297658863, 23118.056856187293, 23198.32441471572, 23278.591973244147, 23358.859531772578, 23439.127090301005, 23519.39464882943, 23599.662207357862, 23679.92976588629, 23760.197324414716, 23840.464882943146, 23920.732441471573, 24001.0], "num_solved": 99, "cmc_vals": [0.0, 0.03, 0.04, 0.06, 0.08, 0.08, 0.1, 0.15, 0.16, 0.2, 0.23, 0.26, 0.29, 0.3, 0.31, 0.33, 0.34, 0.36, 0.38, 0.4, 0.44, 0.48, 0.51, 0.55, 0.56, 0.58, 0.61, 0.61, 0.61, 0.62, 0.63, 0.64, 0.64, 0.64, 0.64, 0.64, 0.65, 0.66, 0.66, 0.68, 0.69, 0.7, 0.71, 0.71, 0.73, 0.74, 0.74, 0.75, 0.75, 0.75, 0.75, 0.75, 0.77, 0.77, 0.77, 0.79, 0.8, 0.81, 0.81, 0.81, 0.83, 0.84, 0.84, 0.85, 0.85, 0.85, 0.85, 0.86, 0.86, 0.86, 0.86, 0.86, 0.86, 0.89, 0.89, 0.89, 0.89, 0.89, 0.89, 0.9, 0.9, 0.9, 0.91, 0.91, 0.91, 0.91, 0.91, 0.91, 0.91, 0.91, 0.91, 0.92, 0.92, 0.92, 0.92, 0.93, 0.94, 0.94, 0.94, 0.94, 0.94, 0.94, 0.94, 0.94, 0.94, 0.94, 0.94, 0.94, 0.94, 0.94, 0.94, 0.94, 0.94, 0.94, 0.94, 0.94, 0.94, 0.94, 0.94, 0.94, 0.94, 0.94, 0.95, 0.95, 0.95, 0.95, 0.95, 0.95, 0.95, 0.95, 0.95, 0.95, 0.95, 0.95, 0.96, 0.96, 0.96, 0.96, 0.96, 0.97, 0.97, 0.97, 0.97, 0.97, 0.97, 0.97, 0.97, 0.97, 0.97, 0.97, 0.97, 0.97, 0.97, 0.97, 0.97, 0.97, 0.97, 0.97, 0.97, 0.98, 0.98, 0.98, 0.98, 0.98, 0.98, 0.98, 0.98, 0.98, 0.98, 0.98, 0.98, 0.98, 0.98, 0.98, 0.98, 0.98, 0.98, 0.98, 0.98, 0.98, 0.98, 0.98, 0.98, 0.98, 0.98, 0.98, 0.98, 0.98, 0.98, 0.98, 0.98, 0.98, 0.98, 0.98, 0.98, 0.98, 0.98, 0.98, 0.98, 0.98, 0.98, 0.98, 0.98, 0.98, 0.98, 0.98, 0.98, 0.98, 0.98, 0.98, 0.98, 0.98, 0.98, 0.98, 0.98, 0.98, 0.98, 0.98, 0.98, 0.98, 0.98, 0.98, 0.98, 0.98, 0.98, 0.98, 0.98, 0.98, 0.98, 0.98, 0.98, 0.98, 0.98, 0.98, 0.98, 0.98, 0.98, 0.98, 0.98, 0.98, 0.98, 0.98, 0.98, 0.98, 0.98, 0.98, 0.98, 0.99, 0.99, 0.99, 0.99, 0.99, 0.99, 0.99, 0.99, 0.99, 0.99, 0.99, 0.99, 0.99, 0.99, 0.99, 0.99, 0.99, 0.99, 0.99, 0.99, 0.99, 0.99, 0.99, 0.99, 0.99, 0.99, 0.99, 0.99, 0.99, 0.99, 0.99, 0.99, 0.99, 0.99, 0.99, 0.99, 0.99, 0.99, 0.99, 0.99, 0.99, 0.99, 0.99, 0.99, 0.99, 0.99, 0.99, 0.99, 0.99, 0.99, 0.99, 0.99, 0.99]}