{"calc_counters": [898.19], "capture": "Simple", "cmc_iters": [1.0, 20.301003344481604, 39.60200668896321, 58.903010033444815, 78.20401337792642, 97.50501672240802, 116.80602006688963, 136.10702341137122, 155.40802675585283, 174.70903010033445, 194.01003344481603, 213.31103678929765, 232.61204013377926, 251.91304347826085, 271.21404682274243, 290.51505016722405, 309.81605351170566, 329.1170568561873, 348.4180602006689, 367.71906354515045, 387.02006688963206, 406.3210702341137, 425.6220735785953, 444.9230769230769, 464.2240802675585, 483.5250836120401, 502.8260869565217, 522.1270903010032, 541.4280936454849, 560.7290969899665, 580.0301003344481, 599.3311036789297, 618.6321070234113, 637.9331103678929, 657.2341137123746, 676.5351170568562, 695.8361204013378, 715.1371237458194, 734.4381270903009, 753.7391304347825, 773.0401337792641, 792.3411371237457, 811.6421404682274, 830.943143812709, 850.2441471571906, 869.5451505016722, 888.8461538461538, 908.1471571906354, 927.448160535117, 946.7491638795985, 966.0501672240802, 985.3511705685618, 1004.6521739130434, 1023.953177257525, 1043.2541806020065, 1062.5551839464881, 1081.8561872909697, 1101.1571906354513, 1120.458193979933, 1139.7591973244146, 1159.0602006688962, 1178.3612040133778, 1197.6622073578594, 1216.963210702341, 1236.2642140468226, 1255.5652173913043, 1274.8662207357859, 1294.1672240802675, 1313.468227424749, 1332.7692307692307, 1352.0702341137123, 1371.371237458194, 1390.6722408026756, 1409.9732441471572, 1429.2742474916388, 1448.5752508361202, 1467.8762541806018, 1487.1772575250834, 1506.478260869565, 1525.7792642140466, 1545.0802675585282, 1564.3812709030099, 1583.6822742474915, 1602.983277591973, 1622.2842809364547, 1641.5852842809363, 1660.886287625418, 1680.1872909698995, 1699.4882943143812, 1718.7892976588628, 1738.0903010033444, 1757.391304347826, 1776.6923076923076, 1795.9933110367892, 1815.2943143812709, 1834.5953177257525, 1853.896321070234, 1873.1973244147155, 1892.498327759197, 1911.7993311036787, 1931.1003344481603, 1950.401337792642, 1969.7023411371235, 1989.0033444816052, 2008.3043478260868, 2027.6053511705684, 2046.90635451505, 2066.2073578595314, 2085.508361204013, 2104.8093645484946, 2124.1103678929762, 2143.411371237458, 2162.7123745819395, 2182.013377926421, 2201.3143812709027, 2220.6153846153843, 2239.916387959866, 2259.2173913043475, 2278.518394648829, 2297.8193979933108, 2317.1204013377924, 2336.421404682274, 2355.7224080267556, 2375.023411371237, 2394.324414715719, 2413.6254180602004, 2432.926421404682, 2452.2274247491637, 2471.5284280936453, 2490.829431438127, 2510.1304347826085, 2529.43143812709, 2548.7324414715717, 2568.0334448160534, 2587.334448160535, 2606.6354515050166, 2625.936454849498, 2645.23745819398, 2664.5384615384614, 2683.839464882943, 2703.1404682274247, 2722.4414715719063, 2741.742474916388, 2761.0434782608695, 2780.344481605351, 2799.6454849498327, 2818.9464882943143, 2838.247491638796, 2857.5484949832776, 2876.849498327759, 2896.1505016722404, 2915.451505016722, 2934.7525083612036, 2954.053511705685, 2973.354515050167, 2992.6555183946484, 3011.95652173913, 3031.2575250836117, 3050.5585284280933, 3069.859531772575, 3089.1605351170565, 3108.461538461538, 3127.7625418060197, 3147.0635451505013, 3166.364548494983, 3185.6655518394646, 3204.966555183946, 3224.267558528428, 3243.5685618729094, 3262.869565217391, 3282.1705685618726, 3301.4715719063543, 3320.772575250836, 3340.0735785953175, 3359.374581939799, 3378.6755852842807, 3397.9765886287623, 3417.277591973244, 3436.5785953177256, 3455.879598662207, 3475.180602006689, 3494.4816053511704, 3513.782608695652, 3533.0836120401336, 3552.3846153846152, 3571.685618729097, 3590.9866220735785, 3610.28762541806, 3629.5886287625417, 3648.8896321070233, 3668.190635451505, 3687.4916387959865, 3706.792642140468, 3726.0936454849493, 3745.394648829431, 3764.6956521739125, 3783.996655518394, 3803.297658862876, 3822.5986622073574, 3841.899665551839, 3861.2006688963206, 3880.5016722408022, 3899.802675585284, 3919.1036789297655, 3938.404682274247, 3957.7056856187287, 3977.0066889632103, 3996.307692307692, 4015.6086956521735, 4034.909698996655, 4054.2107023411368, 4073.5117056856184, 4092.8127090301, 4112.113712374582, 4131.414715719063, 4150.715719063544, 4170.016722408026, 4189.317725752508, 4208.618729096989, 4227.919732441471, 4247.2207357859525, 4266.521739130434, 4285.822742474916, 4305.123745819397, 4324.424749163879, 4343.7257525083605, 4363.026755852842, 4382.327759197324, 4401.628762541805, 4420.929765886287, 4440.230769230769, 4459.53177257525, 4478.832775919732, 4498.133779264213, 4517.434782608695, 4536.735785953177, 4556.036789297658, 4575.33779264214, 4594.6387959866215, 4613.939799331103, 4633.240802675585, 4652.541806020066, 4671.842809364548, 4691.14381270903, 4710.444816053511, 4729.745819397993, 4749.046822742474, 4768.347826086956, 4787.648829431438, 4806.949832775919, 4826.250836120401, 4845.5518394648825, 4864.852842809364, 4884.153846153846, 4903.454849498327, 4922.755852842809, 4942.056856187291, 4961.357859531772, 4980.658862876254, 4999.959866220735, 5019.260869565217, 5038.561872909699, 5057.86287625418, 5077.163879598662, 5096.4648829431435, 5115.765886287625, 5135.066889632107, 5154.367892976588, 5173.66889632107, 5192.969899665552, 5212.270903010033, 5231.571906354515, 5250.872909698996, 5270.173913043478, 5289.47491638796, 5308.775919732441, 5328.076923076923, 5347.3779264214045, 5366.678929765886, 5385.979933110368, 5405.280936454849, 5424.581939799331, 5443.882943143813, 5463.183946488294, 5482.484949832776, 5501.785953177257, 5521.086956521739, 5540.387959866221, 5559.688963210702, 5578.989966555184, 5598.2909698996655, 5617.591973244147, 5636.892976588629, 5656.19397993311, 5675.494983277592, 5694.7959866220735, 5714.096989966555, 5733.397993311037, 5752.698996655518, 5772.0], "num_solved": 100, "cmc_vals": [0.0, 0.01, 0.01, 0.03, 0.05, 0.06, 0.08, 0.09, 0.11, 0.11, 0.11, 0.12, 0.13, 0.15, 0.16, 0.17, 0.17, 0.19, 0.19, 0.2, 0.22, 0.23, 0.24, 0.25, 0.28, 0.28, 0.3, 0.34, 0.36, 0.37, 0.41, 0.41, 0.45, 0.46, 0.48, 0.48, 0.49, 0.5, 0.53, 0.54, 0.57, 0.59, 0.59, 0.61, 0.63, 0.63, 0.63, 0.64, 0.66, 0.69, 0.71, 0.72, 0.72, 0.72, 0.72, 0.75, 0.77, 0.77, 0.77, 0.77, 0.77, 0.77, 0.79, 0.79, 0.79, 0.79, 0.81, 0.81, 0.81, 0.82, 0.83, 0.84, 0.84, 0.84, 0.84, 0.85, 0.85, 0.86, 0.86, 0.86, 0.86, 0.86, 0.87, 0.88, 0.89, 0.89, 0.9, 0.9, 0.9, 0.9, 0.9, 0.9, 0.9, 0.91, 0.92, 0.92, 0.92, 0.92, 0.93, 0.93, 0.93, 0.93, 0.93, 0.93, 0.93, 0.93, 0.93, 0.93, 0.93, 0.94, 0.94, 0.94, 0.94, 0.94, 0.94, 0.94, 0.94, 0.94, 0.94, 0.94, 0.94, 0.94, 0.94, 0.94, 0.94, 0.94, 0.94, 0.96, 0.97, 0.97, 0.97, 0.97, 0.97, 0.97, 0.97, 0.97, 0.97, 0.97, 0.97, 0.97, 0.97, 0.97, 0.97, 0.98, 0.98, 0.98, 0.98, 0.98, 0.98, 0.98, 0.98, 0.98, 0.98, 0.98, 0.98, 0.98, 0.98, 0.98, 0.98, 0.98, 0.98, 0.98, 0.98, 0.98, 0.98, 0.98, 0.98, 0.98, 0.98, 0.98, 0.98, 0.98, 0.98, 0.98, 0.98, 0.98, 0.98, 0.98, 0.98, 0.98, 0.98, 0.98, 0.98, 0.98, 0.98, 0.98, 0.98, 0.98, 0.98, 0.98, 0.98, 0.98, 0.98, 0.98, 0.98, 0.98, 0.98, 0.98, 0.98, 0.98, 0.98, 0.98, 0.98, 0.98, 0.98, 0.98, 0.98, 0.98, 0.98, 0.98, 0.98, 0.98, 0.98, 0.98, 0.98, 0.98, 0.98, 0.98, 0.98, 0.98, 0.98, 0.98, 0.98, 0.98, 0.98, 0.98, 0.98, 0.98, 0.98, 0.98, 0.98, 0.98, 0.98, 0.98, 0.98, 0.98, 0.98, 0.98, 0.98, 0.98, 0.98, 0.98, 0.98, 0.98, 0.98, 0.98, 0.98, 0.99, 0.99, 0.99, 0.99, 0.99, 0.99, 0.99, 0.99, 0.99, 0.99, 0.99, 0.99, 0.99, 0.99, 0.99, 0.99, 0.99, 0.99, 0.99, 0.99, 0.99, 0.99, 0.99, 0.99, 0.99, 0.99, 0.99, 0.99, 0.99, 0.99, 0.99, 0.99, 0.99, 0.99, 0.99, 0.99, 0.99, 0.99, 0.99, 0.99, 0.99, 0.99, 0.99, 0.99, 0.99, 0.99, 0.99, 0.99, 0.99, 0.99, 0.99, 0.99, 1.0]}