{"calc_counters": [2532.2337662337663], "capture": "StoGO", "cmc_iters": [1.0, 31.100334448160535, 61.20066889632107, 91.3010033444816, 121.40133779264214, 151.50167224080266, 181.6020066889632, 211.70234113712374, 241.80267558528428, 271.9030100334448, 302.0033444816053, 332.10367892976586, 362.2040133779264, 392.30434782608694, 422.4046822742475, 452.505016722408, 482.60535117056855, 512.7056856187291, 542.8060200668896, 572.9063545150501, 603.0066889632106, 633.1070234113712, 663.2073578595317, 693.3076923076923, 723.4080267558528, 753.5083612040133, 783.6086956521739, 813.7090301003344, 843.809364548495, 873.9096989966555, 904.010033444816, 934.1103678929766, 964.2107023411371, 994.3110367892976, 1024.4113712374583, 1054.5117056856186, 1084.6120401337791, 1114.7123745819397, 1144.8127090301002, 1174.9130434782608, 1205.0133779264213, 1235.1137123745818, 1265.2140468227424, 1295.314381270903, 1325.4147157190635, 1355.515050167224, 1385.6153846153845, 1415.715719063545, 1445.8160535117056, 1475.9163879598661, 1506.0167224080267, 1536.1170568561872, 1566.2173913043478, 1596.3177257525083, 1626.4180602006688, 1656.5183946488294, 1686.61872909699, 1716.7190635451504, 1746.819397993311, 1776.9197324414715, 1807.020066889632, 1837.1204013377926, 1867.2207357859531, 1897.3210702341137, 1927.4214046822742, 1957.5217391304348, 1987.6220735785953, 2017.7224080267558, 2047.8227424749164, 2077.9230769230767, 2108.023411371237, 2138.1237458193978, 2168.2240802675583, 2198.324414715719, 2228.4247491638794, 2258.52508361204, 2288.6254180602004, 2318.725752508361, 2348.8260869565215, 2378.926421404682, 2409.0267558528426, 2439.127090301003, 2469.2274247491637, 2499.327759197324, 2529.4280936454848, 2559.5284280936453, 2589.628762541806, 2619.7290969899664, 2649.829431438127, 2679.9297658862874, 2710.030100334448, 2740.1304347826085, 2770.230769230769, 2800.3311036789296, 2830.43143812709, 2860.5317725752507, 2890.632107023411, 2920.7324414715717, 2950.8327759197323, 2980.933110367893, 3011.0334448160534, 3041.133779264214, 3071.2341137123744, 3101.334448160535, 3131.4347826086955, 3161.535117056856, 3191.6354515050166, 3221.735785953177, 3251.8361204013377, 3281.936454849498, 3312.0367892976587, 3342.1371237458193, 3372.23745819398, 3402.3377926421404, 3432.438127090301, 3462.5384615384614, 3492.638795986622, 3522.7391304347825, 3552.839464882943, 3582.9397993311036, 3613.040133779264, 3643.1404682274247, 3673.240802675585, 3703.3411371237457, 3733.4414715719063, 3763.541806020067, 3793.6421404682274, 3823.742474916388, 3853.8428093645484, 3883.943143812709, 3914.0434782608695, 3944.14381270903, 3974.2441471571906, 4004.344481605351, 4034.4448160535117, 4064.545150501672, 4094.6454849498327, 4124.745819397993, 4154.846153846153, 4184.946488294314, 4215.046822742474, 4245.147157190635, 4275.2474916387955, 4305.347826086956, 4335.448160535117, 4365.548494983277, 4395.648829431438, 4425.749163879598, 4455.849498327759, 4485.949832775919, 4516.05016722408, 4546.15050167224, 4576.250836120401, 4606.351170568561, 4636.451505016722, 4666.5518394648825, 4696.652173913043, 4726.752508361204, 4756.852842809364, 4786.953177257525, 4817.053511705685, 4847.153846153846, 4877.254180602006, 4907.354515050167, 4937.454849498327, 4967.555183946488, 4997.655518394648, 5027.755852842809, 5057.8561872909695, 5087.95652173913, 5118.056856187291, 5148.157190635451, 5178.257525083612, 5208.357859531772, 5238.458193979933, 5268.558528428093, 5298.658862876254, 5328.759197324414, 5358.859531772575, 5388.959866220735, 5419.060200668896, 5449.1605351170565, 5479.260869565217, 5509.361204013378, 5539.461538461538, 5569.561872909699, 5599.662207357859, 5629.76254180602, 5659.86287625418, 5689.963210702341, 5720.063545150501, 5750.163879598662, 5780.264214046822, 5810.364548494983, 5840.4648829431435, 5870.565217391304, 5900.665551839465, 5930.765886287625, 5960.866220735786, 5990.966555183946, 6021.066889632107, 6051.167224080267, 6081.267558528428, 6111.367892976588, 6141.468227424749, 6171.568561872909, 6201.66889632107, 6231.7692307692305, 6261.869565217391, 6291.969899665552, 6322.070234113712, 6352.170568561873, 6382.270903010033, 6412.371237458194, 6442.471571906354, 6472.571906354515, 6502.672240802675, 6532.772575250836, 6562.872909698996, 6592.973244147157, 6623.0735785953175, 6653.173913043478, 6683.274247491639, 6713.374581939799, 6743.47491638796, 6773.57525083612, 6803.675585284281, 6833.775919732441, 6863.876254180602, 6893.976588628762, 6924.076923076923, 6954.177257525083, 6984.277591973244, 7014.3779264214045, 7044.478260869565, 7074.578595317726, 7104.678929765886, 7134.779264214047, 7164.879598662207, 7194.979933110368, 7225.080267558528, 7255.180602006689, 7285.280936454849, 7315.38127090301, 7345.48160535117, 7375.581939799331, 7405.6822742474915, 7435.782608695652, 7465.882943143813, 7495.983277591973, 7526.083612040134, 7556.183946488294, 7586.284280936455, 7616.384615384615, 7646.484949832776, 7676.585284280936, 7706.685618729097, 7736.785953177257, 7766.886287625418, 7796.9866220735785, 7827.086956521739, 7857.1872909699, 7887.28762541806, 7917.387959866221, 7947.488294314381, 7977.588628762542, 8007.688963210702, 8037.789297658863, 8067.889632107023, 8097.989966555184, 8128.090301003344, 8158.190635451505, 8188.2909698996655, 8218.391304347826, 8248.491638795986, 8278.591973244147, 8308.692307692307, 8338.792642140468, 8368.892976588628, 8398.99331103679, 8429.093645484949, 8459.19397993311, 8489.29431438127, 8519.394648829431, 8549.494983277591, 8579.595317725752, 8609.695652173912, 8639.795986622074, 8669.896321070233, 8699.996655518395, 8730.096989966554, 8760.197324414716, 8790.297658862875, 8820.397993311037, 8850.498327759196, 8880.598662207358, 8910.698996655517, 8940.799331103679, 8970.899665551839, 9001.0], "num_solved": 77, "cmc_vals": [0.0, 0.01, 0.03, 0.05, 0.05, 0.08, 0.08, 0.09, 0.11, 0.11, 0.12, 0.14, 0.19, 0.2, 0.2, 0.21, 0.22, 0.24, 0.24, 0.25, 0.25, 0.25, 0.26, 0.26, 0.26, 0.29, 0.29, 0.29, 0.29, 0.3, 0.3, 0.31, 0.32, 0.32, 0.32, 0.32, 0.32, 0.32, 0.32, 0.32, 0.33, 0.33, 0.33, 0.33, 0.34, 0.34, 0.34, 0.34, 0.34, 0.34, 0.36, 0.36, 0.36, 0.36, 0.36, 0.36, 0.37, 0.37, 0.37, 0.37, 0.38, 0.38, 0.38, 0.39, 0.39, 0.4, 0.4, 0.4, 0.4, 0.4, 0.4, 0.41, 0.42, 0.42, 0.43, 0.43, 0.44, 0.44, 0.45, 0.46, 0.46, 0.46, 0.46, 0.46, 0.47, 0.47, 0.47, 0.47, 0.47, 0.47, 0.47, 0.48, 0.48, 0.48, 0.48, 0.48, 0.48, 0.49, 0.49, 0.49, 0.5, 0.5, 0.5, 0.51, 0.51, 0.51, 0.51, 0.51, 0.51, 0.54, 0.54, 0.54, 0.54, 0.54, 0.54, 0.54, 0.55, 0.56, 0.56, 0.57, 0.57, 0.57, 0.58, 0.59, 0.59, 0.59, 0.59, 0.59, 0.59, 0.59, 0.59, 0.59, 0.59, 0.59, 0.59, 0.59, 0.59, 0.59, 0.59, 0.59, 0.59, 0.59, 0.59, 0.59, 0.59, 0.6, 0.6, 0.6, 0.6, 0.6, 0.6, 0.61, 0.61, 0.61, 0.61, 0.61, 0.62, 0.62, 0.62, 0.62, 0.62, 0.62, 0.62, 0.62, 0.62, 0.63, 0.63, 0.63, 0.63, 0.63, 0.63, 0.63, 0.64, 0.64, 0.64, 0.64, 0.65, 0.65, 0.65, 0.65, 0.65, 0.65, 0.65, 0.65, 0.65, 0.65, 0.65, 0.65, 0.67, 0.67, 0.67, 0.67, 0.67, 0.67, 0.67, 0.67, 0.68, 0.69, 0.69, 0.69, 0.69, 0.69, 0.69, 0.69, 0.69, 0.69, 0.7, 0.7, 0.7, 0.7, 0.7, 0.7, 0.7, 0.7, 0.7, 0.7, 0.7, 0.7, 0.7, 0.7, 0.7, 0.7, 0.7, 0.7, 0.7, 0.7, 0.71, 0.71, 0.71, 0.71, 0.71, 0.71, 0.71, 0.71, 0.71, 0.71, 0.71, 0.71, 0.71, 0.71, 0.71, 0.71, 0.71, 0.71, 0.71, 0.71, 0.71, 0.71, 0.72, 0.72, 0.72, 0.72, 0.72, 0.73, 0.73, 0.73, 0.73, 0.73, 0.73, 0.73, 0.73, 0.73, 0.73, 0.73, 0.73, 0.73, 0.73, 0.73, 0.73, 0.73, 0.73, 0.73, 0.73, 0.73, 0.73, 0.73, 0.73, 0.73, 0.73, 0.73, 0.73, 0.73, 0.74, 0.74, 0.74, 0.75, 0.75, 0.76, 0.77, 0.77, 0.77, 0.77, 0.77, 0.77, 0.77, 0.77, 0.77, 0.77, 0.77, 0.77]}