{"calc_counters": [19883.594594594593], "capture": "CRS", "cmc_iters": [1.0, 502.6923076923077, 1004.3846153846154, 1506.076923076923, 2007.7692307692307, 2509.4615384615386, 3011.153846153846, 3512.846153846154, 4014.5384615384614, 4516.2307692307695, 5017.923076923077, 5519.615384615385, 6021.307692307692, 6523.0, 7024.692307692308, 7526.384615384615, 8028.076923076923, 8529.76923076923, 9031.461538461539, 9533.153846153846, 10034.846153846154, 10536.538461538461, 11038.23076923077, 11539.923076923076, 12041.615384615385, 12543.307692307691, 13045.0, 13546.692307692307, 14048.384615384615, 14550.076923076922, 15051.76923076923, 15553.461538461537, 16055.153846153846, 16556.846153846152, 17058.53846153846, 17560.23076923077, 18061.923076923078, 18563.615384615383, 19065.30769230769, 19567.0, 20068.69230769231, 20570.384615384613, 21072.076923076922, 21573.76923076923, 22075.46153846154, 22577.153846153844, 23078.846153846152, 23580.53846153846, 24082.23076923077, 24583.923076923078, 25085.615384615383, 25587.30769230769, 26089.0, 26590.69230769231, 27092.384615384613, 27594.076923076922, 28095.76923076923, 28597.46153846154, 29099.153846153844, 29600.846153846152, 30102.53846153846, 30604.23076923077, 31105.923076923074, 31607.615384615383, 32109.30769230769, 32611.0, 33112.692307692305, 33614.38461538462, 34116.07692307692, 34617.76923076923, 35119.46153846154, 35621.153846153844, 36122.846153846156, 36624.53846153846, 37126.230769230766, 37627.92307692308, 38129.61538461538, 38631.30769230769, 39133.0, 39634.692307692305, 40136.38461538462, 40638.07692307692, 41139.76923076923, 41641.46153846154, 42143.153846153844, 42644.846153846156, 43146.53846153846, 43648.230769230766, 44149.92307692308, 44651.61538461538, 45153.30769230769, 45655.0, 46156.692307692305, 46658.38461538462, 47160.07692307692, 47661.76923076923, 48163.46153846154, 48665.153846153844, 49166.846153846156, 49668.53846153846, 50170.230769230766, 50671.92307692308, 51173.61538461538, 51675.30769230769, 52177.0, 52678.692307692305, 53180.38461538462, 53682.07692307692, 54183.76923076923, 54685.46153846154, 55187.153846153844, 55688.84615384615, 56190.53846153846, 56692.230769230766, 57193.92307692308, 57695.61538461538, 58197.30769230769, 58699.0, 59200.692307692305, 59702.38461538462, 60204.07692307692, 60705.76923076923, 61207.46153846154, 61709.153846153844, 62210.84615384615, 62712.53846153846, 63214.230769230766, 63715.92307692308, 64217.61538461538, 64719.30769230769, 65221.0, 65722.69230769231, 66224.38461538461, 66726.07692307692, 67227.76923076923, 67729.46153846153, 68231.15384615384, 68732.84615384616, 69234.53846153845, 69736.23076923077, 70237.92307692308, 70739.61538461538, 71241.30769230769, 71743.0, 72244.69230769231, 72746.38461538461, 73248.07692307692, 73749.76923076923, 74251.46153846153, 74753.15384615384, 75254.84615384616, 75756.53846153845, 76258.23076923077, 76759.92307692308, 77261.61538461538, 77763.30769230769, 78265.0, 78766.69230769231, 79268.38461538461, 79770.07692307692, 80271.76923076923, 80773.46153846153, 81275.15384615384, 81776.84615384616, 82278.53846153845, 82780.23076923077, 83281.92307692308, 83783.61538461538, 84285.30769230769, 84787.0, 85288.69230769231, 85790.38461538461, 86292.07692307692, 86793.76923076923, 87295.46153846153, 87797.15384615384, 88298.84615384616, 88800.53846153845, 89302.23076923077, 89803.92307692308, 90305.61538461538, 90807.30769230769, 91309.0, 91810.69230769231, 92312.38461538461, 92814.07692307692, 93315.76923076923, 93817.46153846153, 94319.15384615384, 94820.84615384616, 95322.53846153845, 95824.23076923077, 96325.92307692308, 96827.61538461538, 97329.30769230769, 97831.0, 98332.69230769231, 98834.38461538461, 99336.07692307692, 99837.76923076923, 100339.46153846153, 100841.15384615384, 101342.84615384616, 101844.53846153845, 102346.23076923077, 102847.92307692308, 103349.61538461538, 103851.30769230769, 104353.0, 104854.69230769231, 105356.38461538461, 105858.07692307692, 106359.76923076923, 106861.46153846153, 107363.15384615384, 107864.84615384616, 108366.53846153845, 108868.23076923077, 109369.92307692308, 109871.61538461538, 110373.30769230769, 110875.0, 111376.6923076923, 111878.38461538461, 112380.07692307692, 112881.76923076923, 113383.46153846153, 113885.15384615384, 114386.84615384616, 114888.53846153845, 115390.23076923077, 115891.92307692308, 116393.61538461538, 116895.30769230769, 117397.0, 117898.6923076923, 118400.38461538461, 118902.07692307692, 119403.76923076923, 119905.46153846153, 120407.15384615384, 120908.84615384616, 121410.53846153845, 121912.23076923077, 122413.92307692308, 122915.61538461538, 123417.30769230769, 123919.0, 124420.6923076923, 124922.38461538461, 125424.07692307692, 125925.76923076923, 126427.46153846153, 126929.15384615384, 127430.84615384616, 127932.53846153845, 128434.23076923077, 128935.92307692308, 129437.61538461538, 129939.30769230769, 130441.0, 130942.6923076923, 131444.38461538462, 131946.0769230769, 132447.76923076922, 132949.46153846153, 133451.15384615384, 133952.84615384616, 134454.53846153847, 134956.23076923075, 135457.92307692306, 135959.61538461538, 136461.3076923077, 136963.0, 137464.6923076923, 137966.38461538462, 138468.0769230769, 138969.76923076922, 139471.46153846153, 139973.15384615384, 140474.84615384616, 140976.53846153847, 141478.23076923075, 141979.92307692306, 142481.61538461538, 142983.3076923077, 143485.0, 143986.6923076923, 144488.38461538462, 144990.0769230769, 145491.76923076922, 145993.46153846153, 146495.15384615384, 146996.84615384616, 147498.53846153847, 148000.23076923075, 148501.92307692306, 149003.61538461538, 149505.3076923077, 150007.0], "num_solved": 74, "cmc_vals": [0.0, 0.01, 0.02, 0.02, 0.05, 0.05, 0.06, 0.06, 0.07, 0.09, 0.09, 0.11, 0.11, 0.12, 0.12, 0.13, 0.14, 0.15, 0.16, 0.16, 0.18, 0.2, 0.2, 0.2, 0.2, 0.2, 0.21, 0.23, 0.24, 0.24, 0.26, 0.28, 0.28, 0.28, 0.3, 0.33, 0.36, 0.36, 0.38, 0.38, 0.4, 0.42, 0.42, 0.42, 0.42, 0.47, 0.49, 0.49, 0.5, 0.51, 0.52, 0.54, 0.55, 0.55, 0.56, 0.56, 0.56, 0.58, 0.59, 0.59, 0.6, 0.6, 0.61, 0.62, 0.62, 0.63, 0.64, 0.64, 0.64, 0.64, 0.64, 0.65, 0.65, 0.66, 0.66, 0.67, 0.68, 0.68, 0.69, 0.7, 0.7, 0.7, 0.7, 0.7, 0.7, 0.7, 0.7, 0.7, 0.7, 0.7, 0.7, 0.71, 0.71, 0.71, 0.73, 0.73, 0.73, 0.73, 0.73, 0.73, 0.73, 0.73, 0.74, 0.74, 0.74, 0.74, 0.74, 0.74, 0.74, 0.74, 0.74, 0.74, 0.74, 0.74, 0.74, 0.74, 0.74, 0.74, 0.74, 0.74, 0.74, 0.74, 0.74, 0.74, 0.74, 0.74, 0.74, 0.74, 0.74, 0.74, 0.74, 0.74, 0.74, 0.74, 0.74, 0.74, 0.74, 0.74, 0.74, 0.74, 0.74, 0.74, 0.74, 0.74, 0.74, 0.74, 0.74, 0.74, 0.74, 0.74, 0.74, 0.74, 0.74, 0.74, 0.74, 0.74, 0.74, 0.74, 0.74, 0.74, 0.74, 0.74, 0.74, 0.74, 0.74, 0.74, 0.74, 0.74, 0.74, 0.74, 0.74, 0.74, 0.74, 0.74, 0.74, 0.74, 0.74, 0.74, 0.74, 0.74, 0.74, 0.74, 0.74, 0.74, 0.74, 0.74, 0.74, 0.74, 0.74, 0.74, 0.74, 0.74, 0.74, 0.74, 0.74, 0.74, 0.74, 0.74, 0.74, 0.74, 0.74, 0.74, 0.74, 0.74, 0.74, 0.74, 0.74, 0.74, 0.74, 0.74, 0.74, 0.74, 0.74, 0.74, 0.74, 0.74, 0.74, 0.74, 0.74, 0.74, 0.74, 0.74, 0.74, 0.74, 0.74, 0.74, 0.74, 0.74, 0.74, 0.74, 0.74, 0.74, 0.74, 0.74, 0.74, 0.74, 0.74, 0.74, 0.74, 0.74, 0.74, 0.74, 0.74, 0.74, 0.74, 0.74, 0.74, 0.74, 0.74, 0.74, 0.74, 0.74, 0.74, 0.74, 0.74, 0.74, 0.74, 0.74, 0.74, 0.74, 0.74, 0.74, 0.74, 0.74, 0.74, 0.74, 0.74, 0.74, 0.74, 0.74, 0.74, 0.74, 0.74, 0.74, 0.74, 0.74, 0.74, 0.74, 0.74, 0.74, 0.74, 0.74, 0.74, 0.74, 0.74, 0.74, 0.74, 0.74, 0.74, 0.74, 0.74, 0.74, 0.74, 0.74, 0.74, 0.74, 0.74, 0.74, 0.74, 0.74]}