{"calc_counters": [7328.78], "capture": "DIRECT", "cmc_iters": [1.0, 128.41137123745818, 255.8227424749164, 383.2341137123746, 510.6454849498328, 638.056856187291, 765.4682274247492, 892.8795986622074, 1020.2909698996656, 1147.7023411371238, 1275.113712374582, 1402.5250836120401, 1529.9364548494984, 1657.3478260869565, 1784.7591973244148, 1912.1705685618729, 2039.5819397993312, 2166.9933110367892, 2294.4046822742475, 2421.816053511706, 2549.227424749164, 2676.638795986622, 2804.0501672240803, 2931.4615384615386, 3058.872909698997, 3186.284280936455, 3313.695652173913, 3441.1070234113713, 3568.5183946488296, 3695.929765886288, 3823.3411371237457, 3950.752508361204, 4078.1638795986623, 4205.57525083612, 4332.9866220735785, 4460.397993311037, 4587.809364548495, 4715.220735785953, 4842.632107023412, 4970.04347826087, 5097.454849498328, 5224.866220735787, 5352.277591973244, 5479.688963210702, 5607.1003344481605, 5734.511705685619, 5861.923076923077, 5989.334448160535, 6116.745819397994, 6244.157190635452, 6371.56856187291, 6498.979933110368, 6626.391304347826, 6753.802675585284, 6881.214046822743, 7008.625418060201, 7136.036789297659, 7263.4481605351175, 7390.859531772576, 7518.270903010034, 7645.6822742474915, 7773.09364548495, 7900.505016722408, 8027.916387959866, 8155.327759197325, 8282.739130434782, 8410.15050167224, 8537.561872909699, 8664.973244147157, 8792.384615384615, 8919.795986622074, 9047.207357859532, 9174.61872909699, 9302.030100334448, 9429.441471571907, 9556.852842809365, 9684.264214046823, 9811.675585284282, 9939.08695652174, 10066.498327759198, 10193.909698996657, 10321.321070234115, 10448.732441471573, 10576.14381270903, 10703.555183946488, 10830.966555183946, 10958.377926421404, 11085.789297658863, 11213.200668896321, 11340.61204013378, 11468.023411371238, 11595.434782608696, 11722.846153846154, 11850.257525083613, 11977.66889632107, 12105.08026755853, 12232.491638795987, 12359.903010033446, 12487.314381270904, 12614.725752508362, 12742.13712374582, 12869.548494983277, 12996.959866220735, 13124.371237458194, 13251.782608695652, 13379.19397993311, 13506.605351170569, 13634.016722408027, 13761.428093645485, 13888.839464882944, 14016.250836120402, 14143.66220735786, 14271.073578595318, 14398.484949832777, 14525.896321070235, 14653.307692307693, 14780.719063545152, 14908.13043478261, 15035.541806020068, 15162.953177257525, 15290.364548494983, 15417.775919732441, 15545.1872909699, 15672.598662207358, 15800.010033444816, 15927.421404682274, 16054.832775919733, 16182.244147157191, 16309.65551839465, 16437.066889632108, 16564.478260869564, 16691.889632107024, 16819.30100334448, 16946.71237458194, 17074.123745819397, 17201.535117056857, 17328.946488294314, 17456.357859531774, 17583.76923076923, 17711.18060200669, 17838.591973244147, 17966.003344481607, 18093.414715719064, 18220.826086956524, 18348.23745819398, 18475.64882943144, 18603.060200668897, 18730.471571906353, 18857.882943143813, 18985.29431438127, 19112.70568561873, 19240.117056856187, 19367.528428093647, 19494.939799331103, 19622.351170568563, 19749.76254180602, 19877.17391304348, 20004.585284280936, 20131.996655518396, 20259.408026755853, 20386.819397993313, 20514.23076923077, 20641.64214046823, 20769.053511705686, 20896.464882943146, 21023.876254180603, 21151.28762541806, 21278.69899665552, 21406.110367892976, 21533.521739130436, 21660.933110367892, 21788.344481605352, 21915.75585284281, 22043.16722408027, 22170.578595317726, 22297.989966555186, 22425.401337792642, 22552.812709030102, 22680.22408026756, 22807.63545150502, 22935.046822742475, 23062.458193979935, 23189.869565217392, 23317.28093645485, 23444.69230769231, 23572.103678929765, 23699.515050167225, 23826.92642140468, 23954.33779264214, 24081.7491638796, 24209.16053511706, 24336.571906354515, 24463.983277591975, 24591.39464882943, 24718.80602006689, 24846.217391304348, 24973.628762541808, 25101.040133779265, 25228.451505016725, 25355.86287625418, 25483.27424749164, 25610.685618729098, 25738.096989966554, 25865.508361204014, 25992.91973244147, 26120.33110367893, 26247.742474916387, 26375.153846153848, 26502.565217391304, 26629.976588628764, 26757.38795986622, 26884.79933110368, 27012.210702341137, 27139.622073578597, 27267.033444816054, 27394.444816053514, 27521.85618729097, 27649.26755852843, 27776.678929765887, 27904.090301003347, 28031.501672240804, 28158.91304347826, 28286.32441471572, 28413.735785953177, 28541.147157190637, 28668.558528428093, 28795.969899665553, 28923.38127090301, 29050.79264214047, 29178.204013377926, 29305.615384615387, 29433.026755852843, 29560.438127090303, 29687.84949832776, 29815.26086956522, 29942.672240802676, 30070.083612040136, 30197.494983277593, 30324.90635451505, 30452.31772575251, 30579.729096989966, 30707.140468227426, 30834.551839464883, 30961.963210702343, 31089.3745819398, 31216.78595317726, 31344.197324414716, 31471.608695652176, 31599.020066889632, 31726.431438127092, 31853.84280936455, 31981.25418060201, 32108.665551839465, 32236.076923076926, 32363.488294314382, 32490.899665551842, 32618.3110367893, 32745.722408026755, 32873.133779264215, 33000.545150501675, 33127.95652173913, 33255.36789297659, 33382.77926421405, 33510.19063545151, 33637.60200668896, 33765.01337792642, 33892.42474916388, 34019.83612040134, 34147.247491638795, 34274.658862876255, 34402.070234113715, 34529.481605351175, 34656.89297658863, 34784.30434782609, 34911.71571906355, 35039.127090301, 35166.53846153846, 35293.94983277592, 35421.36120401338, 35548.772575250834, 35676.183946488294, 35803.595317725754, 35931.006688963214, 36058.41806020067, 36185.82943143813, 36313.24080267559, 36440.65217391305, 36568.0635451505, 36695.47491638796, 36822.88628762542, 36950.29765886288, 37077.70903010033, 37205.120401337794, 37332.531772575254, 37459.94314381271, 37587.35451505017, 37714.76588628763, 37842.17725752509, 37969.58862876254, 38097.0], "num_solved": 100, "cmc_vals": [0.0, 0.02, 0.05, 0.09, 0.12, 0.15, 0.17, 0.22, 0.25, 0.27, 0.27, 0.31, 0.33, 0.34, 0.34, 0.34, 0.35, 0.35, 0.38, 0.38, 0.39, 0.41, 0.42, 0.44, 0.44, 0.45, 0.45, 0.46, 0.46, 0.47, 0.47, 0.47, 0.47, 0.48, 0.5, 0.5, 0.5, 0.5, 0.52, 0.54, 0.54, 0.55, 0.55, 0.56, 0.57, 0.58, 0.58, 0.59, 0.59, 0.6, 0.61, 0.61, 0.61, 0.61, 0.61, 0.61, 0.61, 0.61, 0.62, 0.64, 0.64, 0.65, 0.66, 0.66, 0.66, 0.66, 0.66, 0.66, 0.66, 0.66, 0.68, 0.69, 0.71, 0.72, 0.72, 0.73, 0.74, 0.74, 0.75, 0.75, 0.75, 0.75, 0.75, 0.75, 0.76, 0.76, 0.76, 0.77, 0.77, 0.77, 0.78, 0.8, 0.8, 0.81, 0.81, 0.81, 0.83, 0.83, 0.83, 0.83, 0.83, 0.83, 0.83, 0.83, 0.83, 0.83, 0.83, 0.83, 0.83, 0.83, 0.83, 0.83, 0.83, 0.83, 0.84, 0.85, 0.85, 0.85, 0.85, 0.85, 0.85, 0.85, 0.86, 0.86, 0.87, 0.87, 0.87, 0.87, 0.87, 0.88, 0.88, 0.88, 0.88, 0.88, 0.88, 0.88, 0.88, 0.89, 0.89, 0.89, 0.9, 0.9, 0.9, 0.9, 0.9, 0.9, 0.9, 0.9, 0.9, 0.9, 0.9, 0.9, 0.9, 0.9, 0.9, 0.9, 0.9, 0.9, 0.9, 0.9, 0.9, 0.9, 0.9, 0.9, 0.91, 0.91, 0.91, 0.91, 0.91, 0.92, 0.93, 0.93, 0.93, 0.93, 0.93, 0.93, 0.93, 0.94, 0.94, 0.94, 0.94, 0.94, 0.94, 0.94, 0.94, 0.94, 0.94, 0.94, 0.94, 0.94, 0.94, 0.94, 0.94, 0.94, 0.94, 0.94, 0.94, 0.94, 0.94, 0.94, 0.94, 0.94, 0.94, 0.94, 0.94, 0.94, 0.94, 0.94, 0.94, 0.94, 0.94, 0.94, 0.94, 0.94, 0.94, 0.95, 0.96, 0.96, 0.96, 0.96, 0.96, 0.96, 0.96, 0.96, 0.96, 0.96, 0.96, 0.96, 0.96, 0.96, 0.96, 0.96, 0.96, 0.96, 0.96, 0.96, 0.96, 0.96, 0.96, 0.96, 0.96, 0.96, 0.96, 0.96, 0.96, 0.96, 0.96, 0.96, 0.97, 0.97, 0.98, 0.98, 0.98, 0.99, 0.99, 0.99, 0.99, 0.99, 0.99, 0.99, 0.99, 0.99, 0.99, 0.99, 0.99, 0.99, 0.99, 0.99, 0.99, 0.99, 0.99, 0.99, 0.99, 0.99, 0.99, 0.99, 0.99, 0.99, 0.99, 0.99, 0.99, 0.99, 0.99, 0.99, 0.99, 0.99, 0.99, 0.99, 0.99, 0.99, 0.99, 0.99, 0.99, 0.99, 0.99, 0.99, 0.99, 0.99, 0.99, 1.0]}