{"calc_counters": [1372.13], "capture": "AGS", "cmc_iters": [1.0, 14.79598662207358, 28.59197324414716, 42.38795986622074, 56.18394648829432, 69.9799331103679, 83.77591973244148, 97.57190635451505, 111.36789297658864, 125.16387959866222, 138.9598662207358, 152.75585284280936, 166.55183946488296, 180.34782608695653, 194.1438127090301, 207.9397993311037, 221.73578595317727, 235.53177257525084, 249.32775919732444, 263.123745819398, 276.9197324414716, 290.7157190635452, 304.5117056856187, 318.3076923076923, 332.1036789297659, 345.89966555183946, 359.69565217391306, 373.49163879598666, 387.2876254180602, 401.0836120401338, 414.8795986622074, 428.67558528428094, 442.47157190635454, 456.26755852842814, 470.0635451505017, 483.8595317725753, 497.6555183946489, 511.4515050167224, 525.247491638796, 539.0434782608696, 552.8394648829432, 566.6354515050167, 580.4314381270904, 594.2274247491639, 608.0234113712374, 621.8193979933111, 635.6153846153846, 649.4113712374582, 663.2073578595318, 677.0033444816054, 690.7993311036789, 704.5953177257526, 718.3913043478261, 732.1872909698997, 745.9832775919733, 759.7792642140469, 773.5752508361204, 787.3712374581941, 801.1672240802676, 814.9632107023411, 828.7591973244148, 842.5551839464883, 856.3511705685619, 870.1471571906355, 883.9431438127091, 897.7391304347826, 911.5351170568563, 925.3311036789298, 939.1270903010034, 952.923076923077, 966.7190635451506, 980.5150501672241, 994.3110367892978, 1008.1070234113713, 1021.9030100334448, 1035.6989966555184, 1049.494983277592, 1063.2909698996657, 1077.0869565217392, 1090.8829431438128, 1104.6789297658863, 1118.4749163879599, 1132.2709030100334, 1146.0668896321072, 1159.8628762541807, 1173.6588628762543, 1187.4548494983278, 1201.2508361204013, 1215.046822742475, 1228.8428093645487, 1242.6387959866222, 1256.4347826086957, 1270.2307692307693, 1284.0267558528428, 1297.8227424749164, 1311.6187290969901, 1325.4147157190637, 1339.2107023411372, 1353.0066889632108, 1366.8026755852843, 1380.5986622073578, 1394.3946488294316, 1408.1906354515052, 1421.9866220735787, 1435.7826086956522, 1449.5785953177258, 1463.3745819397993, 1477.170568561873, 1490.9665551839466, 1504.7625418060202, 1518.5585284280937, 1532.3545150501673, 1546.1505016722408, 1559.9464882943146, 1573.7424749163881, 1587.5384615384617, 1601.3344481605352, 1615.1304347826087, 1628.9264214046823, 1642.722408026756, 1656.5183946488296, 1670.3143812709031, 1684.1103678929767, 1697.9063545150502, 1711.7023411371238, 1725.4983277591975, 1739.294314381271, 1753.0903010033446, 1766.8862876254182, 1780.6822742474917, 1794.4782608695652, 1808.2742474916388, 1822.0702341137126, 1835.866220735786, 1849.6622073578596, 1863.4581939799332, 1877.2541806020067, 1891.0501672240803, 1904.846153846154, 1918.6421404682276, 1932.4381270903011, 1946.2341137123747, 1960.0301003344482, 1973.8260869565217, 1987.6220735785955, 2001.418060200669, 2015.2140468227426, 2029.0100334448161, 2042.8060200668897, 2056.6020066889632, 2070.3979933110368, 2084.1939799331103, 2097.989966555184, 2111.785953177258, 2125.5819397993314, 2139.377926421405, 2153.1739130434785, 2166.969899665552, 2180.7658862876256, 2194.561872909699, 2208.3578595317726, 2222.153846153846, 2235.9498327759197, 2249.7458193979933, 2263.541806020067, 2277.337792642141, 2291.1337792642144, 2304.929765886288, 2318.7257525083614, 2332.521739130435, 2346.3177257525085, 2360.113712374582, 2373.9096989966556, 2387.705685618729, 2401.5016722408027, 2415.2976588628762, 2429.09364548495, 2442.8896321070238, 2456.6856187290973, 2470.481605351171, 2484.2775919732444, 2498.073578595318, 2511.8695652173915, 2525.665551839465, 2539.4615384615386, 2553.257525083612, 2567.0535117056857, 2580.849498327759, 2594.6454849498327, 2608.4414715719067, 2622.2374581939803, 2636.033444816054, 2649.8294314381274, 2663.625418060201, 2677.4214046822744, 2691.217391304348, 2705.0133779264215, 2718.809364548495, 2732.6053511705686, 2746.401337792642, 2760.1973244147157, 2773.9933110367892, 2787.7892976588632, 2801.585284280937, 2815.3812709030103, 2829.177257525084, 2842.9732441471574, 2856.769230769231, 2870.5652173913045, 2884.361204013378, 2898.1571906354516, 2911.953177257525, 2925.7491638795987, 2939.545150501672, 2953.341137123746, 2967.1371237458197, 2980.9331103678933, 2994.729096989967, 3008.5250836120404, 3022.321070234114, 3036.1170568561874, 3049.913043478261, 3063.7090301003345, 3077.505016722408, 3091.3010033444816, 3105.096989966555, 3118.892976588629, 3132.6889632107027, 3146.4849498327762, 3160.28093645485, 3174.0769230769233, 3187.872909698997, 3201.6688963210704, 3215.464882943144, 3229.2608695652175, 3243.056856187291, 3256.8528428093646, 3270.648829431438, 3284.444816053512, 3298.2408026755857, 3312.036789297659, 3325.8327759197327, 3339.6287625418063, 3353.42474916388, 3367.2207357859534, 3381.016722408027, 3394.8127090301005, 3408.608695652174, 3422.4046822742475, 3436.200668896321, 3449.996655518395, 3463.7926421404686, 3477.588628762542, 3491.3846153846157, 3505.1806020066892, 3518.976588628763, 3532.7725752508363, 3546.56856187291, 3560.3645484949834, 3574.160535117057, 3587.9565217391305, 3601.752508361204, 3615.5484949832776, 3629.3444816053516, 3643.140468227425, 3656.9364548494987, 3670.732441471572, 3684.5284280936457, 3698.3244147157193, 3712.120401337793, 3725.9163879598664, 3739.71237458194, 3753.5083612040135, 3767.304347826087, 3781.1003344481605, 3794.8963210702345, 3808.692307692308, 3822.4882943143816, 3836.284280936455, 3850.0802675585287, 3863.8762541806022, 3877.672240802676, 3891.4682274247493, 3905.264214046823, 3919.0602006688964, 3932.85618729097, 3946.6521739130435, 3960.4481605351175, 3974.244147157191, 3988.0401337792646, 4001.836120401338, 4015.6321070234117, 4029.428093645485, 4043.2240802675587, 4057.0200668896323, 4070.816053511706, 4084.6120401337794, 4098.408026755853, 4112.2040133779265, 4126.0], "num_solved": 100, "cmc_vals": [0.0, 0.0, 0.0, 0.0, 0.0, 0.0, 0.0, 0.0, 0.0, 0.0, 0.0, 0.0, 0.0, 0.0, 0.01, 0.01, 0.01, 0.01, 0.01, 0.01, 0.01, 0.02, 0.02, 0.02, 0.02, 0.02, 0.02, 0.03, 0.03, 0.06, 0.06, 0.06, 0.06, 0.07, 0.07, 0.07, 0.09, 0.1, 0.11, 0.12, 0.12, 0.13, 0.14, 0.15, 0.15, 0.15, 0.17, 0.17, 0.18, 0.21, 0.22, 0.22, 0.23, 0.24, 0.25, 0.25, 0.25, 0.26, 0.26, 0.26, 0.26, 0.27, 0.27, 0.27, 0.27, 0.29, 0.31, 0.31, 0.31, 0.32, 0.34, 0.36, 0.39, 0.43, 0.44, 0.44, 0.45, 0.46, 0.48, 0.49, 0.5, 0.51, 0.52, 0.52, 0.53, 0.53, 0.54, 0.54, 0.54, 0.54, 0.54, 0.55, 0.55, 0.55, 0.57, 0.58, 0.58, 0.6, 0.62, 0.63, 0.64, 0.64, 0.64, 0.64, 0.64, 0.64, 0.65, 0.65, 0.66, 0.66, 0.66, 0.68, 0.68, 0.68, 0.69, 0.69, 0.69, 0.69, 0.69, 0.69, 0.69, 0.69, 0.69, 0.69, 0.69, 0.69, 0.69, 0.7, 0.7, 0.7, 0.7, 0.7, 0.71, 0.71, 0.71, 0.73, 0.73, 0.74, 0.74, 0.74, 0.75, 0.75, 0.77, 0.78, 0.78, 0.79, 0.79, 0.79, 0.79, 0.79, 0.79, 0.8, 0.8, 0.82, 0.82, 0.82, 0.82, 0.82, 0.82, 0.84, 0.84, 0.84, 0.84, 0.84, 0.84, 0.84, 0.84, 0.85, 0.85, 0.86, 0.87, 0.87, 0.88, 0.89, 0.89, 0.89, 0.9, 0.91, 0.91, 0.91, 0.91, 0.91, 0.91, 0.91, 0.91, 0.91, 0.92, 0.93, 0.93, 0.93, 0.93, 0.93, 0.93, 0.93, 0.94, 0.94, 0.94, 0.94, 0.94, 0.94, 0.94, 0.94, 0.94, 0.94, 0.94, 0.94, 0.94, 0.94, 0.94, 0.94, 0.94, 0.94, 0.95, 0.95, 0.95, 0.95, 0.95, 0.95, 0.95, 0.95, 0.95, 0.95, 0.95, 0.95, 0.95, 0.96, 0.98, 0.98, 0.98, 0.98, 0.98, 0.98, 0.98, 0.98, 0.98, 0.98, 0.98, 0.98, 0.98, 0.98, 0.98, 0.98, 0.98, 0.98, 0.98, 0.98, 0.98, 0.98, 0.98, 0.98, 0.98, 0.98, 0.98, 0.98, 0.98, 0.98, 0.98, 0.98, 0.98, 0.99, 0.99, 0.99, 0.99, 0.99, 0.99, 0.99, 0.99, 0.99, 0.99, 0.99, 0.99, 0.99, 0.99, 0.99, 0.99, 0.99, 0.99, 0.99, 0.99, 0.99, 0.99, 0.99, 0.99, 0.99, 0.99, 0.99, 0.99, 0.99, 0.99, 0.99, 0.99, 0.99, 0.99, 0.99, 0.99, 0.99, 0.99, 0.99, 0.99, 1.0]}