{"calc_counters": [2574.26], "capture": "AGS", "cmc_iters": [1.0, 53.34782608695652, 105.69565217391305, 158.04347826086956, 210.3913043478261, 262.7391304347826, 315.0869565217391, 367.4347826086957, 419.7826086956522, 472.1304347826087, 524.4782608695652, 576.8260869565217, 629.1739130434783, 681.5217391304348, 733.8695652173914, 786.2173913043479, 838.5652173913044, 890.9130434782609, 943.2608695652174, 995.608695652174, 1047.9565217391305, 1100.304347826087, 1152.6521739130435, 1205.0, 1257.3478260869565, 1309.695652173913, 1362.0434782608695, 1414.3913043478262, 1466.7391304347827, 1519.0869565217392, 1571.4347826086957, 1623.7826086956522, 1676.1304347826087, 1728.4782608695652, 1780.8260869565217, 1833.1739130434783, 1885.5217391304348, 1937.8695652173913, 1990.217391304348, 2042.5652173913045, 2094.913043478261, 2147.2608695652175, 2199.608695652174, 2251.9565217391305, 2304.304347826087, 2356.6521739130435, 2409.0, 2461.3478260869565, 2513.695652173913, 2566.0434782608695, 2618.391304347826, 2670.7391304347825, 2723.086956521739, 2775.4347826086955, 2827.7826086956525, 2880.130434782609, 2932.4782608695655, 2984.826086956522, 3037.1739130434785, 3089.521739130435, 3141.8695652173915, 3194.217391304348, 3246.5652173913045, 3298.913043478261, 3351.2608695652175, 3403.608695652174, 3455.9565217391305, 3508.304347826087, 3560.6521739130435, 3613.0, 3665.3478260869565, 3717.695652173913, 3770.0434782608695, 3822.391304347826, 3874.7391304347825, 3927.0869565217395, 3979.434782608696, 4031.7826086956525, 4084.130434782609, 4136.478260869565, 4188.826086956522, 4241.173913043478, 4293.521739130435, 4345.869565217391, 4398.217391304348, 4450.565217391304, 4502.913043478261, 4555.260869565218, 4607.608695652174, 4659.956521739131, 4712.304347826087, 4764.652173913044, 4817.0, 4869.347826086957, 4921.695652173913, 4974.04347826087, 5026.391304347826, 5078.739130434783, 5131.086956521739, 5183.434782608696, 5235.782608695652, 5288.130434782609, 5340.478260869565, 5392.826086956522, 5445.173913043478, 5497.521739130435, 5549.869565217391, 5602.217391304348, 5654.565217391305, 5706.913043478261, 5759.260869565218, 5811.608695652174, 5863.956521739131, 5916.304347826087, 5968.652173913044, 6021.0, 6073.347826086957, 6125.695652173913, 6178.04347826087, 6230.391304347826, 6282.739130434783, 6335.086956521739, 6387.434782608696, 6439.782608695652, 6492.130434782609, 6544.478260869565, 6596.826086956522, 6649.173913043478, 6701.521739130435, 6753.869565217392, 6806.217391304348, 6858.565217391305, 6910.913043478261, 6963.260869565218, 7015.608695652174, 7067.956521739131, 7120.304347826087, 7172.652173913044, 7225.0, 7277.347826086957, 7329.695652173913, 7382.04347826087, 7434.391304347826, 7486.739130434783, 7539.086956521739, 7591.434782608696, 7643.782608695652, 7696.130434782609, 7748.478260869565, 7800.826086956522, 7853.173913043479, 7905.521739130435, 7957.869565217392, 8010.217391304348, 8062.565217391305, 8114.913043478261, 8167.260869565218, 8219.608695652174, 8271.95652173913, 8324.304347826088, 8376.652173913044, 8429.0, 8481.347826086956, 8533.695652173914, 8586.04347826087, 8638.391304347826, 8690.739130434782, 8743.08695652174, 8795.434782608696, 8847.782608695652, 8900.130434782608, 8952.478260869566, 9004.826086956522, 9057.173913043478, 9109.521739130436, 9161.869565217392, 9214.217391304348, 9266.565217391304, 9318.913043478262, 9371.260869565218, 9423.608695652174, 9475.95652173913, 9528.304347826088, 9580.652173913044, 9633.0, 9685.347826086956, 9737.695652173914, 9790.04347826087, 9842.391304347826, 9894.739130434782, 9947.08695652174, 9999.434782608696, 10051.782608695652, 10104.13043478261, 10156.478260869566, 10208.826086956522, 10261.173913043478, 10313.521739130436, 10365.869565217392, 10418.217391304348, 10470.565217391304, 10522.913043478262, 10575.260869565218, 10627.608695652174, 10679.95652173913, 10732.304347826088, 10784.652173913044, 10837.0, 10889.347826086956, 10941.695652173914, 10994.04347826087, 11046.391304347826, 11098.739130434782, 11151.08695652174, 11203.434782608696, 11255.782608695652, 11308.13043478261, 11360.478260869566, 11412.826086956522, 11465.173913043478, 11517.521739130436, 11569.869565217392, 11622.217391304348, 11674.565217391304, 11726.913043478262, 11779.260869565218, 11831.608695652174, 11883.95652173913, 11936.304347826088, 11988.652173913044, 12041.0, 12093.347826086956, 12145.695652173914, 12198.04347826087, 12250.391304347826, 12302.739130434784, 12355.08695652174, 12407.434782608696, 12459.782608695652, 12512.13043478261, 12564.478260869566, 12616.826086956522, 12669.173913043478, 12721.521739130436, 12773.869565217392, 12826.217391304348, 12878.565217391304, 12930.913043478262, 12983.260869565218, 13035.608695652174, 13087.95652173913, 13140.304347826088, 13192.652173913044, 13245.0, 13297.347826086956, 13349.695652173914, 13402.04347826087, 13454.391304347826, 13506.739130434784, 13559.08695652174, 13611.434782608696, 13663.782608695652, 13716.13043478261, 13768.478260869566, 13820.826086956522, 13873.173913043478, 13925.521739130436, 13977.869565217392, 14030.217391304348, 14082.565217391304, 14134.913043478262, 14187.260869565218, 14239.608695652174, 14291.95652173913, 14344.304347826088, 14396.652173913044, 14449.0, 14501.347826086956, 14553.695652173914, 14606.04347826087, 14658.391304347826, 14710.739130434784, 14763.08695652174, 14815.434782608696, 14867.782608695652, 14920.13043478261, 14972.478260869566, 15024.826086956522, 15077.173913043478, 15129.521739130436, 15181.869565217392, 15234.217391304348, 15286.565217391304, 15338.913043478262, 15391.260869565218, 15443.608695652174, 15495.95652173913, 15548.304347826088, 15600.652173913044, 15653.0], "num_solved": 100, "cmc_vals": [0.0, 0.0, 0.0, 0.0, 0.0, 0.0, 0.02, 0.02, 0.02, 0.02, 0.02, 0.02, 0.04, 0.04, 0.04, 0.04, 0.04, 0.05, 0.08, 0.09, 0.11, 0.14, 0.16, 0.18, 0.21, 0.22, 0.23, 0.23, 0.26, 0.27, 0.28, 0.29, 0.3, 0.36, 0.39, 0.39, 0.4, 0.46, 0.47, 0.49, 0.51, 0.51, 0.52, 0.54, 0.57, 0.59, 0.62, 0.63, 0.65, 0.66, 0.66, 0.66, 0.67, 0.7, 0.72, 0.72, 0.72, 0.73, 0.74, 0.74, 0.75, 0.77, 0.78, 0.78, 0.78, 0.78, 0.8, 0.81, 0.84, 0.84, 0.86, 0.86, 0.86, 0.86, 0.87, 0.87, 0.87, 0.88, 0.88, 0.88, 0.88, 0.89, 0.89, 0.9, 0.91, 0.91, 0.91, 0.91, 0.91, 0.91, 0.91, 0.91, 0.92, 0.92, 0.92, 0.92, 0.92, 0.92, 0.92, 0.92, 0.93, 0.93, 0.94, 0.94, 0.95, 0.96, 0.96, 0.96, 0.96, 0.96, 0.96, 0.96, 0.96, 0.96, 0.96, 0.96, 0.96, 0.96, 0.96, 0.96, 0.96, 0.96, 0.96, 0.96, 0.96, 0.96, 0.96, 0.96, 0.96, 0.96, 0.96, 0.96, 0.96, 0.96, 0.96, 0.96, 0.96, 0.96, 0.96, 0.96, 0.96, 0.96, 0.96, 0.96, 0.96, 0.96, 0.96, 0.97, 0.97, 0.97, 0.98, 0.98, 0.98, 0.98, 0.98, 0.98, 0.98, 0.98, 0.98, 0.98, 0.98, 0.98, 0.98, 0.98, 0.99, 0.99, 0.99, 0.99, 0.99, 0.99, 0.99, 0.99, 0.99, 0.99, 0.99, 0.99, 0.99, 0.99, 0.99, 0.99, 0.99, 0.99, 0.99, 0.99, 0.99, 0.99, 0.99, 0.99, 0.99, 0.99, 0.99, 0.99, 0.99, 0.99, 0.99, 0.99, 0.99, 0.99, 0.99, 0.99, 0.99, 0.99, 0.99, 0.99, 0.99, 0.99, 0.99, 0.99, 0.99, 0.99, 0.99, 0.99, 0.99, 0.99, 0.99, 0.99, 0.99, 0.99, 0.99, 0.99, 0.99, 0.99, 0.99, 0.99, 0.99, 0.99, 0.99, 0.99, 0.99, 0.99, 0.99, 0.99, 0.99, 0.99, 0.99, 0.99, 0.99, 0.99, 0.99, 0.99, 0.99, 0.99, 0.99, 0.99, 0.99, 0.99, 0.99, 0.99, 0.99, 0.99, 0.99, 0.99, 0.99, 0.99, 0.99, 0.99, 0.99, 0.99, 0.99, 0.99, 0.99, 0.99, 0.99, 0.99, 0.99, 0.99, 0.99, 0.99, 0.99, 0.99, 0.99, 0.99, 0.99, 0.99, 0.99, 0.99, 0.99, 0.99, 0.99, 0.99, 0.99, 0.99, 0.99, 0.99, 0.99, 0.99, 0.99, 0.99, 0.99, 0.99, 0.99, 0.99, 0.99, 0.99, 0.99, 0.99, 0.99, 0.99, 0.99, 1.0]}