{"calc_counters": [19884.825581395347], "capture": "CRS", "cmc_iters": [1.0, 101.35451505016722, 201.70903010033445, 302.0635451505017, 402.4180602006689, 502.7725752508361, 603.1270903010034, 703.4816053511705, 803.8361204013378, 904.190635451505, 1004.5451505016722, 1104.8996655518395, 1205.2541806020067, 1305.608695652174, 1405.963210702341, 1506.3177257525083, 1606.6722408026756, 1707.0267558528428, 1807.38127090301, 1907.7357859531771, 2008.0903010033444, 2108.4448160535117, 2208.799331103679, 2309.153846153846, 2409.5083612040135, 2509.8628762541807, 2610.217391304348, 2710.571906354515, 2810.926421404682, 2911.2809364548493, 3011.6354515050166, 3111.989966555184, 3212.344481605351, 3312.6989966555184, 3413.0535117056857, 3513.408026755853, 3613.76254180602, 3714.1170568561874, 3814.4715719063543, 3914.8260869565215, 4015.180602006689, 4115.5351170568565, 4215.889632107023, 4316.24414715719, 4416.598662207358, 4516.953177257525, 4617.307692307692, 4717.662207357859, 4818.016722408027, 4918.371237458194, 5018.725752508361, 5119.080267558528, 5219.434782608696, 5319.789297658863, 5420.14381270903, 5520.498327759197, 5620.852842809364, 5721.207357859532, 5821.561872909699, 5921.916387959866, 6022.270903010033, 6122.625418060201, 6222.979933110368, 6323.334448160535, 6423.688963210702, 6524.043478260869, 6624.397993311037, 6724.752508361204, 6825.107023411371, 6925.461538461538, 7025.816053511706, 7126.170568561873, 7226.52508361204, 7326.879598662207, 7427.234113712375, 7527.588628762542, 7627.9431438127085, 7728.297658862876, 7828.652173913043, 7929.006688963211, 8029.361204013378, 8129.715719063545, 8230.070234113713, 8330.42474916388, 8430.779264214047, 8531.133779264213, 8631.48829431438, 8731.842809364549, 8832.197324414716, 8932.551839464883, 9032.90635451505, 9133.260869565218, 9233.615384615385, 9333.969899665552, 9434.324414715718, 9534.678929765887, 9635.033444816054, 9735.38795986622, 9835.742474916387, 9936.096989966554, 10036.451505016723, 10136.80602006689, 10237.160535117056, 10337.515050167223, 10437.869565217392, 10538.224080267559, 10638.578595317726, 10738.933110367892, 10839.28762541806, 10939.642140468228, 11039.996655518395, 11140.351170568561, 11240.705685618728, 11341.060200668897, 11441.414715719064, 11541.76923076923, 11642.123745819397, 11742.478260869566, 11842.832775919733, 11943.1872909699, 12043.541806020066, 12143.896321070233, 12244.250836120402, 12344.605351170569, 12444.959866220735, 12545.314381270902, 12645.66889632107, 12746.023411371238, 12846.377926421404, 12946.732441471571, 13047.086956521738, 13147.441471571907, 13247.795986622074, 13348.15050167224, 13448.505016722407, 13548.859531772576, 13649.214046822743, 13749.56856187291, 13849.923076923076, 13950.277591973243, 14050.632107023412, 14150.986622073578, 14251.341137123745, 14351.695652173912, 14452.05016722408, 14552.404682274248, 14652.759197324414, 14753.113712374581, 14853.46822742475, 14953.822742474917, 15054.177257525083, 15154.53177257525, 15254.886287625417, 15355.240802675586, 15455.595317725752, 15555.94983277592, 15656.304347826086, 15756.658862876255, 15857.013377926422, 15957.367892976588, 16057.722408026755, 16158.076923076922, 16258.43143812709, 16358.785953177257, 16459.140468227426, 16559.494983277593, 16659.84949832776, 16760.204013377926, 16860.558528428093, 16960.91304347826, 17061.267558528427, 17161.622073578594, 17261.97658862876, 17362.33110367893, 17462.685618729098, 17563.040133779265, 17663.39464882943, 17763.7491638796, 17864.103678929765, 17964.458193979932, 18064.8127090301, 18165.16722408027, 18265.521739130436, 18365.876254180603, 18466.23076923077, 18566.585284280936, 18666.939799331103, 18767.29431438127, 18867.648829431437, 18968.003344481604, 19068.357859531774, 19168.71237458194, 19269.066889632108, 19369.421404682274, 19469.77591973244, 19570.130434782608, 19670.484949832775, 19770.83946488294, 19871.19397993311, 19971.54849498328, 20071.903010033446, 20172.257525083613, 20272.61204013378, 20372.966555183946, 20473.321070234113, 20573.67558528428, 20674.030100334447, 20774.384615384613, 20874.739130434784, 20975.09364548495, 21075.448160535117, 21175.802675585284, 21276.15719063545, 21376.511705685618, 21476.866220735785, 21577.22073578595, 21677.57525083612, 21777.92976588629, 21878.284280936456, 21978.638795986622, 22078.99331103679, 22179.347826086956, 22279.702341137123, 22380.05685618729, 22480.411371237456, 22580.765886287623, 22681.120401337794, 22781.47491638796, 22881.829431438127, 22982.183946488294, 23082.53846153846, 23182.892976588628, 23283.247491638795, 23383.60200668896, 23483.956521739132, 23584.3110367893, 23684.665551839465, 23785.020066889632, 23885.3745819398, 23985.729096989966, 24086.083612040133, 24186.4381270903, 24286.792642140466, 24387.147157190637, 24487.501672240804, 24587.85618729097, 24688.210702341137, 24788.565217391304, 24888.91973244147, 24989.274247491638, 25089.628762541804, 25189.98327759197, 25290.33779264214, 25390.69230769231, 25491.046822742475, 25591.401337792642, 25691.75585284281, 25792.110367892976, 25892.464882943143, 25992.81939799331, 26093.173913043476, 26193.528428093647, 26293.882943143813, 26394.23745819398, 26494.591973244147, 26594.946488294314, 26695.30100334448, 26795.655518394648, 26896.010033444814, 26996.36454849498, 27096.71906354515, 27197.07357859532, 27297.428093645485, 27397.782608695652, 27498.13712374582, 27598.491638795986, 27698.846153846152, 27799.20066889632, 27899.555183946486, 27999.909698996657, 28100.264214046823, 28200.61872909699, 28300.973244147157, 28401.327759197324, 28501.68227424749, 28602.036789297657, 28702.391304347824, 28802.745819397995, 28903.10033444816, 29003.45484949833, 29103.809364548495, 29204.163879598662, 29304.51839464883, 29404.872909698995, 29505.227424749162, 29605.58193979933, 29705.9364548495, 29806.290969899666, 29906.645484949833, 30007.0], "num_solved": 86, "cmc_vals": [0.0, 0.0, 0.0, 0.0, 0.0, 0.0, 0.0, 0.0, 0.0, 0.0, 0.0, 0.0, 0.0, 0.0, 0.0, 0.0, 0.0, 0.0, 0.0, 0.0, 0.0, 0.0, 0.0, 0.0, 0.0, 0.0, 0.0, 0.0, 0.0, 0.0, 0.0, 0.0, 0.0, 0.0, 0.0, 0.0, 0.0, 0.0, 0.0, 0.0, 0.0, 0.0, 0.0, 0.0, 0.0, 0.0, 0.0, 0.0, 0.0, 0.0, 0.0, 0.0, 0.0, 0.0, 0.0, 0.0, 0.0, 0.0, 0.0, 0.0, 0.0, 0.0, 0.0, 0.0, 0.0, 0.0, 0.0, 0.0, 0.0, 0.0, 0.0, 0.0, 0.0, 0.0, 0.0, 0.0, 0.0, 0.0, 0.0, 0.0, 0.0, 0.0, 0.0, 0.0, 0.0, 0.0, 0.0, 0.0, 0.0, 0.0, 0.0, 0.0, 0.0, 0.0, 0.0, 0.0, 0.0, 0.0, 0.0, 0.0, 0.0, 0.0, 0.0, 0.0, 0.0, 0.0, 0.01, 0.01, 0.01, 0.01, 0.01, 0.01, 0.01, 0.01, 0.01, 0.03, 0.03, 0.03, 0.03, 0.03, 0.03, 0.03, 0.03, 0.03, 0.03, 0.04, 0.04, 0.04, 0.04, 0.04, 0.04, 0.04, 0.04, 0.07, 0.07, 0.08, 0.08, 0.08, 0.09, 0.09, 0.09, 0.09, 0.1, 0.11, 0.11, 0.13, 0.13, 0.13, 0.13, 0.13, 0.14, 0.14, 0.14, 0.14, 0.15, 0.15, 0.15, 0.15, 0.15, 0.15, 0.17, 0.17, 0.17, 0.17, 0.19, 0.19, 0.2, 0.21, 0.22, 0.22, 0.22, 0.23, 0.23, 0.24, 0.24, 0.24, 0.24, 0.24, 0.24, 0.24, 0.25, 0.26, 0.27, 0.28, 0.3, 0.3, 0.31, 0.32, 0.32, 0.33, 0.34, 0.36, 0.36, 0.36, 0.36, 0.37, 0.38, 0.38, 0.38, 0.38, 0.41, 0.42, 0.42, 0.42, 0.43, 0.43, 0.45, 0.47, 0.48, 0.49, 0.49, 0.49, 0.52, 0.52, 0.53, 0.53, 0.53, 0.54, 0.55, 0.55, 0.57, 0.57, 0.58, 0.59, 0.59, 0.6, 0.6, 0.62, 0.62, 0.62, 0.63, 0.65, 0.66, 0.69, 0.7, 0.71, 0.71, 0.72, 0.72, 0.72, 0.72, 0.74, 0.74, 0.75, 0.77, 0.77, 0.78, 0.78, 0.78, 0.8, 0.8, 0.8, 0.8, 0.81, 0.81, 0.81, 0.82, 0.83, 0.83, 0.83, 0.83, 0.83, 0.83, 0.83, 0.83, 0.83, 0.84, 0.84, 0.84, 0.84, 0.84, 0.85, 0.85, 0.85, 0.85, 0.85, 0.85, 0.85, 0.86, 0.86, 0.86, 0.86, 0.86, 0.86, 0.86, 0.86, 0.86, 0.86, 0.86, 0.86, 0.86, 0.86, 0.86, 0.86, 0.86, 0.86, 0.86, 0.86, 0.86, 0.86]}