{"calc_counters": [4145.8133333333335], "capture": "CRS", "cmc_iters": [1.0, 51.187290969899664, 101.37458193979933, 151.561872909699, 201.74916387959865, 251.93645484949832, 302.123745819398, 352.31103678929765, 402.4983277591973, 452.685618729097, 502.87290969899664, 553.0602006688963, 603.247491638796, 653.4347826086956, 703.6220735785953, 753.809364548495, 803.9966555183946, 854.1839464882943, 904.371237458194, 954.5585284280936, 1004.7458193979933, 1054.9331103678928, 1105.1204013377926, 1155.3076923076924, 1205.494983277592, 1255.6822742474915, 1305.8695652173913, 1356.056856187291, 1406.2441471571906, 1456.4314381270901, 1506.61872909699, 1556.8060200668897, 1606.9933110367892, 1657.1806020066888, 1707.3678929765886, 1757.5551839464883, 1807.742474916388, 1857.9297658862874, 1908.1170568561872, 1958.304347826087, 2008.4916387959865, 2058.678929765886, 2108.8662207357856, 2159.0535117056857, 2209.240802675585, 2259.4280936454848, 2309.6153846153848, 2359.8026755852843, 2409.989966555184, 2460.1772575250834, 2510.364548494983, 2560.551839464883, 2610.7391304347825, 2660.926421404682, 2711.113712374582, 2761.3010033444816, 2811.488294314381, 2861.6755852842807, 2911.8628762541803, 2962.0501672240803, 3012.23745819398, 3062.4247491638794, 3112.6120401337794, 3162.799331103679, 3212.9866220735785, 3263.173913043478, 3313.3612040133776, 3363.5484949832776, 3413.735785953177, 3463.9230769230767, 3514.1103678929767, 3564.2976588628762, 3614.484949832776, 3664.6722408026753, 3714.859531772575, 3765.046822742475, 3815.2341137123744, 3865.421404682274, 3915.608695652174, 3965.7959866220735, 4015.983277591973, 4066.1705685618726, 4116.357859531772, 4166.545150501672, 4216.732441471571, 4266.919732441472, 4317.107023411371, 4367.294314381271, 4417.48160535117, 4467.66889632107, 4517.8561872909695, 4568.043478260869, 4618.2307692307695, 4668.418060200669, 4718.605351170569, 4768.792642140468, 4818.979933110368, 4869.167224080267, 4919.354515050167, 4969.541806020066, 5019.729096989966, 5069.916387959866, 5120.103678929766, 5170.2909698996655, 5220.478260869565, 5270.665551839465, 5320.852842809364, 5371.040133779264, 5421.227424749164, 5471.414715719064, 5521.602006688963, 5571.789297658863, 5621.976588628762, 5672.163879598662, 5722.351170568561, 5772.538461538461, 5822.7257525083605, 5872.913043478261, 5923.1003344481605, 5973.28762541806, 6023.47491638796, 6073.662207357859, 6123.849498327759, 6174.036789297658, 6224.224080267559, 6274.411371237458, 6324.598662207358, 6374.785953177257, 6424.973244147157, 6475.1605351170565, 6525.347826086956, 6575.535117056856, 6625.722408026755, 6675.909698996656, 6726.096989966555, 6776.284280936455, 6826.471571906354, 6876.658862876254, 6926.846153846153, 6977.033444816053, 7027.220735785953, 7077.408026755853, 7127.5953177257525, 7177.782608695652, 7227.969899665552, 7278.157190635451, 7328.344481605351, 7378.53177257525, 7428.71906354515, 7478.90635451505, 7529.09364548495, 7579.280936454849, 7629.468227424749, 7679.655518394648, 7729.842809364548, 7780.0301003344475, 7830.217391304348, 7880.4046822742475, 7930.591973244147, 7980.779264214047, 8030.966555183946, 8081.153846153846, 8131.341137123745, 8181.528428093645, 8231.715719063544, 8281.903010033444, 8332.090301003343, 8382.277591973243, 8432.464882943143, 8482.652173913044, 8532.839464882944, 8583.026755852843, 8633.214046822743, 8683.401337792642, 8733.588628762542, 8783.775919732441, 8833.96321070234, 8884.15050167224, 8934.33779264214, 8984.52508361204, 9034.712374581939, 9084.899665551839, 9135.086956521738, 9185.274247491638, 9235.461538461539, 9285.648829431439, 9335.836120401338, 9386.023411371238, 9436.210702341137, 9486.397993311037, 9536.585284280936, 9586.772575250836, 9636.959866220735, 9687.147157190635, 9737.334448160535, 9787.521739130434, 9837.709030100334, 9887.896321070233, 9938.083612040133, 9988.270903010032, 10038.458193979932, 10088.645484949833, 10138.832775919733, 10189.020066889632, 10239.207357859532, 10289.394648829431, 10339.581939799331, 10389.76923076923, 10439.95652173913, 10490.14381270903, 10540.33110367893, 10590.518394648829, 10640.705685618728, 10690.892976588628, 10741.080267558527, 10791.267558528427, 10841.454849498328, 10891.642140468228, 10941.829431438127, 10992.016722408027, 11042.204013377926, 11092.391304347826, 11142.578595317726, 11192.765886287625, 11242.953177257525, 11293.140468227424, 11343.327759197324, 11393.515050167223, 11443.702341137123, 11493.889632107022, 11544.076923076922, 11594.264214046822, 11644.451505016721, 11694.638795986622, 11744.826086956522, 11795.013377926422, 11845.200668896321, 11895.38795986622, 11945.57525083612, 11995.76254180602, 12045.94983277592, 12096.137123745819, 12146.324414715718, 12196.511705685618, 12246.698996655517, 12296.886287625417, 12347.073578595317, 12397.260869565216, 12447.448160535117, 12497.635451505017, 12547.822742474917, 12598.010033444816, 12648.197324414716, 12698.384615384615, 12748.571906354515, 12798.759197324414, 12848.946488294314, 12899.133779264213, 12949.321070234113, 12999.508361204013, 13049.695652173912, 13099.882943143812, 13150.070234113711, 13200.25752508361, 13250.44481605351, 13300.632107023412, 13350.819397993311, 13401.00668896321, 13451.19397993311, 13501.38127090301, 13551.56856187291, 13601.755852842809, 13651.943143812709, 13702.130434782608, 13752.317725752508, 13802.505016722407, 13852.692307692307, 13902.879598662206, 13953.066889632106, 14003.254180602005, 14053.441471571907, 14103.628762541806, 14153.816053511706, 14204.003344481605, 14254.190635451505, 14304.377926421404, 14354.565217391304, 14404.752508361204, 14454.939799331103, 14505.127090301003, 14555.314381270902, 14605.501672240802, 14655.688963210701, 14705.8762541806, 14756.0635451505, 14806.2508361204, 14856.4381270903, 14906.6254180602, 14956.8127090301, 15007.0], "num_solved": 75, "cmc_vals": [0.0, 0.0, 0.0, 0.0, 0.0, 0.0, 0.0, 0.0, 0.0, 0.0, 0.0, 0.0, 0.0, 0.0, 0.0, 0.0, 0.0, 0.0, 0.0, 0.01, 0.01, 0.01, 0.01, 0.01, 0.02, 0.02, 0.02, 0.02, 0.02, 0.02, 0.02, 0.02, 0.02, 0.02, 0.02, 0.02, 0.03, 0.03, 0.03, 0.03, 0.03, 0.04, 0.04, 0.04, 0.04, 0.05, 0.05, 0.06, 0.06, 0.07, 0.07, 0.07, 0.07, 0.08, 0.08, 0.09, 0.1, 0.1, 0.11, 0.11, 0.11, 0.12, 0.12, 0.13, 0.15, 0.15, 0.17, 0.19, 0.22, 0.23, 0.23, 0.27, 0.29, 0.29, 0.29, 0.31, 0.33, 0.33, 0.33, 0.34, 0.37, 0.38, 0.39, 0.39, 0.4, 0.42, 0.43, 0.44, 0.46, 0.47, 0.48, 0.48, 0.48, 0.49, 0.49, 0.51, 0.53, 0.57, 0.57, 0.59, 0.59, 0.59, 0.61, 0.61, 0.62, 0.63, 0.66, 0.66, 0.66, 0.67, 0.67, 0.67, 0.67, 0.69, 0.69, 0.69, 0.7, 0.7, 0.7, 0.7, 0.7, 0.7, 0.7, 0.7, 0.7, 0.7, 0.7, 0.7, 0.7, 0.7, 0.7, 0.7, 0.71, 0.72, 0.73, 0.73, 0.73, 0.73, 0.73, 0.73, 0.73, 0.73, 0.73, 0.73, 0.73, 0.73, 0.73, 0.73, 0.73, 0.73, 0.73, 0.73, 0.73, 0.73, 0.73, 0.73, 0.73, 0.73, 0.75, 0.75, 0.75, 0.75, 0.75, 0.75, 0.75, 0.75, 0.75, 0.75, 0.75, 0.75, 0.75, 0.75, 0.75, 0.75, 0.75, 0.75, 0.75, 0.75, 0.75, 0.75, 0.75, 0.75, 0.75, 0.75, 0.75, 0.75, 0.75, 0.75, 0.75, 0.75, 0.75, 0.75, 0.75, 0.75, 0.75, 0.75, 0.75, 0.75, 0.75, 0.75, 0.75, 0.75, 0.75, 0.75, 0.75, 0.75, 0.75, 0.75, 0.75, 0.75, 0.75, 0.75, 0.75, 0.75, 0.75, 0.75, 0.75, 0.75, 0.75, 0.75, 0.75, 0.75, 0.75, 0.75, 0.75, 0.75, 0.75, 0.75, 0.75, 0.75, 0.75, 0.75, 0.75, 0.75, 0.75, 0.75, 0.75, 0.75, 0.75, 0.75, 0.75, 0.75, 0.75, 0.75, 0.75, 0.75, 0.75, 0.75, 0.75, 0.75, 0.75, 0.75, 0.75, 0.75, 0.75, 0.75, 0.75, 0.75, 0.75, 0.75, 0.75, 0.75, 0.75, 0.75, 0.75, 0.75, 0.75, 0.75, 0.75, 0.75, 0.75, 0.75, 0.75, 0.75, 0.75, 0.75, 0.75, 0.75, 0.75, 0.75, 0.75, 0.75, 0.75, 0.75, 0.75, 0.75, 0.75, 0.75, 0.75, 0.75, 0.75, 0.75, 0.75, 0.75, 0.75, 0.75, 0.75, 0.75, 0.75, 0.75]}