{"calc_counters": [1477.79], "capture": "DIRECTl", "cmc_iters": [1.0, 35.541806020066886, 70.08361204013377, 104.62541806020066, 139.16722408026754, 173.70903010033442, 208.25083612040132, 242.79264214046822, 277.3344481605351, 311.87625418060196, 346.41806020066883, 380.95986622073576, 415.50167224080263, 450.0434782608695, 484.58528428093643, 519.1270903010032, 553.6688963210702, 588.2107023411371, 622.7525083612039, 657.2943143812709, 691.8361204013377, 726.3779264214046, 760.9197324414715, 795.4615384615383, 830.0033444816053, 864.5451505016722, 899.086956521739, 933.6287625418059, 968.1705685618729, 1002.7123745819397, 1037.2541806020065, 1071.7959866220735, 1106.3377926421404, 1140.8795986622072, 1175.4214046822742, 1209.963210702341, 1244.5050167224078, 1279.046822742475, 1313.5886287625417, 1348.1304347826085, 1382.6722408026753, 1417.2140468227424, 1451.7558528428092, 1486.297658862876, 1520.839464882943, 1555.3812709030099, 1589.9230769230767, 1624.4648829431437, 1659.0066889632105, 1693.5484949832774, 1728.0903010033444, 1762.6321070234112, 1797.173913043478, 1831.715719063545, 1866.2575250836119, 1900.7993311036787, 1935.3411371237457, 1969.8829431438126, 2004.4247491638794, 2038.9665551839462, 2073.508361204013, 2108.0501672240803, 2142.591973244147, 2177.133779264214, 2211.6755852842807, 2246.2173913043475, 2280.7591973244143, 2315.301003344481, 2349.8428093645484, 2384.3846153846152, 2418.926421404682, 2453.468227424749, 2488.0100334448157, 2522.5518394648825, 2557.09364548495, 2591.6354515050166, 2626.1772575250834, 2660.71906354515, 2695.260869565217, 2729.802675585284, 2764.3444816053507, 2798.886287625418, 2833.4280936454848, 2867.9698996655516, 2902.5117056856184, 2937.053511705685, 2971.595317725752, 3006.1371237458193, 3040.678929765886, 3075.220735785953, 3109.7625418060197, 3144.3043478260865, 3178.8461538461534, 3213.3879598662206, 3247.9297658862874, 3282.4715719063543, 3317.013377926421, 3351.555183946488, 3386.0969899665547, 3420.6387959866215, 3455.180602006689, 3489.7224080267556, 3524.2642140468224, 3558.8060200668892, 3593.347826086956, 3627.889632107023, 3662.43143812709, 3696.973244147157, 3731.5150501672238, 3766.0568561872906, 3800.5986622073574, 3835.140468227424, 3869.6822742474915, 3904.2240802675583, 3938.765886287625, 3973.307692307692, 4007.8494983277587, 4042.3913043478256, 4076.9331103678924, 4111.47491638796, 4146.016722408026, 4180.558528428093, 4215.1003344481605, 4249.642140468227, 4284.183946488294, 4318.7257525083605, 4353.267558528428, 4387.809364548494, 4422.351170568561, 4456.892976588629, 4491.434782608695, 4525.976588628762, 4560.518394648829, 4595.060200668896, 4629.602006688962, 4664.14381270903, 4698.685618729097, 4733.227424749163, 4767.7692307692305, 4802.311036789297, 4836.852842809364, 4871.394648829431, 4905.936454849498, 4940.478260869565, 4975.020066889631, 5009.561872909699, 5044.103678929765, 5078.645484949832, 5113.1872909699, 5147.729096989966, 5182.270903010033, 5216.8127090300995, 5251.354515050167, 5285.896321070233, 5320.4381270903, 5354.979933110368, 5389.521739130434, 5424.063545150501, 5458.605351170568, 5493.147157190635, 5527.688963210701, 5562.230769230769, 5596.772575250836, 5631.314381270902, 5665.8561872909695, 5700.397993311036, 5734.939799331103, 5769.48160535117, 5804.023411371237, 5838.565217391304, 5873.10702341137, 5907.648829431438, 5942.190635451504, 5976.732441471571, 6011.274247491639, 6045.816053511705, 6080.357859531772, 6114.899665551839, 6149.441471571906, 6183.983277591972, 6218.525083612039, 6253.066889632107, 6287.608695652173, 6322.15050167224, 6356.692307692307, 6391.234113712374, 6425.775919732441, 6460.317725752508, 6494.859531772575, 6529.401337792641, 6563.9431438127085, 6598.484949832775, 6633.026755852842, 6667.568561872909, 6702.110367892976, 6736.652173913043, 6771.193979933109, 6805.735785953177, 6840.277591973243, 6874.81939799331, 6909.361204013378, 6943.903010033444, 6978.444816053511, 7012.986622073578, 7047.528428093645, 7082.070234113712, 7116.6120401337785, 7151.153846153846, 7185.695652173912, 7220.237458193979, 7254.779264214046, 7289.321070234113, 7323.86287625418, 7358.404682274247, 7392.946488294314, 7427.48829431438, 7462.0301003344475, 7496.571906354514, 7531.113712374581, 7565.655518394648, 7600.197324414715, 7634.739130434782, 7669.280936454848, 7703.822742474916, 7738.364548494983, 7772.906354515049, 7807.448160535117, 7841.989966555183, 7876.53177257525, 7911.073578595317, 7945.615384615384, 7980.157190635451, 8014.6989966555175, 8049.240802675585, 8083.782608695651, 8118.324414715718, 8152.866220735785, 8187.408026755852, 8221.94983277592, 8256.491638795986, 8291.033444816052, 8325.57525083612, 8360.117056856187, 8394.658862876253, 8429.200668896321, 8463.742474916387, 8498.284280936454, 8532.82608695652, 8567.367892976588, 8601.909698996655, 8636.451505016721, 8670.99331103679, 8705.535117056856, 8740.076923076922, 8774.618729096988, 8809.160535117056, 8843.702341137123, 8878.24414715719, 8912.785953177257, 8947.327759197324, 8981.86956521739, 9016.411371237456, 9050.953177257525, 9085.494983277591, 9120.036789297657, 9154.578595317726, 9189.120401337792, 9223.662207357858, 9258.204013377925, 9292.745819397993, 9327.28762541806, 9361.829431438126, 9396.371237458194, 9430.91304347826, 9465.454849498326, 9499.996655518393, 9534.538461538461, 9569.080267558527, 9603.622073578594, 9638.163879598662, 9672.705685618728, 9707.247491638795, 9741.789297658863, 9776.33110367893, 9810.872909698995, 9845.414715719062, 9879.95652173913, 9914.498327759196, 9949.040133779263, 9983.581939799331, 10018.123745819397, 10052.665551839464, 10087.20735785953, 10121.749163879598, 10156.290969899665, 10190.832775919731, 10225.3745819398, 10259.916387959865, 10294.458193979932, 10329.0], "num_solved": 100, "cmc_vals": [0.0, 0.0, 0.02, 0.08, 0.12, 0.17, 0.2, 0.27, 0.34, 0.36, 0.38, 0.38, 0.4, 0.45, 0.5, 0.55, 0.56, 0.57, 0.59, 0.6, 0.63, 0.64, 0.64, 0.65, 0.65, 0.66, 0.67, 0.68, 0.68, 0.68, 0.68, 0.68, 0.68, 0.68, 0.68, 0.7, 0.7, 0.71, 0.73, 0.73, 0.74, 0.74, 0.74, 0.74, 0.74, 0.74, 0.74, 0.74, 0.75, 0.76, 0.76, 0.77, 0.77, 0.77, 0.77, 0.79, 0.79, 0.79, 0.79, 0.79, 0.8, 0.8, 0.8, 0.8, 0.8, 0.8, 0.8, 0.8, 0.8, 0.8, 0.8, 0.8, 0.8, 0.8, 0.8, 0.8, 0.81, 0.81, 0.81, 0.81, 0.81, 0.81, 0.81, 0.81, 0.81, 0.81, 0.81, 0.81, 0.81, 0.81, 0.81, 0.82, 0.83, 0.83, 0.83, 0.83, 0.83, 0.83, 0.83, 0.83, 0.84, 0.85, 0.85, 0.85, 0.85, 0.87, 0.87, 0.87, 0.87, 0.88, 0.88, 0.89, 0.89, 0.89, 0.89, 0.89, 0.9, 0.9, 0.9, 0.9, 0.9, 0.9, 0.9, 0.9, 0.9, 0.9, 0.9, 0.9, 0.9, 0.9, 0.9, 0.9, 0.9, 0.9, 0.91, 0.91, 0.91, 0.91, 0.91, 0.91, 0.91, 0.91, 0.91, 0.92, 0.92, 0.92, 0.92, 0.92, 0.92, 0.92, 0.92, 0.92, 0.92, 0.92, 0.92, 0.92, 0.93, 0.93, 0.94, 0.94, 0.94, 0.94, 0.94, 0.94, 0.94, 0.94, 0.94, 0.94, 0.94, 0.94, 0.94, 0.94, 0.94, 0.94, 0.94, 0.94, 0.94, 0.94, 0.94, 0.94, 0.94, 0.94, 0.94, 0.94, 0.94, 0.94, 0.94, 0.94, 0.94, 0.94, 0.94, 0.94, 0.94, 0.94, 0.94, 0.94, 0.94, 0.94, 0.94, 0.94, 0.95, 0.96, 0.96, 0.96, 0.96, 0.96, 0.96, 0.96, 0.96, 0.96, 0.96, 0.96, 0.96, 0.96, 0.96, 0.96, 0.96, 0.96, 0.96, 0.96, 0.96, 0.96, 0.96, 0.96, 0.96, 0.96, 0.96, 0.96, 0.96, 0.96, 0.96, 0.96, 0.96, 0.96, 0.97, 0.97, 0.97, 0.97, 0.97, 0.97, 0.97, 0.97, 0.97, 0.97, 0.97, 0.97, 0.97, 0.97, 0.97, 0.97, 0.98, 0.98, 0.98, 0.98, 0.98, 0.98, 0.98, 0.98, 0.98, 0.98, 0.98, 0.98, 0.98, 0.98, 0.98, 0.98, 0.98, 0.98, 0.98, 0.98, 0.98, 0.98, 0.98, 0.98, 0.98, 0.99, 0.99, 0.99, 0.99, 0.99, 0.99, 0.99, 0.99, 0.99, 0.99, 0.99, 0.99, 0.99, 0.99, 0.99, 0.99, 0.99, 0.99, 0.99, 0.99, 0.99, 0.99, 0.99, 0.99, 1.0]}