{"calc_counters": [1060.67], "capture": "DIRECT", "cmc_iters": [1.0, 28.1438127090301, 55.2876254180602, 82.4314381270903, 109.5752508361204, 136.7190635451505, 163.8628762541806, 191.0066889632107, 218.1505016722408, 245.2943143812709, 272.438127090301, 299.5819397993311, 326.7257525083612, 353.8695652173913, 381.0133779264214, 408.1571906354515, 435.3010033444816, 462.4448160535117, 489.5886287625418, 516.732441471572, 543.876254180602, 571.0200668896321, 598.1638795986622, 625.3076923076924, 652.4515050167224, 679.5953177257525, 706.7391304347826, 733.8829431438128, 761.0267558528428, 788.1705685618729, 815.314381270903, 842.4581939799332, 869.6020066889632, 896.7458193979933, 923.8896321070234, 951.0334448160536, 978.1772575250836, 1005.3210702341137, 1032.464882943144, 1059.608695652174, 1086.752508361204, 1113.896321070234, 1141.0401337792641, 1168.1839464882944, 1195.3277591973244, 1222.4715719063545, 1249.6153846153848, 1276.7591973244148, 1303.9030100334448, 1331.046822742475, 1358.190635451505, 1385.3344481605352, 1412.4782608695652, 1439.6220735785953, 1466.7658862876256, 1493.9096989966556, 1521.0535117056857, 1548.1973244147157, 1575.3411371237457, 1602.484949832776, 1629.628762541806, 1656.772575250836, 1683.9163879598664, 1711.0602006688964, 1738.2040133779265, 1765.3478260869565, 1792.4916387959865, 1819.6354515050168, 1846.7792642140469, 1873.923076923077, 1901.0668896321072, 1928.2107023411372, 1955.3545150501673, 1982.4983277591973, 2009.6421404682274, 2036.7859531772576, 2063.929765886288, 2091.073578595318, 2118.217391304348, 2145.361204013378, 2172.505016722408, 2199.648829431438, 2226.792642140468, 2253.936454849498, 2281.0802675585282, 2308.2240802675587, 2335.367892976589, 2362.511705685619, 2389.655518394649, 2416.799331103679, 2443.943143812709, 2471.086956521739, 2498.2307692307695, 2525.3745819397996, 2552.5183946488296, 2579.6622073578596, 2606.8060200668897, 2633.9498327759197, 2661.09364548495, 2688.23745819398, 2715.38127090301, 2742.5250836120404, 2769.6688963210704, 2796.8127090301005, 2823.9565217391305, 2851.1003344481605, 2878.2441471571906, 2905.3879598662206, 2932.531772575251, 2959.675585284281, 2986.819397993311, 3013.9632107023413, 3041.1070234113713, 3068.2508361204013, 3095.3946488294314, 3122.5384615384614, 3149.6822742474915, 3176.826086956522, 3203.969899665552, 3231.113712374582, 3258.257525083612, 3285.401337792642, 3312.545150501672, 3339.6889632107022, 3366.8327759197327, 3393.976588628763, 3421.120401337793, 3448.264214046823, 3475.408026755853, 3502.551839464883, 3529.695652173913, 3556.839464882943, 3583.983277591973, 3611.1270903010036, 3638.2709030100336, 3665.4147157190637, 3692.5585284280937, 3719.7023411371238, 3746.846153846154, 3773.989966555184, 3801.1337792642144, 3828.2775919732444, 3855.4214046822744, 3882.5652173913045, 3909.7090301003345, 3936.8528428093646, 3963.9966555183946, 3991.1404682274247, 4018.2842809364547, 4045.428093645485, 4072.5719063545152, 4099.715719063545, 4126.859531772576, 4154.003344481605, 4181.147157190636, 4208.2909698996655, 4235.434782608696, 4262.578595317726, 4289.722408026756, 4316.866220735786, 4344.010033444816, 4371.153846153847, 4398.297658862876, 4425.441471571907, 4452.585284280936, 4479.729096989967, 4506.872909698996, 4534.016722408027, 4561.1605351170565, 4588.304347826087, 4615.4481605351175, 4642.591973244147, 4669.735785953178, 4696.879598662207, 4724.023411371238, 4751.167224080267, 4778.311036789298, 4805.454849498328, 4832.598662207358, 4859.742474916388, 4886.886287625418, 4914.030100334448, 4941.173913043478, 4968.3177257525085, 4995.461538461539, 5022.605351170569, 5049.749163879599, 5076.892976588629, 5104.036789297659, 5131.180602006689, 5158.324414715719, 5185.468227424749, 5212.612040133779, 5239.75585284281, 5266.8996655518395, 5294.04347826087, 5321.1872909699, 5348.33110367893, 5375.47491638796, 5402.61872909699, 5429.76254180602, 5456.90635451505, 5484.050167224081, 5511.19397993311, 5538.337792642141, 5565.48160535117, 5592.625418060201, 5619.7692307692305, 5646.913043478261, 5674.0568561872915, 5701.200668896321, 5728.344481605352, 5755.488294314381, 5782.632107023412, 5809.775919732441, 5836.919732441472, 5864.063545150502, 5891.207357859532, 5918.351170568562, 5945.494983277592, 5972.638795986622, 5999.782608695652, 6026.9264214046825, 6054.070234113712, 6081.214046822743, 6108.357859531773, 6135.501672240803, 6162.645484949833, 6189.789297658863, 6216.933110367893, 6244.076923076923, 6271.220735785953, 6298.364548494983, 6325.508361204013, 6352.652173913044, 6379.7959866220735, 6406.939799331104, 6434.083612040134, 6461.227424749164, 6488.371237458194, 6515.515050167224, 6542.658862876255, 6569.802675585284, 6596.946488294315, 6624.090301003344, 6651.234113712375, 6678.3779264214045, 6705.521739130435, 6732.6655518394655, 6759.809364548495, 6786.953177257526, 6814.096989966555, 6841.240802675586, 6868.384615384615, 6895.528428093646, 6922.672240802675, 6949.816053511706, 6976.959866220736, 7004.103678929766, 7031.247491638796, 7058.391304347826, 7085.5351170568565, 7112.678929765886, 7139.822742474917, 7166.966555183946, 7194.110367892977, 7221.254180602007, 7248.397993311037, 7275.541806020067, 7302.685618729097, 7329.829431438127, 7356.973244147157, 7384.117056856187, 7411.260869565218, 7438.4046822742475, 7465.548494983278, 7492.692307692308, 7519.836120401338, 7546.979933110368, 7574.123745819398, 7601.267558528429, 7628.411371237458, 7655.555183946489, 7682.698996655518, 7709.842809364549, 7736.9866220735785, 7764.130434782609, 7791.274247491639, 7818.418060200669, 7845.5618729097, 7872.705685618729, 7899.84949832776, 7926.993311036789, 7954.13712374582, 7981.280936454849, 8008.42474916388, 8035.568561872909, 8062.71237458194, 8089.85618729097, 8117.0], "num_solved": 100, "cmc_vals": [0.0, 0.0, 0.0, 0.01, 0.03, 0.07, 0.13, 0.18, 0.24, 0.3, 0.35, 0.39, 0.44, 0.46, 0.5, 0.52, 0.55, 0.56, 0.57, 0.58, 0.58, 0.59, 0.6, 0.62, 0.64, 0.64, 0.65, 0.65, 0.65, 0.65, 0.66, 0.66, 0.66, 0.66, 0.67, 0.67, 0.68, 0.68, 0.69, 0.69, 0.69, 0.69, 0.72, 0.72, 0.72, 0.72, 0.72, 0.73, 0.73, 0.73, 0.73, 0.74, 0.74, 0.74, 0.74, 0.75, 0.76, 0.77, 0.78, 0.8, 0.8, 0.8, 0.8, 0.8, 0.81, 0.81, 0.82, 0.83, 0.83, 0.84, 0.84, 0.84, 0.84, 0.84, 0.84, 0.84, 0.84, 0.84, 0.84, 0.84, 0.84, 0.84, 0.84, 0.84, 0.84, 0.84, 0.84, 0.84, 0.84, 0.84, 0.85, 0.85, 0.85, 0.85, 0.85, 0.85, 0.85, 0.85, 0.86, 0.87, 0.87, 0.87, 0.87, 0.89, 0.9, 0.9, 0.9, 0.9, 0.9, 0.9, 0.91, 0.91, 0.92, 0.92, 0.93, 0.93, 0.93, 0.93, 0.93, 0.93, 0.93, 0.93, 0.93, 0.93, 0.93, 0.95, 0.95, 0.95, 0.95, 0.95, 0.95, 0.95, 0.95, 0.95, 0.95, 0.95, 0.95, 0.95, 0.95, 0.95, 0.95, 0.95, 0.96, 0.96, 0.96, 0.96, 0.96, 0.96, 0.96, 0.96, 0.96, 0.96, 0.96, 0.96, 0.96, 0.96, 0.96, 0.96, 0.96, 0.96, 0.96, 0.96, 0.96, 0.97, 0.97, 0.97, 0.97, 0.97, 0.97, 0.97, 0.97, 0.97, 0.97, 0.97, 0.97, 0.97, 0.97, 0.97, 0.97, 0.97, 0.97, 0.97, 0.97, 0.97, 0.97, 0.97, 0.97, 0.97, 0.97, 0.97, 0.97, 0.97, 0.97, 0.97, 0.97, 0.97, 0.97, 0.97, 0.97, 0.97, 0.97, 0.97, 0.97, 0.97, 0.97, 0.97, 0.97, 0.97, 0.97, 0.97, 0.97, 0.97, 0.97, 0.97, 0.97, 0.97, 0.97, 0.97, 0.97, 0.97, 0.98, 0.98, 0.98, 0.98, 0.98, 0.98, 0.98, 0.98, 0.98, 0.98, 0.98, 0.98, 0.98, 0.98, 0.98, 0.98, 0.98, 0.98, 0.98, 0.98, 0.98, 0.98, 0.99, 0.99, 0.99, 0.99, 0.99, 0.99, 0.99, 0.99, 0.99, 0.99, 0.99, 0.99, 0.99, 0.99, 0.99, 0.99, 0.99, 0.99, 0.99, 0.99, 0.99, 0.99, 0.99, 0.99, 0.99, 0.99, 0.99, 0.99, 0.99, 0.99, 0.99, 0.99, 0.99, 0.99, 0.99, 0.99, 0.99, 0.99, 0.99, 0.99, 0.99, 0.99, 0.99, 0.99, 0.99, 0.99, 0.99, 0.99, 0.99, 0.99, 0.99, 0.99, 0.99, 0.99, 0.99, 0.99, 0.99, 1.0]}