{"calc_counters": [973.64], "capture": "DIRECT", "cmc_iters": [1.0, 22.464882943143813, 43.929765886287626, 65.39464882943145, 86.85953177257525, 108.32441471571906, 129.7892976588629, 151.2541806020067, 172.7190635451505, 194.1839464882943, 215.64882943143812, 237.11371237458195, 258.5785953177258, 280.04347826086956, 301.5083612040134, 322.9732441471572, 344.438127090301, 365.90301003344484, 387.3678929765886, 408.83277591973246, 430.29765886287623, 451.76254180602007, 473.2274247491639, 494.6923076923077, 516.1571906354516, 537.6220735785953, 559.0869565217391, 580.551839464883, 602.0167224080268, 623.4816053511706, 644.9464882943143, 666.4113712374582, 687.876254180602, 709.3411371237459, 730.8060200668897, 752.2709030100334, 773.7357859531772, 795.2006688963211, 816.6655518394649, 838.1304347826087, 859.5953177257525, 881.0602006688963, 902.5250836120401, 923.989966555184, 945.4548494983278, 966.9197324414716, 988.3846153846154, 1009.8494983277592, 1031.3143812709031, 1052.7792642140469, 1074.2441471571906, 1095.7090301003345, 1117.1739130434783, 1138.6387959866222, 1160.103678929766, 1181.5685618729096, 1203.0334448160536, 1224.4983277591973, 1245.9632107023413, 1267.428093645485, 1288.8929765886287, 1310.3578595317726, 1331.8227424749164, 1353.2876254180603, 1374.752508361204, 1396.2173913043478, 1417.6822742474917, 1439.1471571906354, 1460.6120401337794, 1482.076923076923, 1503.5418060200668, 1525.0066889632108, 1546.4715719063545, 1567.9364548494984, 1589.4013377926422, 1610.8662207357859, 1632.3311036789298, 1653.7959866220735, 1675.2608695652175, 1696.7257525083612, 1718.190635451505, 1739.6555183946489, 1761.1204013377926, 1782.5852842809365, 1804.0501672240803, 1825.5150501672242, 1846.979933110368, 1868.4448160535117, 1889.9096989966556, 1911.3745819397993, 1932.8394648829433, 1954.304347826087, 1975.7692307692307, 1997.2341137123747, 2018.6989966555184, 2040.1638795986623, 2061.6287625418063, 2083.09364548495, 2104.5585284280937, 2126.0234113712377, 2147.488294314381, 2168.953177257525, 2190.418060200669, 2211.8829431438126, 2233.3478260869565, 2254.8127090301005, 2276.2775919732444, 2297.742474916388, 2319.207357859532, 2340.672240802676, 2362.1371237458193, 2383.6020066889632, 2405.066889632107, 2426.5317725752507, 2447.9966555183946, 2469.4615384615386, 2490.9264214046825, 2512.391304347826, 2533.85618729097, 2555.321070234114, 2576.7859531772574, 2598.2508361204013, 2619.7157190635453, 2641.180602006689, 2662.6454849498327, 2684.1103678929767, 2705.5752508361206, 2727.040133779264, 2748.505016722408, 2769.969899665552, 2791.4347826086955, 2812.8996655518395, 2834.3645484949834, 2855.8294314381274, 2877.294314381271, 2898.759197324415, 2920.2240802675587, 2941.6889632107022, 2963.153846153846, 2984.61872909699, 3006.0836120401336, 3027.5484949832776, 3049.0133779264215, 3070.4782608695655, 3091.943143812709, 3113.408026755853, 3134.872909698997, 3156.3377926421404, 3177.8026755852843, 3199.2675585284283, 3220.7324414715717, 3242.1973244147157, 3263.6622073578596, 3285.1270903010036, 3306.591973244147, 3328.056856187291, 3349.521739130435, 3370.9866220735785, 3392.4515050167224, 3413.9163879598664, 3435.38127090301, 3456.846153846154, 3478.3110367892978, 3499.7759197324417, 3521.240802675585, 3542.705685618729, 3564.170568561873, 3585.6354515050166, 3607.1003344481605, 3628.5652173913045, 3650.0301003344484, 3671.494983277592, 3692.959866220736, 3714.42474916388, 3735.8896321070233, 3757.3545150501673, 3778.819397993311, 3800.2842809364547, 3821.7491638795987, 3843.2140468227426, 3864.6789297658866, 3886.14381270903, 3907.608695652174, 3929.073578595318, 3950.5384615384614, 3972.0033444816054, 3993.4682274247493, 4014.933110367893, 4036.3979933110368, 4057.8628762541807, 4079.3277591973247, 4100.792642140468, 4122.257525083613, 4143.722408026756, 4165.1872909699, 4186.652173913044, 4208.117056856187, 4229.581939799331, 4251.046822742475, 4272.511705685619, 4293.976588628762, 4315.441471571907, 4336.90635451505, 4358.371237458194, 4379.836120401338, 4401.301003344482, 4422.765886287625, 4444.2307692307695, 4465.695652173913, 4487.1605351170565, 4508.625418060201, 4530.090301003344, 4551.555183946489, 4573.020066889632, 4594.484949832776, 4615.94983277592, 4637.414715719064, 4658.879598662207, 4680.344481605352, 4701.809364548495, 4723.274247491639, 4744.739130434783, 4766.2040133779265, 4787.66889632107, 4809.133779264214, 4830.598662207358, 4852.063545150501, 4873.528428093646, 4894.993311036789, 4916.458193979934, 4937.923076923077, 4959.387959866221, 4980.852842809365, 5002.3177257525085, 5023.782608695652, 5045.247491638796, 5066.71237458194, 5088.177257525083, 5109.642140468228, 5131.107023411371, 5152.571906354515, 5174.036789297659, 5195.501672240803, 5216.966555183946, 5238.431438127091, 5259.896321070234, 5281.361204013378, 5302.826086956522, 5324.2909698996655, 5345.75585284281, 5367.220735785953, 5388.685618729097, 5410.150501672241, 5431.615384615385, 5453.080267558528, 5474.545150501673, 5496.010033444816, 5517.47491638796, 5538.939799331104, 5560.4046822742475, 5581.869565217391, 5603.334448160535, 5624.799331103679, 5646.264214046822, 5667.729096989967, 5689.19397993311, 5710.658862876255, 5732.123745819398, 5753.588628762542, 5775.053511705686, 5796.51839464883, 5817.983277591973, 5839.4481605351175, 5860.913043478261, 5882.3779264214045, 5903.842809364549, 5925.307692307692, 5946.772575250836, 5968.23745819398, 5989.702341137124, 6011.167224080267, 6032.632107023412, 6054.096989966555, 6075.561872909699, 6097.026755852843, 6118.491638795987, 6139.956521739131, 6161.421404682274, 6182.886287625418, 6204.351170568562, 6225.816053511706, 6247.280936454849, 6268.745819397994, 6290.210702341137, 6311.675585284281, 6333.140468227425, 6354.605351170569, 6376.070234113712, 6397.5351170568565, 6419.0], "num_solved": 100, "cmc_vals": [0.0, 0.0, 0.0, 0.02, 0.03, 0.06, 0.11, 0.15, 0.21, 0.28, 0.31, 0.37, 0.4, 0.41, 0.43, 0.46, 0.48, 0.48, 0.52, 0.54, 0.56, 0.56, 0.56, 0.58, 0.59, 0.59, 0.59, 0.61, 0.62, 0.63, 0.65, 0.65, 0.66, 0.66, 0.66, 0.67, 0.67, 0.67, 0.67, 0.67, 0.67, 0.69, 0.69, 0.69, 0.69, 0.7, 0.7, 0.7, 0.7, 0.7, 0.7, 0.7, 0.72, 0.72, 0.72, 0.72, 0.72, 0.73, 0.74, 0.74, 0.74, 0.74, 0.74, 0.74, 0.75, 0.75, 0.75, 0.75, 0.75, 0.75, 0.76, 0.76, 0.78, 0.79, 0.79, 0.8, 0.8, 0.81, 0.81, 0.81, 0.82, 0.82, 0.83, 0.83, 0.85, 0.85, 0.85, 0.85, 0.85, 0.85, 0.85, 0.85, 0.85, 0.85, 0.85, 0.85, 0.85, 0.85, 0.85, 0.85, 0.85, 0.85, 0.85, 0.85, 0.85, 0.85, 0.85, 0.85, 0.85, 0.85, 0.85, 0.86, 0.86, 0.86, 0.86, 0.86, 0.86, 0.86, 0.86, 0.86, 0.86, 0.86, 0.86, 0.87, 0.87, 0.87, 0.87, 0.87, 0.87, 0.89, 0.9, 0.9, 0.9, 0.9, 0.91, 0.91, 0.91, 0.91, 0.91, 0.91, 0.91, 0.92, 0.93, 0.93, 0.93, 0.93, 0.93, 0.93, 0.93, 0.93, 0.93, 0.93, 0.93, 0.93, 0.93, 0.93, 0.95, 0.96, 0.96, 0.96, 0.96, 0.96, 0.96, 0.96, 0.96, 0.96, 0.96, 0.96, 0.96, 0.96, 0.96, 0.96, 0.96, 0.96, 0.96, 0.96, 0.96, 0.97, 0.97, 0.97, 0.97, 0.97, 0.97, 0.97, 0.97, 0.97, 0.97, 0.97, 0.97, 0.97, 0.97, 0.97, 0.97, 0.97, 0.97, 0.97, 0.97, 0.97, 0.97, 0.97, 0.97, 0.97, 0.97, 0.97, 0.97, 0.97, 0.97, 0.97, 0.97, 0.97, 0.97, 0.97, 0.97, 0.97, 0.97, 0.97, 0.98, 0.98, 0.98, 0.98, 0.98, 0.98, 0.98, 0.98, 0.98, 0.98, 0.98, 0.98, 0.98, 0.98, 0.98, 0.98, 0.98, 0.98, 0.98, 0.98, 0.98, 0.98, 0.98, 0.98, 0.98, 0.98, 0.98, 0.98, 0.98, 0.98, 0.98, 0.98, 0.98, 0.98, 0.98, 0.98, 0.98, 0.98, 0.98, 0.98, 0.98, 0.98, 0.98, 0.98, 0.98, 0.98, 0.98, 0.98, 0.98, 0.98, 0.98, 0.98, 0.98, 0.98, 0.98, 0.98, 0.98, 0.98, 0.98, 0.98, 0.98, 0.98, 0.98, 0.98, 0.98, 0.98, 0.98, 0.98, 0.98, 0.98, 0.98, 0.98, 0.98, 0.98, 0.98, 0.98, 0.98, 0.98, 0.98, 0.98, 0.98, 0.99, 0.99, 1.0]}