{"calc_counters": [1312.8144329896907], "capture": "DIRECTl", "cmc_iters": [1.0, 34.50167224080268, 68.00334448160535, 101.50501672240803, 135.0066889632107, 168.5083612040134, 202.01003344481606, 235.51170568561872, 269.0133779264214, 302.5150501672241, 336.0167224080268, 369.5183946488294, 403.0200668896321, 436.5217391304348, 470.02341137123744, 503.52508361204013, 537.0267558528428, 570.5284280936455, 604.0301003344482, 637.5317725752509, 671.0334448160536, 704.5351170568562, 738.0367892976589, 771.5384615384615, 805.0401337792642, 838.5418060200669, 872.0434782608696, 905.5451505016723, 939.0468227424749, 972.5484949832776, 1006.0501672240803, 1039.551839464883, 1073.0535117056857, 1106.5551839464883, 1140.056856187291, 1173.5585284280937, 1207.0602006688964, 1240.561872909699, 1274.0635451505018, 1307.5652173913045, 1341.0668896321072, 1374.5685618729096, 1408.0702341137123, 1441.571906354515, 1475.0735785953177, 1508.5752508361204, 1542.076923076923, 1575.5785953177258, 1609.0802675585285, 1642.5819397993312, 1676.0836120401339, 1709.5852842809365, 1743.0869565217392, 1776.588628762542, 1810.0903010033446, 1843.5919732441473, 1877.0936454849498, 1910.5953177257525, 1944.0969899665552, 1977.5986622073578, 2011.1003344481605, 2044.6020066889632, 2078.103678929766, 2111.6053511705686, 2145.1070234113713, 2178.608695652174, 2212.1103678929767, 2245.6120401337794, 2279.113712374582, 2312.6153846153848, 2346.1170568561874, 2379.61872909699, 2413.120401337793, 2446.6220735785955, 2480.123745819398, 2513.625418060201, 2547.1270903010036, 2580.6287625418063, 2614.130434782609, 2647.6321070234117, 2681.1337792642144, 2714.6354515050166, 2748.1371237458193, 2781.638795986622, 2815.1404682274247, 2848.6421404682274, 2882.14381270903, 2915.6454849498327, 2949.1471571906354, 2982.648829431438, 3016.150501672241, 3049.6521739130435, 3083.153846153846, 3116.655518394649, 3150.1571906354516, 3183.6588628762543, 3217.160535117057, 3250.6622073578596, 3284.1638795986623, 3317.665551839465, 3351.1672240802677, 3384.6688963210704, 3418.170568561873, 3451.672240802676, 3485.1739130434785, 3518.675585284281, 3552.177257525084, 3585.6789297658866, 3619.1806020066892, 3652.682274247492, 3686.1839464882946, 3719.6856187290973, 3753.1872909698995, 3786.6889632107022, 3820.190635451505, 3853.6923076923076, 3887.1939799331103, 3920.695652173913, 3954.1973244147157, 3987.6989966555184, 4021.200668896321, 4054.7023411371238, 4088.2040133779265, 4121.705685618729, 4155.207357859532, 4188.7090301003345, 4222.210702341137, 4255.71237458194, 4289.214046822743, 4322.715719063545, 4356.217391304348, 4389.719063545151, 4423.220735785953, 4456.722408026756, 4490.224080267559, 4523.725752508361, 4557.227424749164, 4590.729096989967, 4624.2307692307695, 4657.732441471572, 4691.234113712375, 4724.735785953178, 4758.23745819398, 4791.739130434783, 4825.240802675586, 4858.742474916388, 4892.244147157191, 4925.745819397994, 4959.247491638796, 4992.749163879599, 5026.250836120402, 5059.7525083612045, 5093.254180602007, 5126.75585284281, 5160.257525083613, 5193.759197324415, 5227.260869565218, 5260.762541806021, 5294.264214046823, 5327.765886287626, 5361.267558528429, 5394.7692307692305, 5428.270903010033, 5461.772575250836, 5495.274247491639, 5528.775919732441, 5562.277591973244, 5595.779264214047, 5629.280936454849, 5662.782608695652, 5696.284280936455, 5729.785953177257, 5763.28762541806, 5796.789297658863, 5830.2909698996655, 5863.792642140468, 5897.294314381271, 5930.7959866220735, 5964.297658862876, 5997.799331103679, 6031.301003344482, 6064.802675585284, 6098.304347826087, 6131.80602006689, 6165.307692307692, 6198.809364548495, 6232.311036789298, 6265.8127090301, 6299.314381270903, 6332.816053511706, 6366.3177257525085, 6399.819397993311, 6433.321070234114, 6466.822742474917, 6500.324414715719, 6533.826086956522, 6567.327759197325, 6600.829431438127, 6634.33110367893, 6667.832775919733, 6701.334448160535, 6734.836120401338, 6768.337792642141, 6801.8394648829435, 6835.341137123746, 6868.842809364549, 6902.344481605352, 6935.846153846154, 6969.347826086957, 7002.84949832776, 7036.351170568562, 7069.852842809365, 7103.354515050168, 7136.85618729097, 7170.357859531773, 7203.859531772576, 7237.3612040133785, 7270.862876254181, 7304.364548494984, 7337.866220735787, 7371.367892976589, 7404.869565217392, 7438.371237458195, 7471.872909698997, 7505.374581939799, 7538.876254180602, 7572.3779264214045, 7605.879598662207, 7639.38127090301, 7672.882943143813, 7706.384615384615, 7739.886287625418, 7773.387959866221, 7806.889632107023, 7840.391304347826, 7873.892976588629, 7907.394648829431, 7940.896321070234, 7974.397993311037, 8007.8996655518395, 8041.401337792642, 8074.903010033445, 8108.4046822742475, 8141.90635451505, 8175.408026755853, 8208.909698996657, 8242.411371237458, 8275.913043478262, 8309.414715719064, 8342.916387959867, 8376.418060200669, 8409.919732441473, 8443.421404682274, 8476.923076923078, 8510.42474916388, 8543.926421404683, 8577.428093645485, 8610.929765886287, 8644.43143812709, 8677.933110367892, 8711.434782608696, 8744.936454849498, 8778.438127090301, 8811.939799331103, 8845.441471571907, 8878.943143812709, 8912.444816053512, 8945.946488294314, 8979.448160535117, 9012.94983277592, 9046.451505016723, 9079.953177257525, 9113.454849498328, 9146.95652173913, 9180.458193979934, 9213.959866220735, 9247.461538461539, 9280.96321070234, 9314.464882943144, 9347.966555183946, 9381.46822742475, 9414.969899665552, 9448.471571906355, 9481.973244147157, 9515.47491638796, 9548.976588628762, 9582.478260869566, 9615.979933110368, 9649.481605351171, 9682.983277591973, 9716.484949832777, 9749.986622073578, 9783.488294314382, 9816.989966555184, 9850.491638795987, 9883.99331103679, 9917.494983277593, 9950.996655518395, 9984.498327759198, 10018.0], "num_solved": 97, "cmc_vals": [0.0, 0.0, 0.0, 0.05, 0.1, 0.17, 0.2, 0.22, 0.31, 0.35, 0.37, 0.38, 0.39, 0.41, 0.49, 0.51, 0.54, 0.56, 0.57, 0.58, 0.6, 0.62, 0.64, 0.64, 0.65, 0.65, 0.65, 0.67, 0.68, 0.68, 0.68, 0.68, 0.68, 0.68, 0.68, 0.68, 0.69, 0.7, 0.7, 0.71, 0.73, 0.73, 0.74, 0.74, 0.74, 0.74, 0.74, 0.74, 0.74, 0.74, 0.74, 0.74, 0.75, 0.77, 0.77, 0.77, 0.77, 0.78, 0.78, 0.78, 0.78, 0.78, 0.79, 0.79, 0.79, 0.79, 0.79, 0.79, 0.79, 0.79, 0.79, 0.79, 0.79, 0.79, 0.79, 0.79, 0.79, 0.79, 0.79, 0.8, 0.8, 0.8, 0.8, 0.8, 0.8, 0.8, 0.8, 0.8, 0.81, 0.81, 0.81, 0.81, 0.81, 0.81, 0.82, 0.83, 0.83, 0.83, 0.83, 0.83, 0.83, 0.83, 0.83, 0.83, 0.84, 0.84, 0.84, 0.84, 0.84, 0.85, 0.86, 0.86, 0.86, 0.86, 0.87, 0.88, 0.88, 0.88, 0.88, 0.88, 0.88, 0.88, 0.89, 0.89, 0.89, 0.89, 0.89, 0.89, 0.89, 0.89, 0.89, 0.89, 0.89, 0.89, 0.89, 0.89, 0.89, 0.89, 0.89, 0.9, 0.9, 0.9, 0.9, 0.9, 0.9, 0.9, 0.9, 0.9, 0.91, 0.91, 0.91, 0.91, 0.91, 0.91, 0.91, 0.91, 0.91, 0.91, 0.91, 0.91, 0.91, 0.92, 0.92, 0.92, 0.93, 0.93, 0.93, 0.93, 0.93, 0.93, 0.93, 0.93, 0.93, 0.93, 0.93, 0.93, 0.93, 0.93, 0.93, 0.93, 0.93, 0.93, 0.93, 0.93, 0.93, 0.93, 0.93, 0.93, 0.93, 0.93, 0.93, 0.93, 0.93, 0.93, 0.93, 0.93, 0.93, 0.93, 0.93, 0.93, 0.93, 0.93, 0.93, 0.93, 0.93, 0.93, 0.93, 0.94, 0.94, 0.95, 0.95, 0.95, 0.95, 0.95, 0.95, 0.95, 0.95, 0.95, 0.95, 0.95, 0.95, 0.95, 0.95, 0.95, 0.95, 0.95, 0.95, 0.95, 0.95, 0.95, 0.95, 0.95, 0.95, 0.95, 0.95, 0.95, 0.95, 0.95, 0.95, 0.95, 0.95, 0.95, 0.95, 0.96, 0.96, 0.96, 0.96, 0.96, 0.96, 0.96, 0.96, 0.96, 0.96, 0.96, 0.96, 0.96, 0.96, 0.96, 0.96, 0.96, 0.96, 0.96, 0.96, 0.97, 0.97, 0.97, 0.97, 0.97, 0.97, 0.97, 0.97, 0.97, 0.97, 0.97, 0.97, 0.97, 0.97, 0.97, 0.97, 0.97, 0.97, 0.97, 0.97, 0.97, 0.97, 0.97, 0.97, 0.97, 0.97, 0.97, 0.97, 0.97, 0.97, 0.97, 0.97, 0.97, 0.97, 0.97, 0.97, 0.97]}