{"calc_counters": [4619.07], "capture": "MLSL", "cmc_iters": [1.0, 47.53511705685619, 94.07023411371237, 140.60535117056855, 187.14046822742475, 233.67558528428094, 280.2107023411371, 326.74581939799333, 373.2809364548495, 419.81605351170566, 466.3511705685619, 512.886287625418, 559.4214046822742, 605.9565217391304, 652.4916387959867, 699.0267558528428, 745.561872909699, 792.0969899665552, 838.6321070234113, 885.1672240802676, 931.7023411371238, 978.2374581939799, 1024.772575250836, 1071.3076923076924, 1117.8428093645484, 1164.3779264214047, 1210.9130434782608, 1257.448160535117, 1303.9832775919733, 1350.5183946488294, 1397.0535117056857, 1443.5886287625417, 1490.123745819398, 1536.6588628762543, 1583.1939799331103, 1629.7290969899666, 1676.2642140468226, 1722.799331103679, 1769.3344481605352, 1815.8695652173913, 1862.4046822742475, 1908.9397993311036, 1955.4749163879599, 2002.0100334448161, 2048.545150501672, 2095.0802675585282, 2141.6153846153848, 2188.150501672241, 2234.685618729097, 2281.2207357859534, 2327.7558528428094, 2374.2909698996655, 2420.8260869565215, 2467.361204013378, 2513.896321070234, 2560.43143812709, 2606.9665551839466, 2653.5016722408027, 2700.0367892976587, 2746.5719063545152, 2793.1070234113713, 2839.6421404682274, 2886.1772575250834, 2932.71237458194, 2979.247491638796, 3025.782608695652, 3072.3177257525085, 3118.8528428093646, 3165.3879598662206, 3211.9230769230767, 3258.458193979933, 3304.9933110367892, 3351.5284280936453, 3398.063545150502, 3444.598662207358, 3491.133779264214, 3537.6688963210704, 3584.2040133779265, 3630.7391304347825, 3677.2742474916386, 3723.809364548495, 3770.344481605351, 3816.879598662207, 3863.4147157190637, 3909.9498327759197, 3956.484949832776, 4003.0200668896323, 4049.5551839464883, 4096.090301003344, 4142.625418060201, 4189.1605351170565, 4235.695652173913, 4282.2307692307695, 4328.765886287625, 4375.301003344482, 4421.836120401338, 4468.371237458194, 4514.90635451505, 4561.441471571907, 4607.976588628762, 4654.511705685619, 4701.046822742474, 4747.581939799331, 4794.117056856187, 4840.652173913043, 4887.1872909699, 4933.722408026756, 4980.257525083612, 5026.792642140468, 5073.327759197325, 5119.86287625418, 5166.397993311037, 5212.933110367893, 5259.468227424749, 5306.003344481605, 5352.538461538462, 5399.0735785953175, 5445.608695652174, 5492.1438127090305, 5538.678929765886, 5585.214046822743, 5631.749163879598, 5678.284280936455, 5724.819397993311, 5771.354515050167, 5817.889632107023, 5864.42474916388, 5910.959866220735, 5957.494983277592, 6004.030100334448, 6050.565217391304, 6097.1003344481605, 6143.635451505017, 6190.170568561873, 6236.705685618729, 6283.240802675586, 6329.775919732441, 6376.311036789298, 6422.846153846153, 6469.38127090301, 6515.916387959866, 6562.451505016722, 6608.9866220735785, 6655.521739130435, 6702.056856187291, 6748.591973244147, 6795.127090301004, 6841.662207357859, 6888.197324414716, 6934.732441471572, 6981.267558528428, 7027.802675585284, 7074.337792642141, 7120.872909698996, 7167.408026755853, 7213.943143812709, 7260.478260869565, 7307.0133779264215, 7353.548494983277, 7400.083612040134, 7446.61872909699, 7493.153846153846, 7539.688963210702, 7586.224080267559, 7632.759197324414, 7679.294314381271, 7725.829431438127, 7772.364548494983, 7818.8996655518395, 7865.434782608696, 7911.969899665552, 7958.505016722408, 8005.040133779265, 8051.57525083612, 8098.110367892977, 8144.645484949832, 8191.180602006689, 8237.715719063544, 8284.250836120402, 8330.785953177257, 8377.321070234113, 8423.85618729097, 8470.391304347826, 8516.926421404682, 8563.461538461539, 8609.996655518395, 8656.53177257525, 8703.066889632108, 8749.602006688963, 8796.137123745819, 8842.672240802676, 8889.207357859532, 8935.742474916387, 8982.277591973245, 9028.8127090301, 9075.347826086956, 9121.882943143813, 9168.418060200669, 9214.953177257525, 9261.488294314382, 9308.023411371238, 9354.558528428093, 9401.093645484949, 9447.628762541806, 9494.163879598662, 9540.698996655517, 9587.234113712375, 9633.76923076923, 9680.304347826086, 9726.839464882944, 9773.3745819398, 9819.909698996655, 9866.444816053512, 9912.979933110368, 9959.515050167223, 10006.05016722408, 10052.585284280936, 10099.120401337792, 10145.65551839465, 10192.190635451505, 10238.72575250836, 10285.260869565218, 10331.795986622074, 10378.33110367893, 10424.866220735787, 10471.401337792642, 10517.936454849498, 10564.471571906355, 10611.00668896321, 10657.541806020066, 10704.076923076924, 10750.61204013378, 10797.147157190635, 10843.682274247492, 10890.217391304348, 10936.752508361204, 10983.287625418061, 11029.822742474917, 11076.357859531772, 11122.892976588628, 11169.428093645485, 11215.96321070234, 11262.498327759196, 11309.033444816054, 11355.56856187291, 11402.103678929765, 11448.638795986622, 11495.173913043478, 11541.709030100334, 11588.244147157191, 11634.779264214047, 11681.314381270902, 11727.84949832776, 11774.384615384615, 11820.91973244147, 11867.454849498328, 11913.989966555184, 11960.52508361204, 12007.060200668897, 12053.595317725752, 12100.130434782608, 12146.665551839465, 12193.200668896321, 12239.735785953177, 12286.270903010034, 12332.80602006689, 12379.341137123745, 12425.876254180603, 12472.411371237458, 12518.946488294314, 12565.481605351171, 12612.016722408027, 12658.551839464883, 12705.08695652174, 12751.622073578596, 12798.157190635451, 12844.692307692307, 12891.227424749164, 12937.76254180602, 12984.297658862875, 13030.832775919733, 13077.367892976588, 13123.903010033444, 13170.438127090301, 13216.973244147157, 13263.508361204013, 13310.04347826087, 13356.578595317726, 13403.113712374581, 13449.648829431439, 13496.183946488294, 13542.71906354515, 13589.254180602007, 13635.789297658863, 13682.324414715718, 13728.859531772576, 13775.394648829431, 13821.929765886287, 13868.464882943144, 13915.0], "num_solved": 100, "cmc_vals": [0.0, 0.05, 0.08, 0.08, 0.08, 0.08, 0.09, 0.1, 0.11, 0.11, 0.11, 0.11, 0.11, 0.13, 0.16, 0.16, 0.16, 0.16, 0.18, 0.18, 0.21, 0.21, 0.22, 0.22, 0.22, 0.24, 0.24, 0.25, 0.25, 0.25, 0.26, 0.27, 0.28, 0.28, 0.28, 0.28, 0.28, 0.29, 0.29, 0.29, 0.29, 0.31, 0.32, 0.32, 0.32, 0.32, 0.32, 0.32, 0.32, 0.32, 0.33, 0.33, 0.34, 0.37, 0.37, 0.39, 0.39, 0.4, 0.41, 0.41, 0.41, 0.41, 0.42, 0.42, 0.42, 0.42, 0.42, 0.43, 0.43, 0.43, 0.43, 0.43, 0.43, 0.43, 0.44, 0.45, 0.46, 0.48, 0.48, 0.48, 0.48, 0.48, 0.48, 0.49, 0.5, 0.5, 0.5, 0.5, 0.5, 0.51, 0.53, 0.53, 0.53, 0.53, 0.53, 0.53, 0.53, 0.53, 0.53, 0.53, 0.54, 0.56, 0.56, 0.56, 0.57, 0.57, 0.58, 0.59, 0.61, 0.61, 0.61, 0.61, 0.61, 0.61, 0.61, 0.63, 0.63, 0.63, 0.63, 0.63, 0.64, 0.64, 0.64, 0.65, 0.65, 0.65, 0.65, 0.66, 0.67, 0.68, 0.68, 0.68, 0.69, 0.69, 0.69, 0.69, 0.69, 0.69, 0.7, 0.7, 0.7, 0.7, 0.7, 0.7, 0.7, 0.7, 0.71, 0.71, 0.72, 0.75, 0.75, 0.75, 0.75, 0.75, 0.75, 0.76, 0.76, 0.76, 0.76, 0.76, 0.76, 0.76, 0.76, 0.76, 0.77, 0.78, 0.78, 0.79, 0.8, 0.8, 0.8, 0.81, 0.82, 0.82, 0.82, 0.82, 0.82, 0.82, 0.82, 0.82, 0.82, 0.84, 0.84, 0.84, 0.84, 0.84, 0.84, 0.84, 0.84, 0.84, 0.84, 0.84, 0.84, 0.84, 0.84, 0.84, 0.85, 0.85, 0.86, 0.86, 0.86, 0.87, 0.87, 0.87, 0.88, 0.88, 0.88, 0.88, 0.89, 0.9, 0.9, 0.9, 0.91, 0.91, 0.91, 0.92, 0.92, 0.92, 0.92, 0.92, 0.92, 0.92, 0.92, 0.92, 0.92, 0.92, 0.92, 0.92, 0.92, 0.92, 0.92, 0.92, 0.93, 0.93, 0.93, 0.93, 0.93, 0.93, 0.93, 0.94, 0.94, 0.94, 0.95, 0.95, 0.95, 0.95, 0.95, 0.95, 0.95, 0.95, 0.95, 0.95, 0.95, 0.95, 0.95, 0.95, 0.95, 0.95, 0.95, 0.95, 0.95, 0.96, 0.96, 0.96, 0.96, 0.96, 0.96, 0.96, 0.96, 0.96, 0.96, 0.97, 0.97, 0.97, 0.97, 0.97, 0.97, 0.97, 0.97, 0.97, 0.97, 0.97, 0.97, 0.97, 0.97, 0.97, 0.97, 0.98, 0.98, 0.98, 0.98, 0.98, 0.98, 0.99, 0.99, 0.99, 0.99, 0.99, 0.99, 1.0]}