{"calc_counters": [4609.17], "capture": "MLSL", "cmc_iters": [1.0, 47.491638795986624, 93.98327759197325, 140.47491638795987, 186.9665551839465, 233.45819397993313, 279.94983277591973, 326.4414715719064, 372.933110367893, 419.4247491638796, 465.91638795986626, 512.4080267558529, 558.8996655518395, 605.3913043478261, 651.8829431438128, 698.3745819397993, 744.866220735786, 791.3578595317726, 837.8494983277592, 884.3411371237459, 930.8327759197325, 977.3244147157191, 1023.8160535117057, 1070.3076923076924, 1116.799331103679, 1163.2909698996657, 1209.7826086956522, 1256.2742474916388, 1302.7658862876256, 1349.257525083612, 1395.7491638795987, 1442.2408026755854, 1488.732441471572, 1535.2240802675585, 1581.7157190635453, 1628.2073578595318, 1674.6989966555184, 1721.1906354515052, 1767.6822742474917, 1814.1739130434783, 1860.665551839465, 1907.1571906354516, 1953.6488294314381, 2000.140468227425, 2046.6321070234114, 2093.123745819398, 2139.6153846153848, 2186.1070234113713, 2232.598662207358, 2279.0903010033444, 2325.5819397993314, 2372.073578595318, 2418.5652173913045, 2465.056856187291, 2511.5484949832776, 2558.040133779264, 2604.531772575251, 2651.0234113712377, 2697.515050167224, 2744.0066889632108, 2790.4983277591973, 2836.989966555184, 2883.481605351171, 2929.9732441471574, 2976.464882943144, 3022.9565217391305, 3069.448160535117, 3115.939799331104, 3162.4314381270906, 3208.923076923077, 3255.4147157190637, 3301.90635451505, 3348.3979933110368, 3394.8896321070238, 3441.3812709030103, 3487.872909698997, 3534.3645484949834, 3580.85618729097, 3627.3478260869565, 3673.8394648829435, 3720.33110367893, 3766.8227424749166, 3813.314381270903, 3859.8060200668897, 3906.2976588628762, 3952.7892976588632, 3999.28093645485, 4045.7725752508363, 4092.264214046823, 4138.75585284281, 4185.247491638796, 4231.739130434783, 4278.2307692307695, 4324.722408026756, 4371.214046822743, 4417.705685618729, 4464.197324414716, 4510.688963210702, 4557.180602006689, 4603.672240802676, 4650.163879598663, 4696.655518394649, 4743.147157190636, 4789.638795986622, 4836.130434782609, 4882.6220735785955, 4929.113712374582, 4975.605351170569, 5022.096989966555, 5068.588628762542, 5115.080267558528, 5161.571906354516, 5208.063545150502, 5254.555183946489, 5301.046822742475, 5347.538461538462, 5394.030100334448, 5440.521739130435, 5487.0133779264215, 5533.505016722408, 5579.996655518395, 5626.488294314381, 5672.979933110368, 5719.471571906355, 5765.963210702342, 5812.454849498328, 5858.946488294315, 5905.438127090301, 5951.929765886288, 5998.421404682274, 6044.913043478261, 6091.4046822742475, 6137.896321070234, 6184.387959866221, 6230.879598662208, 6277.371237458195, 6323.862876254181, 6370.354515050168, 6416.846153846154, 6463.337792642141, 6509.829431438127, 6556.321070234114, 6602.8127090301, 6649.304347826087, 6695.7959866220735, 6742.28762541806, 6788.7792642140475, 6835.270903010034, 6881.762541806021, 6928.254180602007, 6974.745819397994, 7021.23745819398, 7067.729096989967, 7114.220735785953, 7160.71237458194, 7207.2040133779265, 7253.695652173913, 7300.1872909699, 7346.678929765887, 7393.170568561874, 7439.66220735786, 7486.153846153847, 7532.645484949833, 7579.13712374582, 7625.628762541806, 7672.120401337793, 7718.612040133779, 7765.103678929766, 7811.5953177257525, 7858.08695652174, 7904.5785953177265, 7951.070234113713, 7997.5618729097, 8044.053511705686, 8090.545150501673, 8137.036789297659, 8183.528428093646, 8230.020066889632, 8276.51170568562, 8323.003344481605, 8369.494983277593, 8415.986622073578, 8462.478260869566, 8508.969899665552, 8555.461538461539, 8601.953177257525, 8648.444816053512, 8694.9364548495, 8741.428093645485, 8787.919732441473, 8834.411371237458, 8880.903010033446, 8927.394648829431, 8973.886287625419, 9020.377926421404, 9066.869565217392, 9113.361204013378, 9159.852842809365, 9206.344481605352, 9252.836120401338, 9299.327759197326, 9345.819397993311, 9392.311036789299, 9438.802675585284, 9485.294314381272, 9531.785953177257, 9578.277591973245, 9624.76923076923, 9671.260869565218, 9717.752508361204, 9764.244147157191, 9810.735785953178, 9857.227424749164, 9903.719063545152, 9950.210702341137, 9996.702341137125, 10043.19397993311, 10089.685618729098, 10136.177257525083, 10182.66889632107, 10229.160535117056, 10275.652173913044, 10322.143812709031, 10368.635451505017, 10415.127090301005, 10461.61872909699, 10508.110367892978, 10554.602006688963, 10601.09364548495, 10647.585284280936, 10694.076923076924, 10740.56856187291, 10787.060200668897, 10833.551839464884, 10880.04347826087, 10926.535117056857, 10973.026755852843, 11019.51839464883, 11066.010033444816, 11112.501672240804, 11158.99331103679, 11205.484949832777, 11251.976588628762, 11298.46822742475, 11344.959866220735, 11391.451505016723, 11437.94314381271, 11484.434782608696, 11530.926421404683, 11577.418060200669, 11623.909698996657, 11670.401337792642, 11716.89297658863, 11763.384615384615, 11809.876254180603, 11856.367892976588, 11902.859531772576, 11949.351170568563, 11995.842809364549, 12042.334448160536, 12088.826086956522, 12135.31772575251, 12181.809364548495, 12228.301003344483, 12274.792642140468, 12321.284280936456, 12367.775919732441, 12414.267558528429, 12460.759197324416, 12507.250836120402, 12553.74247491639, 12600.234113712375, 12646.725752508362, 12693.217391304348, 12739.709030100335, 12786.200668896321, 12832.692307692309, 12879.183946488294, 12925.675585284282, 12972.167224080267, 13018.658862876255, 13065.150501672242, 13111.642140468228, 13158.133779264215, 13204.6254180602, 13251.117056856188, 13297.608695652174, 13344.100334448161, 13390.591973244147, 13437.083612040135, 13483.57525083612, 13530.066889632108, 13576.558528428095, 13623.05016722408, 13669.541806020068, 13716.033444816054, 13762.525083612041, 13809.016722408027, 13855.508361204014, 13902.0], "num_solved": 100, "cmc_vals": [0.0, 0.05, 0.08, 0.08, 0.08, 0.08, 0.09, 0.11, 0.11, 0.11, 0.11, 0.11, 0.11, 0.14, 0.16, 0.16, 0.16, 0.17, 0.18, 0.19, 0.21, 0.22, 0.22, 0.22, 0.22, 0.24, 0.25, 0.25, 0.25, 0.26, 0.26, 0.27, 0.28, 0.28, 0.28, 0.28, 0.28, 0.29, 0.29, 0.29, 0.3, 0.31, 0.32, 0.32, 0.32, 0.32, 0.32, 0.32, 0.32, 0.32, 0.33, 0.34, 0.36, 0.37, 0.37, 0.39, 0.39, 0.4, 0.41, 0.41, 0.41, 0.42, 0.42, 0.42, 0.42, 0.42, 0.42, 0.43, 0.43, 0.43, 0.43, 0.43, 0.43, 0.43, 0.44, 0.45, 0.46, 0.47, 0.48, 0.48, 0.48, 0.48, 0.48, 0.5, 0.5, 0.5, 0.5, 0.5, 0.5, 0.51, 0.53, 0.53, 0.53, 0.53, 0.53, 0.53, 0.53, 0.53, 0.53, 0.53, 0.54, 0.55, 0.56, 0.56, 0.57, 0.57, 0.58, 0.59, 0.61, 0.61, 0.61, 0.61, 0.61, 0.61, 0.63, 0.63, 0.63, 0.63, 0.63, 0.63, 0.64, 0.64, 0.64, 0.65, 0.65, 0.65, 0.65, 0.66, 0.67, 0.68, 0.68, 0.68, 0.69, 0.69, 0.69, 0.69, 0.69, 0.69, 0.7, 0.7, 0.7, 0.7, 0.7, 0.7, 0.7, 0.7, 0.71, 0.71, 0.72, 0.74, 0.75, 0.75, 0.75, 0.75, 0.75, 0.76, 0.76, 0.76, 0.76, 0.76, 0.76, 0.76, 0.76, 0.76, 0.77, 0.78, 0.78, 0.79, 0.8, 0.8, 0.8, 0.81, 0.82, 0.82, 0.82, 0.82, 0.82, 0.82, 0.82, 0.82, 0.82, 0.84, 0.84, 0.84, 0.84, 0.84, 0.84, 0.84, 0.84, 0.84, 0.84, 0.84, 0.84, 0.84, 0.84, 0.84, 0.85, 0.85, 0.86, 0.86, 0.86, 0.87, 0.87, 0.87, 0.88, 0.88, 0.88, 0.88, 0.89, 0.9, 0.9, 0.9, 0.91, 0.91, 0.92, 0.92, 0.92, 0.92, 0.92, 0.92, 0.92, 0.92, 0.92, 0.92, 0.92, 0.92, 0.92, 0.92, 0.92, 0.92, 0.92, 0.92, 0.93, 0.93, 0.93, 0.93, 0.93, 0.93, 0.93, 0.93, 0.94, 0.94, 0.95, 0.95, 0.95, 0.95, 0.95, 0.95, 0.95, 0.95, 0.95, 0.95, 0.95, 0.95, 0.95, 0.95, 0.95, 0.95, 0.95, 0.95, 0.95, 0.96, 0.96, 0.96, 0.96, 0.96, 0.96, 0.96, 0.96, 0.96, 0.96, 0.97, 0.97, 0.97, 0.97, 0.97, 0.97, 0.97, 0.97, 0.97, 0.97, 0.97, 0.97, 0.97, 0.97, 0.97, 0.97, 0.98, 0.98, 0.98, 0.98, 0.98, 0.98, 0.99, 0.99, 0.99, 0.99, 0.99, 0.99, 1.0]}