{"calc_counters": [8902.244186046511], "capture": "Scipy DE", "cmc_iters": [1.0, 64.29096989966555, 127.58193979933111, 190.87290969899666, 254.16387959866222, 317.4548494983278, 380.74581939799333, 444.03678929765886, 507.32775919732444, 570.61872909699, 633.9096989966556, 697.2006688963211, 760.4916387959867, 823.7826086956522, 887.0735785953177, 950.3645484949833, 1013.6555183946489, 1076.9464882943143, 1140.23745819398, 1203.5284280936455, 1266.8193979933112, 1330.1103678929767, 1393.4013377926422, 1456.6923076923078, 1519.9832775919733, 1583.2742474916388, 1646.5652173913045, 1709.85618729097, 1773.1471571906354, 1836.4381270903011, 1899.7290969899666, 1963.0200668896323, 2026.3110367892978, 2089.6020066889632, 2152.8929765886287, 2216.1839464882946, 2279.47491638796, 2342.7658862876256, 2406.056856187291, 2469.3478260869565, 2532.6387959866224, 2595.929765886288, 2659.2207357859534, 2722.511705685619, 2785.8026755852843, 2849.09364548495, 2912.3846153846157, 2975.675585284281, 3038.9665551839466, 3102.257525083612, 3165.5484949832776, 3228.8394648829435, 3292.130434782609, 3355.4214046822744, 3418.71237458194, 3482.0033444816054, 3545.294314381271, 3608.585284280937, 3671.8762541806022, 3735.1672240802677, 3798.458193979933, 3861.7491638795987, 3925.0401337792646, 3988.33110367893, 4051.6220735785955, 4114.913043478261, 4178.2040133779265, 4241.494983277592, 4304.785953177257, 4368.076923076923, 4431.367892976589, 4494.658862876255, 4557.94983277592, 4621.240802675586, 4684.531772575251, 4747.822742474917, 4811.113712374582, 4874.4046822742475, 4937.695652173913, 5000.9866220735785, 5064.277591973245, 5127.56856187291, 5190.859531772576, 5254.150501672241, 5317.441471571907, 5380.732441471572, 5444.023411371238, 5507.314381270903, 5570.605351170569, 5633.896321070234, 5697.1872909699, 5760.478260869566, 5823.769230769231, 5887.060200668897, 5950.351170568562, 6013.642140468228, 6076.933110367893, 6140.224080267559, 6203.515050167224, 6266.80602006689, 6330.096989966555, 6393.387959866221, 6456.678929765887, 6519.9698996655525, 6583.260869565218, 6646.551839464883, 6709.842809364549, 6773.133779264214, 6836.42474916388, 6899.715719063545, 6963.006688963211, 7026.297658862876, 7089.588628762542, 7152.879598662208, 7216.170568561874, 7279.461538461539, 7342.7525083612045, 7406.04347826087, 7469.334448160535, 7532.625418060201, 7595.916387959866, 7659.207357859532, 7722.498327759197, 7785.789297658864, 7849.080267558529, 7912.371237458195, 7975.66220735786, 8038.953177257526, 8102.244147157191, 8165.5351170568565, 8228.826086956522, 8292.117056856188, 8355.408026755853, 8418.69899665552, 8481.989966555184, 8545.28093645485, 8608.571906354515, 8671.862876254181, 8735.153846153846, 8798.444816053512, 8861.735785953178, 8925.026755852843, 8988.31772575251, 9051.608695652174, 9114.89966555184, 9178.190635451505, 9241.481605351171, 9304.772575250836, 9368.063545150502, 9431.354515050167, 9494.645484949833, 9557.9364548495, 9621.227424749164, 9684.51839464883, 9747.809364548495, 9811.100334448161, 9874.391304347826, 9937.682274247492, 10000.973244147157, 10064.264214046823, 10127.55518394649, 10190.846153846154, 10254.13712374582, 10317.428093645485, 10380.719063545152, 10444.010033444816, 10507.301003344483, 10570.591973244147, 10633.882943143813, 10697.173913043478, 10760.464882943144, 10823.75585284281, 10887.046822742475, 10950.337792642142, 11013.628762541806, 11076.919732441473, 11140.210702341137, 11203.501672240804, 11266.792642140468, 11330.083612040135, 11393.3745819398, 11456.665551839465, 11519.956521739132, 11583.247491638796, 11646.538461538463, 11709.829431438127, 11773.120401337794, 11836.411371237458, 11899.702341137125, 11962.99331103679, 12026.284280936456, 12089.57525083612, 12152.866220735787, 12216.157190635453, 12279.448160535117, 12342.739130434784, 12406.030100334448, 12469.321070234115, 12532.61204013378, 12595.903010033446, 12659.19397993311, 12722.484949832777, 12785.775919732441, 12849.066889632108, 12912.357859531774, 12975.648829431439, 13038.939799331105, 13102.23076923077, 13165.521739130436, 13228.8127090301, 13292.103678929767, 13355.394648829431, 13418.685618729098, 13481.976588628762, 13545.267558528429, 13608.558528428095, 13671.84949832776, 13735.140468227426, 13798.43143812709, 13861.722408026757, 13925.013377926422, 13988.304347826088, 14051.595317725752, 14114.886287625419, 14178.177257525083, 14241.46822742475, 14304.759197324416, 14368.05016722408, 14431.341137123747, 14494.632107023412, 14557.923076923078, 14621.214046822743, 14684.505016722409, 14747.795986622074, 14811.08695652174, 14874.377926421406, 14937.66889632107, 15000.959866220737, 15064.250836120402, 15127.541806020068, 15190.832775919733, 15254.1237458194, 15317.414715719064, 15380.70568561873, 15443.996655518395, 15507.287625418061, 15570.578595317727, 15633.869565217392, 15697.160535117058, 15760.451505016723, 15823.74247491639, 15887.033444816054, 15950.32441471572, 16013.615384615385, 16076.906354515051, 16140.197324414716, 16203.488294314382, 16266.779264214048, 16330.070234113713, 16393.361204013378, 16456.652173913044, 16519.94314381271, 16583.234113712377, 16646.52508361204, 16709.816053511706, 16773.107023411372, 16836.39799331104, 16899.688963210705, 16962.979933110368, 17026.270903010034, 17089.5618729097, 17152.852842809367, 17216.14381270903, 17279.434782608696, 17342.725752508362, 17406.01672240803, 17469.30769230769, 17532.598662207358, 17595.889632107024, 17659.18060200669, 17722.471571906357, 17785.76254180602, 17849.053511705686, 17912.344481605352, 17975.63545150502, 18038.92642140468, 18102.217391304348, 18165.508361204014, 18228.79933110368, 18292.090301003347, 18355.38127090301, 18418.672240802676, 18481.963210702343, 18545.25418060201, 18608.54515050167, 18671.836120401338, 18735.127090301005, 18798.41806020067, 18861.709030100334, 18925.0], "num_solved": 86, "cmc_vals": [0.0, 0.0, 0.0, 0.0, 0.0, 0.0, 0.0, 0.0, 0.0, 0.0, 0.0, 0.0, 0.0, 0.0, 0.0, 0.0, 0.0, 0.0, 0.0, 0.0, 0.0, 0.0, 0.0, 0.01, 0.01, 0.01, 0.01, 0.01, 0.01, 0.01, 0.01, 0.01, 0.01, 0.02, 0.02, 0.02, 0.02, 0.02, 0.02, 0.02, 0.02, 0.02, 0.02, 0.02, 0.02, 0.02, 0.02, 0.03, 0.03, 0.03, 0.03, 0.03, 0.03, 0.03, 0.03, 0.03, 0.04, 0.04, 0.04, 0.04, 0.04, 0.04, 0.05, 0.06, 0.06, 0.06, 0.06, 0.06, 0.07, 0.07, 0.07, 0.07, 0.07, 0.08, 0.08, 0.08, 0.08, 0.08, 0.08, 0.09, 0.09, 0.09, 0.09, 0.1, 0.1, 0.1, 0.11, 0.12, 0.12, 0.14, 0.14, 0.14, 0.14, 0.14, 0.14, 0.14, 0.14, 0.14, 0.14, 0.14, 0.15, 0.15, 0.15, 0.15, 0.15, 0.16, 0.18, 0.19, 0.2, 0.22, 0.22, 0.22, 0.22, 0.23, 0.23, 0.23, 0.23, 0.24, 0.24, 0.24, 0.25, 0.26, 0.26, 0.28, 0.28, 0.29, 0.3, 0.3, 0.3, 0.31, 0.31, 0.31, 0.33, 0.33, 0.33, 0.33, 0.34, 0.34, 0.35, 0.36, 0.36, 0.39, 0.4, 0.4, 0.4, 0.41, 0.42, 0.45, 0.47, 0.47, 0.48, 0.48, 0.48, 0.49, 0.49, 0.5, 0.53, 0.55, 0.56, 0.58, 0.58, 0.58, 0.58, 0.58, 0.59, 0.6, 0.61, 0.61, 0.62, 0.63, 0.63, 0.64, 0.65, 0.65, 0.66, 0.67, 0.67, 0.67, 0.67, 0.68, 0.69, 0.69, 0.7, 0.71, 0.72, 0.72, 0.73, 0.73, 0.73, 0.75, 0.75, 0.75, 0.75, 0.77, 0.77, 0.78, 0.78, 0.78, 0.79, 0.8, 0.82, 0.82, 0.83, 0.83, 0.83, 0.83, 0.83, 0.83, 0.83, 0.83, 0.83, 0.83, 0.83, 0.83, 0.83, 0.83, 0.84, 0.84, 0.84, 0.84, 0.85, 0.85, 0.85, 0.85, 0.85, 0.85, 0.85, 0.85, 0.85, 0.85, 0.85, 0.85, 0.85, 0.85, 0.85, 0.85, 0.85, 0.85, 0.85, 0.85, 0.85, 0.85, 0.85, 0.85, 0.85, 0.85, 0.85, 0.85, 0.85, 0.85, 0.85, 0.85, 0.85, 0.85, 0.85, 0.86, 0.86, 0.86, 0.86, 0.86, 0.86, 0.86, 0.86, 0.86, 0.86, 0.86, 0.86, 0.86, 0.86, 0.86, 0.86, 0.86, 0.86, 0.86, 0.86, 0.86, 0.86, 0.86, 0.86, 0.86, 0.86, 0.86, 0.86, 0.86, 0.86, 0.86, 0.86, 0.86, 0.86, 0.86, 0.86, 0.86, 0.86, 0.86, 0.86, 0.86, 0.86, 0.86, 0.86, 0.86]}