{"calc_counters": [2706.516853932584], "capture": "SDA", "cmc_iters": [1.0, 51.35451505016722, 101.70903010033445, 152.06354515050168, 202.4180602006689, 252.7725752508361, 303.12709030100336, 353.4816053511706, 403.8361204013378, 454.190635451505, 504.5451505016722, 554.8996655518395, 605.2541806020067, 655.6086956521739, 705.9632107023411, 756.3177257525083, 806.6722408026756, 857.0267558528428, 907.38127090301, 957.7357859531772, 1008.0903010033444, 1058.4448160535117, 1108.799331103679, 1159.1538461538462, 1209.5083612040135, 1259.8628762541805, 1310.2173913043478, 1360.571906354515, 1410.9264214046823, 1461.2809364548496, 1511.6354515050166, 1561.9899665551839, 1612.3444816053511, 1662.6989966555184, 1713.0535117056857, 1763.4080267558527, 1813.76254180602, 1864.1170568561872, 1914.4715719063545, 1964.8260869565217, 2015.1806020066888, 2065.535117056856, 2115.8896321070233, 2166.2441471571906, 2216.598662207358, 2266.953177257525, 2317.3076923076924, 2367.6622073578596, 2418.016722408027, 2468.3712374581937, 2518.725752508361, 2569.0802675585282, 2619.4347826086955, 2669.789297658863, 2720.14381270903, 2770.4983277591973, 2820.8528428093646, 2871.207357859532, 2921.561872909699, 2971.916387959866, 3022.270903010033, 3072.6254180602004, 3122.9799331103677, 3173.334448160535, 3223.6889632107022, 3274.0434782608695, 3324.3979933110368, 3374.752508361204, 3425.1070234113713, 3475.4615384615386, 3525.8160535117054, 3576.1705685618726, 3626.52508361204, 3676.879598662207, 3727.2341137123744, 3777.5886287625417, 3827.943143812709, 3878.2976588628762, 3928.6521739130435, 3979.0066889632108, 4029.3612040133776, 4079.715719063545, 4130.070234113712, 4180.42474916388, 4230.779264214047, 4281.133779264214, 4331.488294314381, 4381.842809364548, 4432.197324414716, 4482.5518394648825, 4532.90635451505, 4583.260869565217, 4633.615384615385, 4683.969899665552, 4734.324414715719, 4784.678929765886, 4835.033444816054, 4885.387959866221, 4935.742474916387, 4986.096989966555, 5036.451505016722, 5086.80602006689, 5137.1605351170565, 5187.515050167224, 5237.869565217391, 5288.224080267559, 5338.578595317726, 5388.933110367892, 5439.28762541806, 5489.642140468227, 5539.996655518395, 5590.351170568561, 5640.705685618729, 5691.060200668896, 5741.414715719064, 5791.7692307692305, 5842.123745819398, 5892.478260869565, 5942.832775919732, 5993.1872909699, 6043.541806020066, 6093.896321070234, 6144.250836120401, 6194.605351170569, 6244.959866220735, 6295.314381270903, 6345.66889632107, 6396.023411371238, 6446.3779264214045, 6496.732441471571, 6547.086956521739, 6597.441471571906, 6647.7959866220735, 6698.15050167224, 6748.505016722408, 6798.859531772575, 6849.214046822743, 6899.568561872909, 6949.923076923077, 7000.277591973244, 7050.632107023411, 7100.9866220735785, 7151.341137123745, 7201.695652173913, 7252.05016722408, 7302.4046822742475, 7352.759197324414, 7403.113712374582, 7453.468227424749, 7503.822742474917, 7554.177257525083, 7604.53177257525, 7654.886287625418, 7705.240802675585, 7755.5953177257525, 7805.949832775919, 7856.304347826087, 7906.658862876254, 7957.0133779264215, 8007.367892976588, 8057.722408026755, 8108.076923076923, 8158.43143812709, 8208.785953177257, 8259.140468227424, 8309.494983277591, 8359.84949832776, 8410.204013377926, 8460.558528428093, 8510.91304347826, 8561.267558528429, 8611.622073578596, 8661.976588628762, 8712.33110367893, 8762.685618729096, 8813.040133779265, 8863.394648829431, 8913.749163879598, 8964.103678929765, 9014.458193979934, 9064.8127090301, 9115.167224080267, 9165.521739130434, 9215.8762541806, 9266.23076923077, 9316.585284280936, 9366.939799331103, 9417.29431438127, 9467.648829431439, 9518.003344481605, 9568.357859531772, 9618.712374581939, 9669.066889632108, 9719.421404682274, 9769.775919732441, 9820.130434782608, 9870.484949832775, 9920.839464882944, 9971.19397993311, 10021.548494983277, 10071.903010033444, 10122.257525083613, 10172.61204013378, 10222.966555183946, 10273.321070234113, 10323.67558528428, 10374.030100334448, 10424.384615384615, 10474.739130434782, 10525.093645484949, 10575.448160535117, 10625.802675585284, 10676.157190635451, 10726.511705685618, 10776.866220735785, 10827.220735785953, 10877.57525083612, 10927.929765886287, 10978.284280936454, 11028.638795986622, 11078.99331103679, 11129.347826086956, 11179.702341137123, 11230.056856187291, 11280.411371237458, 11330.765886287625, 11381.120401337792, 11431.474916387959, 11481.829431438127, 11532.183946488294, 11582.538461538461, 11632.892976588628, 11683.247491638796, 11733.602006688963, 11783.95652173913, 11834.311036789297, 11884.665551839464, 11935.020066889632, 11985.3745819398, 12035.729096989966, 12086.083612040133, 12136.438127090301, 12186.792642140468, 12237.147157190635, 12287.501672240802, 12337.85618729097, 12388.210702341137, 12438.565217391304, 12488.91973244147, 12539.274247491638, 12589.628762541806, 12639.983277591973, 12690.33779264214, 12740.692307692307, 12791.046822742475, 12841.401337792642, 12891.755852842809, 12942.110367892976, 12992.464882943143, 13042.819397993311, 13093.173913043478, 13143.528428093645, 13193.882943143812, 13244.23745819398, 13294.591973244147, 13344.946488294314, 13395.30100334448, 13445.655518394648, 13496.010033444816, 13546.364548494983, 13596.71906354515, 13647.073578595317, 13697.428093645485, 13747.782608695652, 13798.137123745819, 13848.491638795986, 13898.846153846154, 13949.200668896321, 13999.555183946488, 14049.909698996655, 14100.264214046822, 14150.61872909699, 14200.973244147157, 14251.327759197324, 14301.68227424749, 14352.03678929766, 14402.391304347826, 14452.745819397993, 14503.10033444816, 14553.454849498326, 14603.809364548495, 14654.163879598662, 14704.518394648829, 14754.872909698995, 14805.227424749164, 14855.581939799331, 14905.936454849498, 14956.290969899665, 15006.645484949833, 15057.0], "num_solved": 89, "cmc_vals": [0.0, 0.0, 0.04, 0.07, 0.08, 0.11, 0.16, 0.23, 0.28, 0.32, 0.36, 0.39, 0.42, 0.43, 0.45, 0.45, 0.46, 0.46, 0.46, 0.46, 0.48, 0.48, 0.48, 0.49, 0.49, 0.49, 0.49, 0.5, 0.51, 0.51, 0.52, 0.52, 0.52, 0.53, 0.53, 0.54, 0.55, 0.56, 0.58, 0.58, 0.58, 0.58, 0.58, 0.58, 0.58, 0.59, 0.59, 0.61, 0.61, 0.61, 0.61, 0.61, 0.62, 0.62, 0.62, 0.62, 0.62, 0.62, 0.62, 0.62, 0.62, 0.62, 0.62, 0.62, 0.62, 0.62, 0.63, 0.63, 0.64, 0.64, 0.64, 0.64, 0.64, 0.64, 0.64, 0.64, 0.64, 0.64, 0.65, 0.65, 0.65, 0.65, 0.65, 0.65, 0.65, 0.65, 0.65, 0.65, 0.65, 0.65, 0.65, 0.65, 0.65, 0.66, 0.66, 0.66, 0.66, 0.66, 0.66, 0.66, 0.66, 0.66, 0.66, 0.66, 0.66, 0.66, 0.67, 0.67, 0.67, 0.68, 0.68, 0.68, 0.68, 0.69, 0.7, 0.72, 0.73, 0.73, 0.73, 0.73, 0.73, 0.74, 0.74, 0.74, 0.74, 0.75, 0.75, 0.75, 0.75, 0.75, 0.75, 0.77, 0.77, 0.78, 0.79, 0.79, 0.79, 0.79, 0.79, 0.79, 0.79, 0.79, 0.8, 0.8, 0.8, 0.8, 0.8, 0.8, 0.8, 0.8, 0.81, 0.81, 0.81, 0.81, 0.81, 0.81, 0.81, 0.81, 0.81, 0.81, 0.81, 0.81, 0.81, 0.81, 0.81, 0.81, 0.81, 0.82, 0.82, 0.82, 0.82, 0.82, 0.82, 0.82, 0.82, 0.82, 0.82, 0.82, 0.82, 0.82, 0.82, 0.82, 0.82, 0.82, 0.82, 0.82, 0.82, 0.82, 0.82, 0.82, 0.82, 0.82, 0.82, 0.82, 0.82, 0.82, 0.82, 0.82, 0.82, 0.82, 0.82, 0.82, 0.82, 0.82, 0.82, 0.82, 0.82, 0.82, 0.82, 0.82, 0.82, 0.82, 0.82, 0.82, 0.82, 0.82, 0.82, 0.82, 0.82, 0.82, 0.83, 0.83, 0.83, 0.84, 0.84, 0.86, 0.87, 0.87, 0.87, 0.87, 0.87, 0.87, 0.87, 0.87, 0.88, 0.88, 0.89, 0.89, 0.89, 0.89, 0.89, 0.89, 0.89, 0.89, 0.89, 0.89, 0.89, 0.89, 0.89, 0.89, 0.89, 0.89, 0.89, 0.89, 0.89, 0.89, 0.89, 0.89, 0.89, 0.89, 0.89, 0.89, 0.89, 0.89, 0.89, 0.89, 0.89, 0.89, 0.89, 0.89, 0.89, 0.89, 0.89, 0.89, 0.89, 0.89, 0.89, 0.89, 0.89, 0.89, 0.89, 0.89, 0.89, 0.89, 0.89, 0.89, 0.89, 0.89, 0.89, 0.89, 0.89, 0.89, 0.89, 0.89, 0.89, 0.89, 0.89, 0.89, 0.89, 0.89]}