{"calc_counters": [7732.650793650793], "capture": "StoGO", "cmc_iters": [1.0, 101.33444816053512, 201.66889632107024, 302.0033444816054, 402.33779264214047, 502.67224080267556, 603.0066889632108, 703.3411371237459, 803.6755852842809, 904.010033444816, 1004.3444816053511, 1104.6789297658863, 1205.0133779264215, 1305.3478260869565, 1405.6822742474917, 1506.0167224080267, 1606.3511705685619, 1706.685618729097, 1807.020066889632, 1907.3545150501673, 2007.6889632107022, 2108.0234113712377, 2208.3578595317726, 2308.6923076923076, 2409.026755852843, 2509.361204013378, 2609.695652173913, 2710.030100334448, 2810.3645484949834, 2910.6989966555184, 3011.0334448160534, 3111.367892976589, 3211.7023411371238, 3312.0367892976587, 3412.371237458194, 3512.705685618729, 3613.040133779264, 3713.3745819397996, 3813.7090301003345, 3914.0434782608695, 4014.3779264214045, 4114.71237458194, 4215.046822742475, 4315.38127090301, 4415.715719063545, 4516.050167224081, 4616.384615384615, 4716.719063545151, 4817.053511705686, 4917.387959866221, 5017.722408026756, 5118.056856187291, 5218.391304347826, 5318.725752508361, 5419.060200668896, 5519.394648829431, 5619.729096989967, 5720.063545150501, 5820.397993311037, 5920.732441471572, 6021.066889632107, 6121.401337792642, 6221.735785953178, 6322.070234113712, 6422.4046822742475, 6522.739130434783, 6623.0735785953175, 6723.408026755853, 6823.742474916388, 6924.076923076923, 7024.411371237458, 7124.745819397994, 7225.080267558528, 7325.414715719064, 7425.749163879599, 7526.083612040134, 7626.418060200669, 7726.7525083612045, 7827.086956521739, 7927.421404682274, 8027.755852842809, 8128.090301003344, 8228.42474916388, 8328.759197324414, 8429.09364548495, 8529.428093645485, 8629.76254180602, 8730.096989966556, 8830.43143812709, 8930.765886287625, 9031.100334448161, 9131.434782608696, 9231.76923076923, 9332.103678929767, 9432.438127090301, 9532.772575250836, 9633.107023411372, 9733.441471571907, 9833.775919732441, 9934.110367892976, 10034.444816053512, 10134.779264214047, 10235.113712374581, 10335.448160535117, 10435.782608695652, 10536.117056856187, 10636.451505016723, 10736.785953177257, 10837.120401337792, 10937.454849498328, 11037.789297658863, 11138.123745819397, 11238.458193979934, 11338.792642140468, 11439.127090301003, 11539.461538461539, 11639.795986622074, 11740.130434782608, 11840.464882943144, 11940.799331103679, 12041.133779264213, 12141.46822742475, 12241.802675585284, 12342.137123745819, 12442.471571906355, 12542.80602006689, 12643.140468227424, 12743.47491638796, 12843.809364548495, 12944.14381270903, 13044.478260869566, 13144.8127090301, 13245.147157190635, 13345.481605351171, 13445.816053511706, 13546.15050167224, 13646.484949832777, 13746.819397993311, 13847.153846153846, 13947.488294314382, 14047.822742474917, 14148.157190635451, 14248.491638795987, 14348.826086956522, 14449.160535117056, 14549.494983277593, 14649.829431438127, 14750.163879598662, 14850.498327759198, 14950.832775919733, 15051.167224080267, 15151.501672240804, 15251.836120401338, 15352.170568561873, 15452.505016722409, 15552.839464882944, 15653.173913043478, 15753.508361204014, 15853.842809364549, 15954.177257525083, 16054.511705685618, 16154.846153846154, 16255.180602006689, 16355.515050167223, 16455.84949832776, 16556.183946488294, 16656.51839464883, 16756.852842809363, 16857.1872909699, 16957.521739130436, 17057.85618729097, 17158.190635451505, 17258.52508361204, 17358.859531772574, 17459.193979933112, 17559.528428093647, 17659.86287625418, 17760.197324414716, 17860.53177257525, 17960.866220735785, 18061.200668896323, 18161.535117056857, 18261.869565217392, 18362.204013377926, 18462.53846153846, 18562.872909698995, 18663.207357859534, 18763.541806020068, 18863.876254180603, 18964.210702341137, 19064.54515050167, 19164.879598662206, 19265.214046822744, 19365.54849498328, 19465.882943143813, 19566.217391304348, 19666.551839464883, 19766.886287625417, 19867.22073578595, 19967.55518394649, 20067.889632107024, 20168.22408026756, 20268.558528428093, 20368.892976588628, 20469.227424749162, 20569.5618729097, 20669.896321070235, 20770.23076923077, 20870.565217391304, 20970.89966555184, 21071.234113712373, 21171.56856187291, 21271.903010033446, 21372.23745819398, 21472.571906354515, 21572.90635451505, 21673.240802675584, 21773.575250836122, 21873.909698996657, 21974.24414715719, 22074.578595317726, 22174.91304347826, 22275.247491638795, 22375.581939799333, 22475.916387959867, 22576.2508361204, 22676.585284280936, 22776.91973244147, 22877.254180602005, 22977.588628762544, 23077.923076923078, 23178.257525083613, 23278.591973244147, 23378.92642140468, 23479.260869565216, 23579.595317725754, 23679.92976588629, 23780.264214046823, 23880.598662207358, 23980.933110367892, 24081.267558528427, 24181.602006688965, 24281.9364548495, 24382.270903010034, 24482.60535117057, 24582.939799331103, 24683.274247491638, 24783.608695652176, 24883.94314381271, 24984.277591973245, 25084.61204013378, 25184.946488294314, 25285.28093645485, 25385.615384615387, 25485.94983277592, 25586.284280936456, 25686.61872909699, 25786.953177257525, 25887.28762541806, 25987.622073578594, 26087.956521739132, 26188.290969899666, 26288.6254180602, 26388.959866220735, 26489.29431438127, 26589.628762541804, 26689.963210702343, 26790.297658862877, 26890.63210702341, 26990.966555183946, 27091.30100334448, 27191.635451505015, 27291.969899665553, 27392.304347826088, 27492.638795986622, 27592.973244147157, 27693.30769230769, 27793.642140468226, 27893.976588628764, 27994.3110367893, 28094.645484949833, 28194.979933110368, 28295.314381270902, 28395.648829431437, 28495.983277591975, 28596.31772575251, 28696.652173913044, 28796.98662207358, 28897.321070234113, 28997.655518394648, 29097.989966555186, 29198.32441471572, 29298.658862876255, 29398.99331103679, 29499.327759197324, 29599.66220735786, 29699.996655518396, 29800.33110367893, 29900.665551839465, 30001.0], "num_solved": 63, "cmc_vals": [0.0, 0.01, 0.02, 0.03, 0.05, 0.07, 0.07, 0.08, 0.09, 0.12, 0.14, 0.16, 0.17, 0.18, 0.21, 0.22, 0.23, 0.23, 0.24, 0.25, 0.25, 0.25, 0.25, 0.25, 0.25, 0.25, 0.26, 0.27, 0.28, 0.28, 0.28, 0.28, 0.28, 0.29, 0.29, 0.3, 0.31, 0.32, 0.32, 0.32, 0.33, 0.33, 0.33, 0.34, 0.34, 0.34, 0.34, 0.34, 0.34, 0.34, 0.34, 0.34, 0.34, 0.35, 0.35, 0.35, 0.35, 0.35, 0.36, 0.36, 0.36, 0.36, 0.36, 0.36, 0.36, 0.36, 0.36, 0.37, 0.37, 0.37, 0.37, 0.37, 0.39, 0.39, 0.39, 0.39, 0.39, 0.39, 0.39, 0.39, 0.39, 0.39, 0.39, 0.39, 0.39, 0.39, 0.4, 0.4, 0.4, 0.4, 0.4, 0.4, 0.41, 0.41, 0.41, 0.41, 0.41, 0.41, 0.41, 0.41, 0.41, 0.43, 0.43, 0.43, 0.44, 0.44, 0.44, 0.44, 0.44, 0.44, 0.45, 0.45, 0.45, 0.46, 0.46, 0.46, 0.46, 0.46, 0.46, 0.46, 0.46, 0.46, 0.46, 0.46, 0.46, 0.46, 0.46, 0.47, 0.48, 0.49, 0.49, 0.49, 0.49, 0.49, 0.49, 0.49, 0.49, 0.49, 0.49, 0.49, 0.49, 0.49, 0.49, 0.49, 0.5, 0.5, 0.5, 0.5, 0.5, 0.5, 0.5, 0.5, 0.5, 0.5, 0.51, 0.51, 0.51, 0.51, 0.51, 0.51, 0.51, 0.51, 0.51, 0.51, 0.51, 0.51, 0.51, 0.51, 0.51, 0.51, 0.51, 0.51, 0.52, 0.52, 0.52, 0.52, 0.52, 0.52, 0.52, 0.52, 0.52, 0.52, 0.53, 0.53, 0.54, 0.54, 0.54, 0.54, 0.54, 0.54, 0.54, 0.54, 0.54, 0.54, 0.54, 0.54, 0.54, 0.54, 0.54, 0.54, 0.54, 0.55, 0.55, 0.55, 0.55, 0.55, 0.55, 0.55, 0.56, 0.56, 0.56, 0.56, 0.56, 0.56, 0.57, 0.57, 0.57, 0.57, 0.57, 0.57, 0.57, 0.57, 0.57, 0.57, 0.57, 0.57, 0.57, 0.57, 0.58, 0.58, 0.58, 0.58, 0.58, 0.59, 0.59, 0.59, 0.59, 0.6, 0.6, 0.6, 0.6, 0.6, 0.6, 0.6, 0.6, 0.6, 0.61, 0.61, 0.61, 0.61, 0.61, 0.61, 0.61, 0.61, 0.61, 0.61, 0.61, 0.61, 0.61, 0.62, 0.62, 0.62, 0.63, 0.63, 0.63, 0.63, 0.63, 0.63, 0.63, 0.63, 0.63, 0.63, 0.63, 0.63, 0.63, 0.63, 0.63, 0.63, 0.63, 0.63, 0.63, 0.63, 0.63, 0.63, 0.63, 0.63, 0.63, 0.63, 0.63, 0.63, 0.63, 0.63, 0.63, 0.63, 0.63, 0.63, 0.63, 0.63, 0.63, 0.63]}