{"calc_counters": [3636.12], "capture": "AGS", "cmc_iters": [1.0, 60.63879598662207, 120.27759197324414, 179.9163879598662, 239.55518394648828, 299.19397993311037, 358.8327759197324, 418.4715719063545, 478.11036789297657, 537.7491638795987, 597.3879598662207, 657.0267558528428, 716.6655518394648, 776.3043478260869, 835.943143812709, 895.581939799331, 955.2207357859531, 1014.8595317725752, 1074.4983277591973, 1134.1371237458193, 1193.7759197324415, 1253.4147157190635, 1313.0535117056857, 1372.6923076923076, 1432.3311036789296, 1491.9698996655518, 1551.6086956521738, 1611.247491638796, 1670.886287625418, 1730.5250836120401, 1790.163879598662, 1849.8026755852843, 1909.4414715719063, 1969.0802675585282, 2028.7190635451504, 2088.3578595317726, 2147.9966555183946, 2207.6354515050166, 2267.2742474916386, 2326.913043478261, 2386.551839464883, 2446.190635451505, 2505.829431438127, 2565.468227424749, 2625.1070234113713, 2684.7458193979933, 2744.3846153846152, 2804.023411371237, 2863.662207357859, 2923.3010033444816, 2982.9397993311036, 3042.5785953177256, 3102.2173913043475, 3161.85618729097, 3221.494983277592, 3281.133779264214, 3340.772575250836, 3400.411371237458, 3460.0501672240803, 3519.6889632107022, 3579.327759197324, 3638.966555183946, 3698.6053511705686, 3758.2441471571906, 3817.8829431438126, 3877.5217391304345, 3937.1605351170565, 3996.799331103679, 4056.438127090301, 4116.076923076923, 4175.715719063545, 4235.354515050167, 4294.993311036789, 4354.632107023411, 4414.270903010033, 4473.909698996656, 4533.548494983277, 4593.1872909699, 4652.826086956522, 4712.4648829431435, 4772.103678929766, 4831.742474916387, 4891.38127090301, 4951.020066889632, 5010.658862876254, 5070.297658862876, 5129.936454849498, 5189.57525083612, 5249.214046822743, 5308.852842809364, 5368.491638795987, 5428.130434782608, 5487.7692307692305, 5547.408026755853, 5607.046822742474, 5666.685618729097, 5726.324414715718, 5785.963210702341, 5845.602006688963, 5905.240802675585, 5964.879598662207, 6024.51839464883, 6084.157190635451, 6143.7959866220735, 6203.434782608695, 6263.0735785953175, 6322.71237458194, 6382.351170568561, 6441.989966555184, 6501.628762541805, 6561.267558528428, 6620.90635451505, 6680.545150501672, 6740.183946488294, 6799.822742474916, 6859.461538461538, 6919.1003344481605, 6978.739130434782, 7038.3779264214045, 7098.016722408027, 7157.655518394648, 7217.294314381271, 7276.933110367892, 7336.571906354515, 7396.210702341137, 7455.849498327759, 7515.488294314381, 7575.127090301003, 7634.765886287625, 7694.4046822742475, 7754.043478260869, 7813.6822742474915, 7873.321070234113, 7932.959866220735, 7992.598662207358, 8052.237458193979, 8111.876254180602, 8171.515050167223, 8231.153846153846, 8290.792642140468, 8350.43143812709, 8410.070234113711, 8469.709030100334, 8529.347826086956, 8588.986622073578, 8648.6254180602, 8708.264214046822, 8767.903010033444, 8827.541806020066, 8887.180602006689, 8946.819397993311, 9006.458193979934, 9066.096989966554, 9125.735785953177, 9185.3745819398, 9245.013377926422, 9304.652173913044, 9364.290969899665, 9423.929765886287, 9483.56856187291, 9543.207357859532, 9602.846153846154, 9662.484949832775, 9722.123745819397, 9781.76254180602, 9841.401337792642, 9901.040133779265, 9960.678929765885, 10020.317725752508, 10079.95652173913, 10139.595317725752, 10199.234113712375, 10258.872909698995, 10318.511705685618, 10378.15050167224, 10437.789297658863, 10497.428093645485, 10557.066889632106, 10616.705685618728, 10676.34448160535, 10735.983277591973, 10795.622073578596, 10855.260869565216, 10914.899665551839, 10974.538461538461, 11034.177257525083, 11093.816053511706, 11153.454849498326, 11213.093645484949, 11272.732441471571, 11332.371237458194, 11392.010033444816, 11451.648829431437, 11511.28762541806, 11570.926421404682, 11630.565217391304, 11690.204013377926, 11749.842809364549, 11809.48160535117, 11869.120401337792, 11928.759197324414, 11988.397993311037, 12048.03678929766, 12107.67558528428, 12167.314381270902, 12226.953177257525, 12286.591973244147, 12346.23076923077, 12405.86956521739, 12465.508361204013, 12525.147157190635, 12584.785953177257, 12644.42474916388, 12704.0635451505, 12763.702341137123, 12823.341137123745, 12882.979933110368, 12942.61872909699, 13002.25752508361, 13061.896321070233, 13121.535117056856, 13181.173913043478, 13240.8127090301, 13300.451505016721, 13360.090301003343, 13419.729096989966, 13479.367892976588, 13539.00668896321, 13598.645484949831, 13658.284280936454, 13717.923076923076, 13777.561872909699, 13837.200668896321, 13896.839464882942, 13956.478260869564, 14016.117056856187, 14075.755852842809, 14135.394648829431, 14195.033444816054, 14254.672240802674, 14314.311036789297, 14373.94983277592, 14433.588628762542, 14493.227424749164, 14552.866220735785, 14612.505016722407, 14672.14381270903, 14731.782608695652, 14791.421404682274, 14851.060200668895, 14910.698996655517, 14970.33779264214, 15029.976588628762, 15089.615384615385, 15149.254180602005, 15208.892976588628, 15268.53177257525, 15328.170568561873, 15387.809364548495, 15447.448160535116, 15507.086956521738, 15566.72575250836, 15626.364548494983, 15686.003344481605, 15745.642140468226, 15805.280936454848, 15864.91973244147, 15924.558528428093, 15984.197324414716, 16043.836120401336, 16103.474916387959, 16163.113712374581, 16222.752508361204, 16282.391304347826, 16342.030100334447, 16401.66889632107, 16461.30769230769, 16520.946488294314, 16580.585284280936, 16640.22408026756, 16699.86287625418, 16759.501672240804, 16819.140468227422, 16878.779264214045, 16938.418060200667, 16998.05685618729, 17057.695652173912, 17117.334448160535, 17176.973244147157, 17236.61204013378, 17296.2508361204, 17355.889632107024, 17415.528428093643, 17475.167224080265, 17534.806020066888, 17594.44481605351, 17654.083612040133, 17713.722408026755, 17773.361204013378, 17833.0], "num_solved": 100, "cmc_vals": [0.0, 0.0, 0.0, 0.0, 0.0, 0.01, 0.01, 0.01, 0.02, 0.03, 0.04, 0.04, 0.04, 0.05, 0.06, 0.07, 0.1, 0.1, 0.1, 0.11, 0.11, 0.11, 0.14, 0.15, 0.15, 0.15, 0.17, 0.18, 0.21, 0.26, 0.27, 0.28, 0.29, 0.31, 0.32, 0.32, 0.34, 0.38, 0.39, 0.39, 0.4, 0.42, 0.43, 0.46, 0.46, 0.47, 0.49, 0.49, 0.49, 0.51, 0.51, 0.52, 0.53, 0.53, 0.55, 0.57, 0.57, 0.57, 0.57, 0.59, 0.59, 0.59, 0.59, 0.6, 0.62, 0.63, 0.67, 0.67, 0.67, 0.67, 0.67, 0.67, 0.68, 0.69, 0.69, 0.69, 0.71, 0.71, 0.74, 0.74, 0.75, 0.75, 0.75, 0.75, 0.76, 0.78, 0.79, 0.8, 0.81, 0.82, 0.82, 0.83, 0.83, 0.83, 0.84, 0.84, 0.85, 0.86, 0.86, 0.86, 0.86, 0.87, 0.88, 0.88, 0.88, 0.88, 0.89, 0.89, 0.9, 0.9, 0.9, 0.9, 0.9, 0.9, 0.92, 0.92, 0.92, 0.92, 0.92, 0.92, 0.92, 0.92, 0.92, 0.93, 0.93, 0.93, 0.93, 0.93, 0.93, 0.93, 0.93, 0.94, 0.94, 0.94, 0.94, 0.94, 0.94, 0.94, 0.94, 0.94, 0.94, 0.94, 0.94, 0.94, 0.94, 0.94, 0.94, 0.94, 0.94, 0.94, 0.94, 0.95, 0.95, 0.96, 0.96, 0.96, 0.96, 0.96, 0.96, 0.96, 0.96, 0.96, 0.96, 0.96, 0.96, 0.96, 0.96, 0.96, 0.96, 0.97, 0.97, 0.97, 0.97, 0.97, 0.97, 0.97, 0.97, 0.97, 0.97, 0.97, 0.97, 0.97, 0.97, 0.97, 0.97, 0.97, 0.98, 0.98, 0.98, 0.98, 0.98, 0.98, 0.98, 0.98, 0.98, 0.98, 0.98, 0.98, 0.98, 0.98, 0.98, 0.98, 0.98, 0.98, 0.98, 0.98, 0.98, 0.98, 0.98, 0.98, 0.98, 0.98, 0.98, 0.98, 0.98, 0.98, 0.98, 0.98, 0.98, 0.98, 0.99, 0.99, 0.99, 0.99, 0.99, 0.99, 0.99, 0.99, 0.99, 0.99, 0.99, 0.99, 0.99, 0.99, 0.99, 0.99, 0.99, 0.99, 0.99, 0.99, 0.99, 0.99, 0.99, 0.99, 0.99, 0.99, 0.99, 0.99, 0.99, 0.99, 0.99, 0.99, 0.99, 0.99, 0.99, 0.99, 0.99, 0.99, 0.99, 0.99, 0.99, 0.99, 0.99, 0.99, 0.99, 0.99, 0.99, 0.99, 0.99, 0.99, 0.99, 0.99, 0.99, 0.99, 0.99, 0.99, 0.99, 0.99, 0.99, 0.99, 0.99, 0.99, 0.99, 0.99, 0.99, 0.99, 0.99, 0.99, 0.99, 0.99, 0.99, 0.99, 0.99, 0.99, 0.99, 0.99, 0.99, 0.99, 0.99, 1.0]}