{"calc_counters": [7843.232558139535], "capture": "StoGO", "cmc_iters": [1.0, 84.61204013377926, 168.22408026755852, 251.83612040133778, 335.44816053511704, 419.0602006688963, 502.67224080267556, 586.2842809364548, 669.8963210702341, 753.5083612040133, 837.1204013377926, 920.7324414715719, 1004.3444816053511, 1087.9565217391305, 1171.5685618729096, 1255.1806020066888, 1338.7926421404682, 1422.4046822742475, 1506.0167224080267, 1589.6287625418058, 1673.2408026755852, 1756.8528428093646, 1840.4648829431437, 1924.0769230769229, 2007.6889632107022, 2091.3010033444816, 2174.913043478261, 2258.52508361204, 2342.1371237458193, 2425.7491638795987, 2509.3612040133776, 2592.973244147157, 2676.5852842809363, 2760.1973244147157, 2843.809364548495, 2927.421404682274, 3011.0334448160534, 3094.6454849498327, 3178.2575250836117, 3261.869565217391, 3345.4816053511704, 3429.09364548495, 3512.705685618729, 3596.317725752508, 3679.9297658862874, 3763.541806020067, 3847.1538461538457, 3930.765886287625, 4014.3779264214045, 4097.989966555184, 4181.602006688963, 4265.214046822743, 4348.826086956522, 4432.4381270903, 4516.05016722408, 4599.662207357859, 4683.274247491639, 4766.886287625418, 4850.498327759197, 4934.110367892977, 5017.722408026755, 5101.3344481605345, 5184.946488294314, 5268.558528428093, 5352.170568561873, 5435.782608695652, 5519.394648829431, 5603.006688963211, 5686.61872909699, 5770.230769230769, 5853.842809364548, 5937.454849498327, 6021.066889632107, 6104.678929765886, 6188.2909698996655, 6271.903010033445, 6355.515050167223, 6439.127090301003, 6522.739130434782, 6606.351170568561, 6689.963210702341, 6773.57525083612, 6857.1872909699, 6940.799331103679, 7024.411371237458, 7108.023411371237, 7191.635451505016, 7275.2474916387955, 7358.859531772575, 7442.471571906354, 7526.083612040134, 7609.695652173913, 7693.3076923076915, 7776.919732441471, 7860.53177257525, 7944.14381270903, 8027.755852842809, 8111.367892976588, 8194.979933110368, 8278.591973244147, 8362.204013377926, 8445.816053511706, 8529.428093645485, 8613.040133779265, 8696.652173913044, 8780.264214046822, 8863.8762541806, 8947.48829431438, 9031.10033444816, 9114.712374581939, 9198.324414715718, 9281.936454849498, 9365.548494983277, 9449.160535117056, 9532.772575250836, 9616.384615384615, 9699.996655518395, 9783.608695652174, 9867.220735785953, 9950.832775919733, 10034.44481605351, 10118.05685618729, 10201.668896321069, 10285.280936454848, 10368.892976588628, 10452.505016722407, 10536.117056856187, 10619.729096989966, 10703.341137123745, 10786.953177257525, 10870.565217391304, 10954.177257525083, 11037.789297658863, 11121.401337792642, 11205.013377926422, 11288.6254180602, 11372.23745819398, 11455.849498327758, 11539.461538461537, 11623.073578595317, 11706.685618729096, 11790.297658862875, 11873.909698996655, 11957.521739130434, 12041.133779264213, 12124.745819397993, 12208.357859531772, 12291.969899665552, 12375.581939799331, 12459.19397993311, 12542.80602006689, 12626.418060200669, 12710.030100334447, 12793.642140468226, 12877.254180602005, 12960.866220735785, 13044.478260869564, 13128.090301003343, 13211.702341137123, 13295.314381270902, 13378.926421404682, 13462.538461538461, 13546.15050167224, 13629.76254180602, 13713.3745819398, 13796.986622073578, 13880.598662207358, 13964.210702341137, 14047.822742474917, 14131.434782608694, 14215.046822742474, 14298.658862876253, 14382.270903010032, 14465.882943143812, 14549.494983277591, 14633.10702341137, 14716.71906354515, 14800.33110367893, 14883.943143812709, 14967.555183946488, 15051.167224080267, 15134.779264214047, 15218.391304347826, 15302.003344481605, 15385.615384615383, 15469.227424749162, 15552.839464882942, 15636.451505016721, 15720.0635451505, 15803.67558528428, 15887.28762541806, 15970.899665551839, 16054.511705685618, 16138.123745819397, 16221.735785953177, 16305.347826086956, 16388.959866220735, 16472.571906354515, 16556.183946488294, 16639.795986622074, 16723.408026755853, 16807.020066889632, 16890.63210702341, 16974.24414715719, 17057.85618729097, 17141.46822742475, 17225.08026755853, 17308.69230769231, 17392.304347826088, 17475.916387959864, 17559.528428093643, 17643.140468227422, 17726.7525083612, 17810.36454849498, 17893.97658862876, 17977.58862876254, 18061.20066889632, 18144.8127090301, 18228.424749163878, 18312.036789297657, 18395.648829431437, 18479.260869565216, 18562.872909698995, 18646.484949832775, 18730.096989966554, 18813.709030100334, 18897.321070234113, 18980.933110367892, 19064.54515050167, 19148.15719063545, 19231.76923076923, 19315.38127090301, 19398.99331103679, 19482.60535117057, 19566.217391304348, 19649.829431438127, 19733.441471571907, 19817.053511705686, 19900.665551839465, 19984.277591973245, 20067.88963210702, 20151.5016722408, 20235.11371237458, 20318.72575250836, 20402.337792642138, 20485.949832775917, 20569.561872909697, 20653.173913043476, 20736.785953177256, 20820.397993311035, 20904.010033444814, 20987.622073578594, 21071.234113712373, 21154.846153846152, 21238.458193979932, 21322.07023411371, 21405.68227424749, 21489.29431438127, 21572.90635451505, 21656.51839464883, 21740.130434782608, 21823.742474916387, 21907.354515050167, 21990.966555183946, 22074.578595317726, 22158.190635451505, 22241.802675585284, 22325.414715719064, 22409.026755852843, 22492.638795986622, 22576.2508361204, 22659.86287625418, 22743.47491638796, 22827.086956521736, 22910.698996655516, 22994.311036789295, 23077.923076923074, 23161.535117056854, 23245.147157190633, 23328.759197324413, 23412.371237458192, 23495.98327759197, 23579.59531772575, 23663.20735785953, 23746.81939799331, 23830.43143812709, 23914.043478260868, 23997.655518394648, 24081.267558528427, 24164.879598662206, 24248.491638795986, 24332.103678929765, 24415.715719063544, 24499.327759197324, 24582.939799331103, 24666.551839464883, 24750.163879598662, 24833.77591973244, 24917.38795986622, 25001.0], "num_solved": 43, "cmc_vals": [0.0, 0.0, 0.0, 0.0, 0.0, 0.02, 0.02, 0.02, 0.02, 0.03, 0.04, 0.05, 0.05, 0.05, 0.05, 0.06, 0.06, 0.06, 0.06, 0.06, 0.07, 0.08, 0.08, 0.09, 0.09, 0.12, 0.13, 0.13, 0.13, 0.13, 0.13, 0.14, 0.14, 0.14, 0.15, 0.15, 0.15, 0.15, 0.15, 0.15, 0.15, 0.15, 0.16, 0.16, 0.16, 0.16, 0.16, 0.16, 0.16, 0.16, 0.16, 0.16, 0.16, 0.16, 0.16, 0.16, 0.16, 0.16, 0.16, 0.16, 0.17, 0.17, 0.17, 0.17, 0.17, 0.17, 0.17, 0.17, 0.17, 0.17, 0.17, 0.17, 0.17, 0.17, 0.19, 0.19, 0.19, 0.19, 0.19, 0.19, 0.19, 0.19, 0.19, 0.19, 0.19, 0.2, 0.2, 0.21, 0.21, 0.21, 0.21, 0.21, 0.21, 0.21, 0.21, 0.21, 0.21, 0.21, 0.21, 0.22, 0.23, 0.23, 0.23, 0.23, 0.24, 0.24, 0.24, 0.24, 0.24, 0.25, 0.25, 0.25, 0.25, 0.27, 0.27, 0.27, 0.27, 0.27, 0.28, 0.28, 0.28, 0.28, 0.28, 0.28, 0.29, 0.29, 0.29, 0.29, 0.29, 0.29, 0.29, 0.3, 0.3, 0.31, 0.31, 0.31, 0.31, 0.31, 0.31, 0.33, 0.33, 0.33, 0.33, 0.33, 0.33, 0.33, 0.33, 0.33, 0.33, 0.33, 0.33, 0.33, 0.33, 0.33, 0.33, 0.34, 0.34, 0.34, 0.35, 0.35, 0.37, 0.37, 0.37, 0.37, 0.37, 0.37, 0.37, 0.37, 0.37, 0.37, 0.37, 0.37, 0.37, 0.37, 0.37, 0.38, 0.38, 0.38, 0.38, 0.38, 0.38, 0.38, 0.39, 0.39, 0.39, 0.39, 0.39, 0.39, 0.39, 0.39, 0.39, 0.39, 0.4, 0.4, 0.4, 0.4, 0.4, 0.4, 0.4, 0.4, 0.4, 0.4, 0.4, 0.4, 0.4, 0.4, 0.41, 0.41, 0.41, 0.41, 0.41, 0.41, 0.41, 0.41, 0.41, 0.41, 0.41, 0.41, 0.41, 0.41, 0.41, 0.41, 0.41, 0.41, 0.41, 0.41, 0.41, 0.41, 0.41, 0.41, 0.41, 0.41, 0.41, 0.41, 0.41, 0.41, 0.41, 0.41, 0.41, 0.41, 0.41, 0.41, 0.41, 0.41, 0.41, 0.41, 0.41, 0.41, 0.41, 0.41, 0.41, 0.41, 0.41, 0.41, 0.41, 0.42, 0.42, 0.42, 0.42, 0.42, 0.42, 0.42, 0.42, 0.42, 0.42, 0.42, 0.42, 0.42, 0.42, 0.42, 0.42, 0.42, 0.42, 0.42, 0.42, 0.42, 0.42, 0.42, 0.42, 0.42, 0.42, 0.42, 0.43, 0.43, 0.43, 0.43, 0.43, 0.43, 0.43, 0.43, 0.43, 0.43, 0.43, 0.43, 0.43, 0.43, 0.43, 0.43, 0.43, 0.43]}