{"calc_counters": [54536.84], "capture": "AGS", "cmc_iters": [1.0, 757.0936454849499, 1513.1872909698998, 2269.28093645485, 3025.3745819397996, 3781.4682274247493, 4537.5618729097, 5293.655518394649, 6049.749163879599, 6805.842809364549, 7561.936454849499, 8318.030100334448, 9074.1237458194, 9830.217391304348, 10586.311036789299, 11342.404682274248, 12098.498327759198, 12854.591973244149, 13610.685618729098, 14366.779264214048, 15122.872909698997, 15878.966555183948, 16635.060200668897, 17391.153846153848, 18147.2474916388, 18903.34113712375, 19659.434782608696, 20415.528428093647, 21171.622073578597, 21927.715719063548, 22683.809364548495, 23439.903010033446, 24195.996655518396, 24952.090301003347, 25708.183946488298, 26464.277591973245, 27220.371237458196, 27976.464882943146, 28732.558528428097, 29488.652173913044, 30244.745819397995, 31000.839464882945, 31756.933110367896, 32513.026755852847, 33269.120401337794, 34025.214046822744, 34781.307692307695, 35537.401337792646, 36293.4949832776, 37049.58862876255, 37805.6822742475, 38561.77591973244, 39317.86956521739, 40073.96321070234, 40830.05685618729, 41586.150501672244, 42342.244147157195, 43098.337792642145, 43854.431438127096, 44610.52508361205, 45366.61872909699, 46122.71237458194, 46878.80602006689, 47634.89966555184, 48390.99331103679, 49147.08695652174, 49903.180602006694, 50659.274247491645, 51415.367892976596, 52171.46153846154, 52927.55518394649, 53683.64882943144, 54439.74247491639, 55195.83612040134, 55951.92976588629, 56708.02341137124, 57464.117056856194, 58220.210702341144, 58976.30434782609, 59732.39799331104, 60488.49163879599, 61244.58528428094, 62000.67892976589, 62756.77257525084, 63512.86622073579, 64268.95986622074, 65025.05351170569, 65781.14715719064, 66537.24080267559, 67293.33444816055, 68049.42809364549, 68805.52173913045, 69561.61538461539, 70317.70903010033, 71073.80267558529, 71829.89632107023, 72585.9899665552, 73342.08361204014, 74098.1772575251, 74854.27090301004, 75610.364548495, 76366.45819397994, 77122.55183946488, 77878.64548494984, 78634.73913043478, 79390.83277591974, 80146.92642140469, 80903.02006688964, 81659.11371237459, 82415.20735785954, 83171.30100334449, 83927.39464882943, 84683.48829431439, 85439.58193979933, 86195.67558528429, 86951.76923076923, 87707.86287625419, 88463.95652173914, 89220.0501672241, 89976.14381270904, 90732.23745819398, 91488.33110367894, 92244.42474916388, 93000.51839464884, 93756.61204013378, 94512.70568561874, 95268.79933110368, 96024.89297658864, 96780.98662207359, 97537.08026755853, 98293.17391304349, 99049.26755852843, 99805.36120401339, 100561.45484949833, 101317.54849498329, 102073.64214046823, 102829.73578595319, 103585.82943143813, 104341.92307692308, 105098.01672240804, 105854.11036789298, 106610.20401337794, 107366.29765886288, 108122.39130434784, 108878.48494983278, 109634.57859531774, 110390.67224080268, 111146.76588628763, 111902.85953177258, 112658.95317725753, 113415.04682274249, 114171.14046822743, 114927.23411371239, 115683.32775919733, 116439.42140468229, 117195.51505016723, 117951.60869565218, 118707.70234113713, 119463.79598662208, 120219.88963210704, 120975.98327759198, 121732.07692307694, 122488.17056856188, 123244.26421404684, 124000.35785953178, 124756.45150501672, 125512.54515050168, 126268.63879598663, 127024.73244147158, 127780.82608695653, 128536.91973244149, 129293.01337792643, 130049.10702341139, 130805.20066889633, 131561.2943143813, 132317.38795986623, 133073.48160535117, 133829.57525083612, 134585.6688963211, 135341.76254180603, 136097.85618729098, 136853.94983277592, 137610.0434782609, 138366.13712374584, 139122.23076923078, 139878.32441471572, 140634.41806020067, 141390.51170568564, 142146.60535117058, 142902.69899665553, 143658.79264214047, 144414.88628762544, 145170.9799331104, 145927.07357859533, 146683.16722408027, 147439.26086956522, 148195.3545150502, 148951.44816053513, 149707.54180602008, 150463.63545150502, 151219.72909699, 151975.82274247493, 152731.91638795988, 153488.01003344482, 154244.10367892977, 155000.19732441474, 155756.29096989968, 156512.38461538462, 157268.47826086957, 158024.57190635454, 158780.66555183948, 159536.75919732443, 160292.85284280937, 161048.9464882943, 161805.0401337793, 162561.13377926423, 163317.22742474917, 164073.32107023412, 164829.4147157191, 165585.50836120403, 166341.60200668898, 167097.69565217392, 167853.78929765886, 168609.88294314384, 169365.97658862878, 170122.07023411372, 170878.16387959867, 171634.25752508364, 172390.35117056858, 173146.44481605352, 173902.53846153847, 174658.6321070234, 175414.72575250838, 176170.81939799333, 176926.91304347827, 177683.0066889632, 178439.1003344482, 179195.19397993313, 179951.28762541807, 180707.38127090302, 181463.47491638796, 182219.56856187293, 182975.66220735788, 183731.75585284282, 184487.84949832776, 185243.94314381274, 186000.03678929768, 186756.13043478262, 187512.22408026757, 188268.3177257525, 189024.41137123748, 189780.50501672243, 190536.59866220737, 191292.6923076923, 192048.78595317728, 192804.87959866223, 193560.97324414717, 194317.06688963211, 195073.16053511706, 195829.25418060203, 196585.34782608697, 197341.44147157192, 198097.53511705686, 198853.62876254183, 199609.72240802678, 200365.81605351172, 201121.90969899666, 201878.0033444816, 202634.09698996658, 203390.19063545152, 204146.28428093647, 204902.3779264214, 205658.47157190638, 206414.56521739133, 207170.65886287627, 207926.7525083612, 208682.84615384616, 209438.93979933113, 210195.03344481607, 210951.12709030102, 211707.22073578596, 212463.31438127093, 213219.40802675587, 213975.50167224082, 214731.59531772576, 215487.6889632107, 216243.78260869568, 216999.87625418062, 217755.96989966556, 218512.0635451505, 219268.15719063548, 220024.25083612042, 220780.34448160537, 221536.4381270903, 222292.53177257525, 223048.62541806023, 223804.71906354517, 224560.8127090301, 225316.90635451506, 226073.0], "num_solved": 100, "cmc_vals": [0.0, 0.0, 0.0, 0.0, 0.0, 0.0, 0.0, 0.0, 0.0, 0.0, 0.01, 0.01, 0.01, 0.01, 0.02, 0.04, 0.04, 0.05, 0.05, 0.07, 0.09, 0.1, 0.13, 0.13, 0.13, 0.13, 0.14, 0.15, 0.15, 0.16, 0.2, 0.2, 0.21, 0.21, 0.22, 0.23, 0.25, 0.25, 0.29, 0.32, 0.33, 0.35, 0.35, 0.36, 0.36, 0.38, 0.39, 0.41, 0.42, 0.43, 0.44, 0.44, 0.44, 0.44, 0.46, 0.46, 0.47, 0.49, 0.5, 0.52, 0.53, 0.53, 0.55, 0.56, 0.56, 0.59, 0.59, 0.59, 0.59, 0.6, 0.61, 0.62, 0.62, 0.63, 0.63, 0.65, 0.65, 0.66, 0.68, 0.68, 0.69, 0.7, 0.7, 0.7, 0.71, 0.71, 0.71, 0.73, 0.73, 0.74, 0.74, 0.75, 0.75, 0.76, 0.76, 0.76, 0.76, 0.78, 0.78, 0.78, 0.78, 0.79, 0.79, 0.79, 0.8, 0.8, 0.8, 0.8, 0.8, 0.8, 0.8, 0.8, 0.82, 0.82, 0.84, 0.84, 0.84, 0.84, 0.84, 0.85, 0.85, 0.85, 0.85, 0.86, 0.86, 0.86, 0.87, 0.87, 0.87, 0.88, 0.88, 0.88, 0.88, 0.88, 0.88, 0.91, 0.92, 0.92, 0.92, 0.92, 0.92, 0.92, 0.92, 0.92, 0.92, 0.92, 0.92, 0.92, 0.92, 0.92, 0.93, 0.93, 0.93, 0.93, 0.93, 0.93, 0.93, 0.93, 0.93, 0.93, 0.93, 0.93, 0.93, 0.93, 0.93, 0.93, 0.93, 0.93, 0.93, 0.93, 0.93, 0.93, 0.93, 0.93, 0.93, 0.93, 0.93, 0.94, 0.94, 0.94, 0.94, 0.94, 0.94, 0.94, 0.95, 0.95, 0.95, 0.95, 0.95, 0.95, 0.95, 0.95, 0.95, 0.95, 0.95, 0.95, 0.96, 0.96, 0.96, 0.96, 0.96, 0.96, 0.96, 0.96, 0.96, 0.96, 0.96, 0.96, 0.96, 0.96, 0.96, 0.96, 0.96, 0.96, 0.96, 0.96, 0.96, 0.96, 0.96, 0.96, 0.96, 0.96, 0.96, 0.96, 0.96, 0.96, 0.97, 0.97, 0.97, 0.98, 0.98, 0.98, 0.98, 0.98, 0.98, 0.98, 0.99, 0.99, 0.99, 0.99, 0.99, 0.99, 0.99, 0.99, 0.99, 0.99, 0.99, 0.99, 0.99, 0.99, 0.99, 0.99, 0.99, 0.99, 0.99, 0.99, 0.99, 0.99, 0.99, 0.99, 0.99, 0.99, 0.99, 0.99, 0.99, 0.99, 0.99, 0.99, 0.99, 0.99, 0.99, 0.99, 0.99, 0.99, 0.99, 0.99, 0.99, 0.99, 0.99, 0.99, 0.99, 0.99, 0.99, 0.99, 0.99, 0.99, 0.99, 0.99, 0.99, 0.99, 0.99, 0.99, 0.99, 0.99, 0.99, 0.99, 0.99, 0.99, 0.99, 1.0]}