{"calc_counters": [54489.9175257732], "capture": "DIRECTl", "cmc_iters": [1.0, 837.1638795986622, 1673.3277591973244, 2509.4916387959865, 3345.655518394649, 4181.819397993311, 5017.983277591973, 5854.147157190636, 6690.311036789298, 7526.47491638796, 8362.638795986622, 9198.802675585284, 10034.966555183946, 10871.130434782608, 11707.294314381272, 12543.458193979934, 13379.622073578596, 14215.785953177257, 15051.94983277592, 15888.113712374583, 16724.277591973245, 17560.441471571907, 18396.60535117057, 19232.76923076923, 20068.933110367892, 20905.096989966554, 21741.260869565216, 22577.42474916388, 23413.588628762544, 24249.752508361205, 25085.916387959867, 25922.08026755853, 26758.24414715719, 27594.408026755853, 28430.571906354515, 29266.735785953177, 30102.89966555184, 30939.0635451505, 31775.227424749166, 32611.391304347828, 33447.55518394649, 34283.71906354515, 35119.88294314381, 35956.04682274248, 36792.21070234114, 37628.3745819398, 38464.53846153846, 39300.70234113713, 40136.866220735785, 40973.03010033445, 41809.19397993311, 42645.357859531774, 43481.52173913043, 44317.6856187291, 45153.84949832776, 45990.01337792642, 46826.17725752509, 47662.341137123745, 48498.50501672241, 49334.66889632107, 50170.832775919735, 51006.99665551839, 51843.16053511706, 52679.32441471572, 53515.48829431438, 54351.65217391305, 55187.816053511706, 56023.97993311037, 56860.14381270903, 57696.307692307695, 58532.47157190635, 59368.63545150502, 60204.79933110368, 61040.96321070234, 61877.127090301, 62713.29096989967, 63549.45484949833, 64385.61872909699, 65221.782608695656, 66057.94648829431, 66894.11036789298, 67730.27424749164, 68566.4381270903, 69402.60200668896, 70238.76588628763, 71074.92976588629, 71911.09364548496, 72747.25752508361, 73583.42140468227, 74419.58528428094, 75255.7491638796, 76091.91304347826, 76928.07692307692, 77764.24080267559, 78600.40468227425, 79436.5685618729, 80272.73244147157, 81108.89632107023, 81945.0602006689, 82781.22408026757, 83617.38795986622, 84453.55183946488, 85289.71571906355, 86125.87959866221, 86962.04347826086, 87798.20735785953, 88634.3712374582, 89470.53511705686, 90306.69899665553, 91142.86287625418, 91979.02675585284, 92815.19063545151, 93651.35451505017, 94487.51839464883, 95323.68227424749, 96159.84615384616, 96996.01003344482, 97832.17391304347, 98668.33779264214, 99504.5016722408, 100340.66555183947, 101176.82943143813, 102012.99331103679, 102849.15719063545, 103685.32107023412, 104521.48494983278, 105357.64882943143, 106193.8127090301, 107029.97658862876, 107866.14046822743, 108702.3043478261, 109538.46822742475, 110374.63210702341, 111210.79598662208, 112046.95986622074, 112883.1237458194, 113719.28762541806, 114555.45150501672, 115391.61538461539, 116227.77926421406, 117063.9431438127, 117900.10702341137, 118736.27090301004, 119572.4347826087, 120408.59866220735, 121244.76254180602, 122080.92642140469, 122917.09030100335, 123753.254180602, 124589.41806020067, 125425.58193979933, 126261.745819398, 127097.90969899666, 127934.07357859531, 128770.23745819398, 129606.40133779265, 130442.56521739131, 131278.72909698996, 132114.89297658863, 132951.0568561873, 133787.22073578596, 134623.38461538462, 135459.5484949833, 136295.71237458196, 137131.8762541806, 137968.04013377926, 138804.20401337792, 139640.3678929766, 140476.53177257525, 141312.69565217392, 142148.85953177258, 142985.02341137125, 143821.18729096992, 144657.35117056855, 145493.51505016722, 146329.67892976588, 147165.84280936455, 148002.0066889632, 148838.17056856188, 149674.33444816055, 150510.4983277592, 151346.66220735785, 152182.8260869565, 153018.98996655518, 153855.15384615384, 154691.3177257525, 155527.48160535117, 156363.64548494984, 157199.8093645485, 158035.97324414717, 158872.1371237458, 159708.30100334447, 160544.46488294314, 161380.6287625418, 162216.79264214047, 163052.95652173914, 163889.1204013378, 164725.28428093647, 165561.44816053513, 166397.61204013377, 167233.77591973243, 168069.9397993311, 168906.10367892977, 169742.26755852843, 170578.4314381271, 171414.59531772576, 172250.75919732443, 173086.9230769231, 173923.08695652173, 174759.2508361204, 175595.41471571906, 176431.57859531773, 177267.7424749164, 178103.90635451506, 178940.07023411372, 179776.2341137124, 180612.39799331105, 181448.5618729097, 182284.72575250836, 183120.88963210702, 183957.0535117057, 184793.21739130435, 185629.38127090302, 186465.54515050168, 187301.70903010035, 188137.872909699, 188974.03678929765, 189810.20066889632, 190646.36454849498, 191482.52842809365, 192318.6923076923, 193154.85618729098, 193991.02006688964, 194827.1839464883, 195663.34782608695, 196499.5117056856, 197335.67558528428, 198171.83946488294, 199008.0033444816, 199844.16722408027, 200680.33110367894, 201516.4949832776, 202352.65886287627, 203188.8227424749, 204024.98662207357, 204861.15050167224, 205697.3143812709, 206533.47826086957, 207369.64214046823, 208205.8060200669, 209041.96989966556, 209878.13377926423, 210714.29765886287, 211550.46153846153, 212386.6254180602, 213222.78929765886, 214058.95317725753, 214895.1170568562, 215731.28093645486, 216567.44481605352, 217403.6086956522, 218239.77257525083, 219075.9364548495, 219912.10033444816, 220748.26421404682, 221584.4280936455, 222420.59197324415, 223256.75585284282, 224092.91973244149, 224929.08361204015, 225765.2474916388, 226601.41137123745, 227437.57525083612, 228273.73913043478, 229109.90301003345, 229946.06688963211, 230782.23076923078, 231618.39464882945, 232454.5585284281, 233290.72240802675, 234126.8862876254, 234963.05016722408, 235799.21404682274, 236635.3779264214, 237471.54180602008, 238307.70568561874, 239143.8695652174, 239980.03344481604, 240816.1973244147, 241652.36120401337, 242488.52508361204, 243324.6889632107, 244160.85284280937, 244997.01672240804, 245833.1806020067, 246669.34448160537, 247505.508361204, 248341.67224080267, 249177.83612040133, 250014.0], "num_solved": 97, "cmc_vals": [0.0, 0.0, 0.01, 0.1, 0.15, 0.2, 0.23, 0.28, 0.31, 0.34, 0.35, 0.36, 0.39, 0.39, 0.39, 0.4, 0.4, 0.41, 0.41, 0.41, 0.41, 0.42, 0.44, 0.44, 0.45, 0.46, 0.46, 0.46, 0.47, 0.47, 0.47, 0.48, 0.49, 0.49, 0.49, 0.49, 0.51, 0.51, 0.52, 0.52, 0.52, 0.52, 0.52, 0.53, 0.53, 0.56, 0.57, 0.57, 0.58, 0.58, 0.59, 0.6, 0.6, 0.6, 0.6, 0.6, 0.6, 0.6, 0.6, 0.6, 0.6, 0.6, 0.61, 0.61, 0.61, 0.62, 0.62, 0.63, 0.64, 0.65, 0.65, 0.65, 0.65, 0.66, 0.66, 0.66, 0.66, 0.66, 0.66, 0.66, 0.66, 0.66, 0.66, 0.67, 0.67, 0.67, 0.67, 0.68, 0.68, 0.68, 0.68, 0.69, 0.69, 0.69, 0.7, 0.7, 0.7, 0.7, 0.71, 0.71, 0.71, 0.71, 0.71, 0.71, 0.71, 0.71, 0.71, 0.71, 0.72, 0.73, 0.73, 0.73, 0.74, 0.74, 0.74, 0.74, 0.74, 0.75, 0.76, 0.76, 0.76, 0.76, 0.77, 0.77, 0.77, 0.77, 0.78, 0.78, 0.78, 0.78, 0.79, 0.79, 0.79, 0.79, 0.79, 0.79, 0.79, 0.79, 0.8, 0.81, 0.81, 0.81, 0.81, 0.81, 0.81, 0.81, 0.81, 0.81, 0.81, 0.81, 0.82, 0.82, 0.83, 0.83, 0.83, 0.83, 0.83, 0.83, 0.83, 0.83, 0.83, 0.83, 0.83, 0.83, 0.83, 0.83, 0.83, 0.83, 0.83, 0.83, 0.83, 0.85, 0.86, 0.87, 0.87, 0.87, 0.87, 0.87, 0.87, 0.87, 0.87, 0.87, 0.87, 0.87, 0.87, 0.87, 0.87, 0.87, 0.87, 0.87, 0.87, 0.87, 0.87, 0.87, 0.87, 0.87, 0.87, 0.87, 0.88, 0.88, 0.88, 0.88, 0.89, 0.89, 0.89, 0.89, 0.9, 0.9, 0.9, 0.9, 0.9, 0.9, 0.9, 0.9, 0.9, 0.91, 0.91, 0.91, 0.91, 0.91, 0.91, 0.91, 0.91, 0.91, 0.91, 0.92, 0.92, 0.92, 0.92, 0.93, 0.93, 0.93, 0.93, 0.93, 0.93, 0.93, 0.93, 0.93, 0.93, 0.93, 0.93, 0.93, 0.93, 0.93, 0.93, 0.93, 0.94, 0.94, 0.94, 0.94, 0.94, 0.94, 0.94, 0.94, 0.94, 0.94, 0.94, 0.94, 0.94, 0.94, 0.94, 0.94, 0.95, 0.95, 0.95, 0.95, 0.95, 0.95, 0.95, 0.95, 0.95, 0.95, 0.95, 0.95, 0.95, 0.95, 0.95, 0.95, 0.95, 0.96, 0.96, 0.96, 0.96, 0.96, 0.96, 0.96, 0.97, 0.97, 0.97, 0.97, 0.97, 0.97, 0.97, 0.97, 0.97, 0.97, 0.97, 0.97, 0.97, 0.97]}