{"calc_counters": [23204.383838383837], "capture": "DIRECT", "cmc_iters": [1.0, 837.2909698996656, 1673.5819397993312, 2509.872909698997, 3346.1638795986623, 4182.454849498328, 5018.745819397994, 5855.036789297659, 6691.327759197325, 7527.61872909699, 8363.909698996657, 9200.200668896321, 10036.491638795987, 10872.782608695652, 11709.073578595318, 12545.364548494983, 13381.65551839465, 14217.946488294316, 15054.23745819398, 15890.528428093647, 16726.819397993313, 17563.110367892976, 18399.401337792642, 19235.69230769231, 20071.983277591975, 20908.27424749164, 21744.565217391304, 22580.85618729097, 23417.147157190637, 24253.438127090303, 25089.729096989966, 25926.020066889632, 26762.3110367893, 27598.602006688965, 28434.89297658863, 29271.183946488294, 30107.47491638796, 30943.765886287627, 31780.056856187293, 32616.347826086956, 33452.638795986626, 34288.92976588629, 35125.22073578595, 35961.51170568562, 36797.802675585284, 37634.09364548495, 38470.38461538462, 39306.67558528428, 40142.96655518395, 40979.257525083616, 41815.54849498328, 42651.83946488294, 43488.13043478261, 44324.421404682274, 45160.71237458194, 45997.00334448161, 46833.29431438127, 47669.58528428094, 48505.876254180606, 49342.16722408027, 50178.45819397993, 51014.7491638796, 51851.040133779265, 52687.33110367893, 53523.6220735786, 54359.913043478264, 55196.20401337793, 56032.4949832776, 56868.78595317726, 57705.07692307692, 58541.36789297659, 59377.658862876255, 60213.94983277592, 61050.24080267559, 61886.531772575254, 62722.82274247492, 63559.11371237459, 64395.40468227425, 65231.69565217391, 66067.98662207359, 66904.27759197325, 67740.56856187292, 68576.85953177258, 69413.15050167224, 70249.4414715719, 71085.73244147157, 71922.02341137124, 72758.3143812709, 73594.60535117057, 74430.89632107023, 75267.1872909699, 76103.47826086957, 76939.76923076923, 77776.0602006689, 78612.35117056857, 79448.64214046823, 80284.9331103679, 81121.22408026757, 81957.51505016723, 82793.8060200669, 83630.09698996657, 84466.38795986622, 85302.67892976588, 86138.96989966555, 86975.26086956522, 87811.55183946488, 88647.84280936455, 89484.13377926422, 90320.42474916388, 91156.71571906355, 91993.00668896321, 92829.29765886288, 93665.58862876255, 94501.87959866221, 95338.17056856188, 96174.46153846155, 97010.75250836121, 97847.04347826088, 98683.33444816055, 99519.6254180602, 100355.91638795986, 101192.20735785953, 102028.4983277592, 102864.78929765886, 103701.08026755853, 104537.3712374582, 105373.66220735786, 106209.95317725753, 107046.2441471572, 107882.53511705686, 108718.82608695653, 109555.1170568562, 110391.40802675586, 111227.69899665553, 112063.9899665552, 112900.28093645486, 113736.57190635453, 114572.86287625419, 115409.15384615384, 116245.44481605351, 117081.73578595318, 117918.02675585284, 118754.31772575251, 119590.60869565218, 120426.89966555184, 121263.19063545151, 122099.48160535117, 122935.77257525084, 123772.06354515051, 124608.35451505017, 125444.64548494984, 126280.9364548495, 127117.22742474917, 127953.51839464884, 128789.8093645485, 129626.10033444817, 130462.39130434782, 131298.6822742475, 132134.97324414717, 132971.26421404682, 133807.5551839465, 134643.84615384616, 135480.13712374584, 136316.4280936455, 137152.71906354517, 137989.01003344482, 138825.30100334447, 139661.59197324415, 140497.8829431438, 141334.1739130435, 142170.46488294314, 143006.75585284282, 143843.04682274247, 144679.33779264215, 145515.6287625418, 146351.91973244149, 147188.21070234114, 148024.50167224082, 148860.79264214047, 149697.08361204015, 150533.3745819398, 151369.66555183948, 152205.95652173914, 153042.2474916388, 153878.53846153847, 154714.82943143812, 155551.1204013378, 156387.41137123745, 157223.70234113713, 158059.9933110368, 158896.28428093647, 159732.57525083612, 160568.8662207358, 161405.15719063545, 162241.44816053513, 163077.73913043478, 163914.03010033446, 164750.32107023412, 165586.6120401338, 166422.90301003345, 167259.19397993313, 168095.48494983278, 168931.77591973243, 169768.06688963211, 170604.35785953177, 171440.64882943145, 172276.9397993311, 173113.23076923078, 173949.52173913043, 174785.8127090301, 175622.10367892977, 176458.39464882945, 177294.6856187291, 178130.97658862878, 178967.26755852843, 179803.5585284281, 180639.84949832776, 181476.14046822744, 182312.4314381271, 183148.72240802678, 183985.01337792643, 184821.30434782608, 185657.59531772576, 186493.8862876254, 187330.1772575251, 188166.46822742475, 189002.75919732443, 189839.05016722408, 190675.34113712376, 191511.6321070234, 192347.9230769231, 193184.21404682274, 194020.50501672243, 194856.79598662208, 195693.08695652176, 196529.3779264214, 197365.6688963211, 198201.95986622074, 199038.2508361204, 199874.54180602008, 200710.83277591973, 201547.1237458194, 202383.41471571906, 203219.70568561874, 204055.9966555184, 204892.28762541807, 205728.57859531773, 206564.8695652174, 207401.16053511706, 208237.45150501674, 209073.7424749164, 209910.03344481607, 210746.32441471572, 211582.6153846154, 212418.90635451506, 213255.19732441474, 214091.4882943144, 214927.77926421404, 215764.07023411372, 216600.36120401337, 217436.65217391305, 218272.9431438127, 219109.2341137124, 219945.52508361204, 220781.81605351172, 221618.10702341137, 222454.39799331105, 223290.6889632107, 224126.9799331104, 224963.27090301004, 225799.56187290972, 226635.85284280937, 227472.14381270905, 228308.4347826087, 229144.72575250838, 229981.01672240804, 230817.3076923077, 231653.59866220737, 232489.88963210702, 233326.1806020067, 234162.47157190635, 234998.76254180603, 235835.0535117057, 236671.34448160537, 237507.63545150502, 238343.9264214047, 239180.21739130435, 240016.50836120403, 240852.79933110368, 241689.09030100337, 242525.38127090302, 243361.6722408027, 244197.96321070235, 245034.254180602, 245870.54515050168, 246706.83612040133, 247543.12709030102, 248379.41806020067, 249215.70903010035, 250052.0], "num_solved": 99, "cmc_vals": [0.0, 0.02, 0.04, 0.07, 0.12, 0.16, 0.18, 0.22, 0.26, 0.28, 0.31, 0.33, 0.34, 0.36, 0.38, 0.41, 0.42, 0.46, 0.53, 0.57, 0.57, 0.58, 0.6, 0.62, 0.63, 0.64, 0.65, 0.66, 0.66, 0.7, 0.7, 0.71, 0.71, 0.71, 0.73, 0.74, 0.74, 0.75, 0.75, 0.75, 0.75, 0.75, 0.77, 0.78, 0.78, 0.79, 0.8, 0.82, 0.82, 0.82, 0.83, 0.83, 0.84, 0.84, 0.84, 0.86, 0.86, 0.86, 0.86, 0.86, 0.88, 0.88, 0.88, 0.88, 0.89, 0.9, 0.91, 0.91, 0.91, 0.91, 0.92, 0.92, 0.93, 0.93, 0.93, 0.93, 0.93, 0.94, 0.94, 0.95, 0.95, 0.95, 0.95, 0.95, 0.95, 0.95, 0.95, 0.95, 0.96, 0.96, 0.96, 0.96, 0.96, 0.96, 0.96, 0.96, 0.96, 0.96, 0.96, 0.96, 0.96, 0.96, 0.96, 0.96, 0.96, 0.96, 0.96, 0.96, 0.96, 0.96, 0.96, 0.97, 0.97, 0.97, 0.97, 0.97, 0.97, 0.97, 0.97, 0.97, 0.97, 0.97, 0.97, 0.98, 0.98, 0.98, 0.98, 0.98, 0.98, 0.98, 0.98, 0.98, 0.98, 0.98, 0.98, 0.98, 0.98, 0.98, 0.98, 0.98, 0.98, 0.98, 0.98, 0.98, 0.98, 0.98, 0.98, 0.98, 0.98, 0.98, 0.98, 0.98, 0.98, 0.98, 0.98, 0.98, 0.98, 0.98, 0.98, 0.98, 0.98, 0.98, 0.98, 0.98, 0.98, 0.98, 0.98, 0.98, 0.98, 0.98, 0.98, 0.98, 0.98, 0.98, 0.98, 0.98, 0.98, 0.98, 0.98, 0.98, 0.98, 0.98, 0.98, 0.98, 0.98, 0.98, 0.98, 0.98, 0.98, 0.98, 0.98, 0.98, 0.98, 0.98, 0.98, 0.98, 0.98, 0.98, 0.98, 0.98, 0.98, 0.98, 0.98, 0.98, 0.98, 0.98, 0.98, 0.98, 0.98, 0.98, 0.98, 0.98, 0.98, 0.98, 0.98, 0.98, 0.98, 0.98, 0.98, 0.98, 0.98, 0.98, 0.98, 0.98, 0.98, 0.98, 0.98, 0.98, 0.98, 0.98, 0.98, 0.98, 0.98, 0.98, 0.98, 0.98, 0.98, 0.98, 0.98, 0.98, 0.98, 0.98, 0.99, 0.99, 0.99, 0.99, 0.99, 0.99, 0.99, 0.99, 0.99, 0.99, 0.99, 0.99, 0.99, 0.99, 0.99, 0.99, 0.99, 0.99, 0.99, 0.99, 0.99, 0.99, 0.99, 0.99, 0.99, 0.99, 0.99, 0.99, 0.99, 0.99, 0.99, 0.99, 0.99, 0.99, 0.99, 0.99, 0.99, 0.99, 0.99, 0.99, 0.99, 0.99, 0.99, 0.99, 0.99, 0.99, 0.99, 0.99, 0.99, 0.99, 0.99, 0.99, 0.99, 0.99, 0.99, 0.99, 0.99, 0.99]}