{"calc_counters": [27466.0625], "capture": "Scipy DE", "cmc_iters": [1.0, 744.2943143812709, 1487.5886287625417, 2230.8829431438126, 2974.1772575250834, 3717.4715719063543, 4460.765886287625, 5204.060200668896, 5947.354515050167, 6690.648829431438, 7433.9431438127085, 8177.237458193979, 8920.53177257525, 9663.82608695652, 10407.120401337792, 11150.414715719064, 11893.709030100334, 12637.003344481604, 13380.297658862875, 14123.591973244147, 14866.886287625417, 15610.180602006687, 16353.474916387959, 17096.76923076923, 17840.0635451505, 18583.35785953177, 19326.65217391304, 20069.946488294314, 20813.240802675584, 21556.535117056854, 22299.829431438127, 23043.123745819397, 23786.418060200667, 24529.712374581937, 25273.006688963207, 26016.30100334448, 26759.59531772575, 27502.88963210702, 28246.183946488294, 28989.478260869564, 29732.772575250834, 30476.066889632104, 31219.361204013374, 31962.655518394648, 32705.949832775917, 33449.24414715719, 34192.53846153846, 34935.83277591973, 35679.127090301, 36422.421404682274, 37165.71571906354, 37909.010033444814, 38652.30434782608, 39395.598662207354, 40138.89297658863, 40882.187290969894, 41625.48160535117, 42368.77591973244, 43112.07023411371, 43855.36454849498, 44598.658862876255, 45341.95317725752, 46085.247491638795, 46828.54180602006, 47571.836120401334, 48315.13043478261, 49058.424749163874, 49801.71906354515, 50545.013377926414, 51288.30769230769, 52031.60200668896, 52774.89632107023, 53518.1906354515, 54261.484949832775, 55004.77926421404, 55748.073578595315, 56491.36789297659, 57234.662207357855, 57977.95652173913, 58721.250836120395, 59464.54515050167, 60207.83946488294, 60951.13377926421, 61694.42809364548, 62437.72240802675, 63181.01672240802, 63924.311036789295, 64667.60535117056, 65410.899665551835, 66154.1939799331, 66897.48829431437, 67640.78260869565, 68384.07692307692, 69127.3712374582, 69870.66555183945, 70613.95986622073, 71357.254180602, 72100.54849498328, 72843.84280936455, 73587.13712374581, 74330.43143812708, 75073.72575250836, 75817.02006688963, 76560.3143812709, 77303.60869565216, 78046.90301003343, 78790.19732441471, 79533.49163879598, 80276.78595317726, 81020.08026755853, 81763.37458193979, 82506.66889632106, 83249.96321070234, 83993.25752508361, 84736.55183946488, 85479.84615384614, 86223.14046822742, 86966.43478260869, 87709.72909698996, 88453.02341137124, 89196.31772575251, 89939.61204013377, 90682.90635451504, 91426.20066889632, 92169.49498327759, 92912.78929765886, 93656.08361204012, 94399.3779264214, 95142.67224080267, 95885.96655518394, 96629.26086956522, 97372.55518394648, 98115.84949832775, 98859.14381270902, 99602.4381270903, 100345.73244147157, 101089.02675585283, 101832.3210702341, 102575.61538461538, 103318.90969899665, 104062.20401337792, 104805.4983277592, 105548.79264214046, 106292.08695652173, 107035.381270903, 107778.67558528428, 108521.96989966555, 109265.26421404681, 110008.55852842808, 110751.85284280936, 111495.14715719063, 112238.4414715719, 112981.73578595318, 113725.03010033444, 114468.32441471571, 115211.61872909698, 115954.91304347826, 116698.20735785953, 117441.50167224079, 118184.79598662206, 118928.09030100334, 119671.38461538461, 120414.67892976588, 121157.97324414714, 121901.26755852842, 122644.56187290969, 123387.85618729096, 124131.15050167224, 124874.4448160535, 125617.73913043477, 126361.03344481604, 127104.32775919732, 127847.62207357859, 128590.91638795986, 129334.21070234112, 130077.5050167224, 130820.79933110367, 131564.09364548494, 132307.3879598662, 133050.6822742475, 133793.97658862875, 134537.27090301004, 135280.5652173913, 136023.85953177256, 136767.15384615384, 137510.4481605351, 138253.7424749164, 138997.03678929765, 139740.3311036789, 140483.6254180602, 141226.91973244146, 141970.21404682274, 142713.508361204, 143456.80267558526, 144200.09698996655, 144943.3913043478, 145686.6856187291, 146429.97993311036, 147173.27424749162, 147916.5685618729, 148659.86287625416, 149403.15719063545, 150146.4515050167, 150889.74581939797, 151633.04013377926, 152376.33444816052, 153119.6287625418, 153862.92307692306, 154606.21739130432, 155349.5117056856, 156092.80602006687, 156836.10033444816, 157579.39464882942, 158322.6889632107, 159065.98327759196, 159809.27759197322, 160552.5719063545, 161295.86622073577, 162039.16053511706, 162782.45484949832, 163525.74916387958, 164269.04347826086, 165012.33779264212, 165755.6321070234, 166498.92642140467, 167242.22073578593, 167985.51505016722, 168728.80936454848, 169472.10367892977, 170215.39799331102, 170958.69230769228, 171701.98662207357, 172445.28093645483, 173188.57525083612, 173931.86956521738, 174675.16387959864, 175418.45819397992, 176161.75250836118, 176905.04682274247, 177648.34113712373, 178391.63545150502, 179134.92976588628, 179878.22408026754, 180621.51839464883, 181364.81270903008, 182108.10702341137, 182851.40133779263, 183594.6956521739, 184337.98996655518, 185081.28428093644, 185824.57859531773, 186567.87290969898, 187311.16722408024, 188054.46153846153, 188797.7558528428, 189541.05016722408, 190284.34448160534, 191027.6387959866, 191770.93311036789, 192514.22742474914, 193257.52173913043, 194000.8160535117, 194744.11036789295, 195487.40468227424, 196230.6989966555, 196973.9933110368, 197717.28762541804, 198460.5819397993, 199203.8762541806, 199947.17056856185, 200690.46488294314, 201433.7591973244, 202177.05351170566, 202920.34782608695, 203663.6421404682, 204406.9364548495, 205150.23076923075, 205893.52508361204, 206636.8193979933, 207380.11371237456, 208123.40802675585, 208866.7023411371, 209609.9966555184, 210353.29096989965, 211096.5852842809, 211839.8795986622, 212583.17391304346, 213326.46822742475, 214069.762541806, 214813.05685618726, 215556.35117056855, 216299.6454849498, 217042.9397993311, 217786.23411371236, 218529.52842809362, 219272.8227424749, 220016.11705685616, 220759.41137123745, 221502.7056856187, 222246.0], "num_solved": 32, "cmc_vals": [0.0, 0.0, 0.0, 0.0, 0.0, 0.0, 0.0, 0.0, 0.0, 0.0, 0.0, 0.0, 0.0, 0.01, 0.02, 0.02, 0.02, 0.03, 0.03, 0.03, 0.03, 0.03, 0.03, 0.03, 0.03, 0.05, 0.06, 0.06, 0.07, 0.08, 0.1, 0.11, 0.11, 0.11, 0.14, 0.15, 0.17, 0.17, 0.17, 0.19, 0.19, 0.2, 0.21, 0.21, 0.22, 0.24, 0.25, 0.26, 0.27, 0.28, 0.28, 0.28, 0.29, 0.29, 0.29, 0.29, 0.29, 0.3, 0.3, 0.3, 0.3, 0.3, 0.3, 0.3, 0.31, 0.31, 0.32, 0.32, 0.32, 0.32, 0.32, 0.32, 0.32, 0.32, 0.32, 0.32, 0.32, 0.32, 0.32, 0.32, 0.32, 0.32, 0.32, 0.32, 0.32, 0.32, 0.32, 0.32, 0.32, 0.32, 0.32, 0.32, 0.32, 0.32, 0.32, 0.32, 0.32, 0.32, 0.32, 0.32, 0.32, 0.32, 0.32, 0.32, 0.32, 0.32, 0.32, 0.32, 0.32, 0.32, 0.32, 0.32, 0.32, 0.32, 0.32, 0.32, 0.32, 0.32, 0.32, 0.32, 0.32, 0.32, 0.32, 0.32, 0.32, 0.32, 0.32, 0.32, 0.32, 0.32, 0.32, 0.32, 0.32, 0.32, 0.32, 0.32, 0.32, 0.32, 0.32, 0.32, 0.32, 0.32, 0.32, 0.32, 0.32, 0.32, 0.32, 0.32, 0.32, 0.32, 0.32, 0.32, 0.32, 0.32, 0.32, 0.32, 0.32, 0.32, 0.32, 0.32, 0.32, 0.32, 0.32, 0.32, 0.32, 0.32, 0.32, 0.32, 0.32, 0.32, 0.32, 0.32, 0.32, 0.32, 0.32, 0.32, 0.32, 0.32, 0.32, 0.32, 0.32, 0.32, 0.32, 0.32, 0.32, 0.32, 0.32, 0.32, 0.32, 0.32, 0.32, 0.32, 0.32, 0.32, 0.32, 0.32, 0.32, 0.32, 0.32, 0.32, 0.32, 0.32, 0.32, 0.32, 0.32, 0.32, 0.32, 0.32, 0.32, 0.32, 0.32, 0.32, 0.32, 0.32, 0.32, 0.32, 0.32, 0.32, 0.32, 0.32, 0.32, 0.32, 0.32, 0.32, 0.32, 0.32, 0.32, 0.32, 0.32, 0.32, 0.32, 0.32, 0.32, 0.32, 0.32, 0.32, 0.32, 0.32, 0.32, 0.32, 0.32, 0.32, 0.32, 0.32, 0.32, 0.32, 0.32, 0.32, 0.32, 0.32, 0.32, 0.32, 0.32, 0.32, 0.32, 0.32, 0.32, 0.32, 0.32, 0.32, 0.32, 0.32, 0.32, 0.32, 0.32, 0.32, 0.32, 0.32, 0.32, 0.32, 0.32, 0.32, 0.32, 0.32, 0.32, 0.32, 0.32, 0.32, 0.32, 0.32, 0.32, 0.32, 0.32, 0.32, 0.32, 0.32, 0.32, 0.32, 0.32, 0.32, 0.32, 0.32, 0.32, 0.32, 0.32, 0.32, 0.32, 0.32, 0.32, 0.32]}