{"calc_counters": [68815.52777777778], "capture": "SDA", "cmc_iters": [1.0, 837.4247491638796, 1673.8494983277592, 2510.2742474916386, 3346.6989966555184, 4183.123745819398, 5019.548494983277, 5855.973244147157, 6692.397993311037, 7528.822742474917, 8365.247491638796, 9201.672240802676, 10038.096989966554, 10874.521739130434, 11710.946488294314, 12547.371237458194, 13383.795986622074, 14220.220735785953, 15056.645484949833, 15893.070234113713, 16729.494983277593, 17565.91973244147, 18402.344481605352, 19238.76923076923, 20075.19397993311, 20911.61872909699, 21748.043478260868, 22584.46822742475, 23420.892976588628, 24257.31772575251, 25093.742474916387, 25930.16722408027, 26766.591973244147, 27603.016722408025, 28439.441471571907, 29275.866220735785, 30112.290969899666, 30948.715719063544, 31785.140468227426, 32621.565217391304, 33457.989966555186, 34294.41471571906, 35130.83946488294, 35967.26421404682, 36803.688963210705, 37640.11371237458, 38476.53846153846, 39312.96321070234, 40149.38795986622, 40985.8127090301, 41822.23745819398, 42658.66220735786, 43495.086956521736, 44331.51170568562, 45167.9364548495, 46004.36120401338, 46840.785953177256, 47677.21070234114, 48513.63545150502, 49350.06020066889, 50186.484949832775, 51022.90969899666, 51859.33444816054, 52695.75919732441, 53532.183946488294, 54368.608695652176, 55205.03344481605, 56041.45819397993, 56877.88294314381, 57714.307692307695, 58550.73244147157, 59387.15719063545, 60223.58193979933, 61060.00668896321, 61896.43143812709, 62732.85618729097, 63569.28093645485, 64405.70568561873, 65242.13043478261, 66078.55518394649, 66914.97993311037, 67751.40468227425, 68587.82943143812, 69424.254180602, 70260.67892976588, 71097.10367892977, 71933.52842809365, 72769.95317725753, 73606.37792642141, 74442.80267558528, 75279.22742474916, 76115.65217391304, 76952.07692307692, 77788.5016722408, 78624.92642140469, 79461.35117056857, 80297.77591973243, 81134.20066889632, 81970.6254180602, 82807.05016722408, 83643.47491638796, 84479.89966555184, 85316.32441471572, 86152.7491638796, 86989.17391304347, 87825.59866220735, 88662.02341137124, 89498.44816053512, 90334.872909699, 91171.29765886288, 92007.72240802676, 92844.14715719063, 93680.57190635451, 94516.9966555184, 95353.42140468227, 96189.84615384616, 97026.27090301004, 97862.69565217392, 98699.12040133779, 99535.54515050167, 100371.96989966555, 101208.39464882943, 102044.81939799331, 102881.2441471572, 103717.66889632108, 104554.09364548494, 105390.51839464883, 106226.9431438127, 107063.36789297659, 107899.79264214047, 108736.21739130435, 109572.64214046823, 110409.0668896321, 111245.49163879598, 112081.91638795986, 112918.34113712375, 113754.76588628763, 114591.19063545151, 115427.61538461539, 116264.04013377926, 117100.46488294314, 117936.88963210702, 118773.3143812709, 119609.73913043478, 120446.16387959867, 121282.58862876255, 122119.01337792641, 122955.4381270903, 123791.86287625418, 124628.28762541806, 125464.71237458194, 126301.13712374582, 127137.5618729097, 127973.98662207357, 128810.41137123745, 129646.83612040133, 130483.26086956522, 131319.6856187291, 132156.11036789298, 132992.53511705686, 133828.95986622074, 134665.38461538462, 135501.8093645485, 136338.2341137124, 137174.65886287624, 138011.08361204012, 138847.508361204, 139683.93311036789, 140520.35785953177, 141356.78260869565, 142193.20735785953, 143029.6321070234, 143866.0568561873, 144702.48160535117, 145538.90635451506, 146375.33110367894, 147211.75585284282, 148048.1806020067, 148884.60535117055, 149721.03010033444, 150557.45484949832, 151393.8795986622, 152230.30434782608, 153066.72909698996, 153903.15384615384, 154739.57859531773, 155576.0033444816, 156412.4280936455, 157248.85284280937, 158085.27759197325, 158921.70234113713, 159758.12709030102, 160594.55183946487, 161430.97658862875, 162267.40133779263, 163103.8260869565, 163940.2508361204, 164776.67558528428, 165613.10033444816, 166449.52508361204, 167285.94983277592, 168122.3745819398, 168958.79933110368, 169795.22408026757, 170631.64882943145, 171468.07357859533, 172304.4983277592, 173140.92307692306, 173977.34782608695, 174813.77257525083, 175650.1973244147, 176486.6220735786, 177323.04682274247, 178159.47157190635, 178995.89632107023, 179832.32107023412, 180668.745819398, 181505.17056856188, 182341.59531772576, 183178.02006688964, 184014.44481605352, 184850.86956521738, 185687.29431438126, 186523.71906354514, 187360.14381270902, 188196.5685618729, 189032.9933110368, 189869.41806020067, 190705.84280936455, 191542.26755852843, 192378.6923076923, 193215.1170568562, 194051.54180602008, 194887.96655518396, 195724.39130434784, 196560.8160535117, 197397.24080267557, 198233.66555183945, 199070.09030100334, 199906.51505016722, 200742.9397993311, 201579.36454849498, 202415.78929765886, 203252.21404682274, 204088.63879598663, 204925.0635451505, 205761.4882943144, 206597.91304347827, 207434.33779264215, 208270.762541806, 209107.1872909699, 209943.61204013377, 210780.03678929765, 211616.46153846153, 212452.8862876254, 213289.3110367893, 214125.73578595318, 214962.16053511706, 215798.58528428094, 216635.01003344482, 217471.4347826087, 218307.85953177258, 219144.28428093647, 219980.70903010035, 220817.1337792642, 221653.55852842808, 222489.98327759196, 223326.40802675585, 224162.83277591973, 224999.2575250836, 225835.6822742475, 226672.10702341137, 227508.53177257525, 228344.95652173914, 229181.38127090302, 230017.8060200669, 230854.23076923078, 231690.65551839466, 232527.08026755851, 233363.5050167224, 234199.92976588628, 235036.35451505016, 235872.77926421404, 236709.20401337792, 237545.6287625418, 238382.0535117057, 239218.47826086957, 240054.90301003345, 240891.32775919733, 241727.7525083612, 242564.1772575251, 243400.60200668898, 244237.02675585283, 245073.4515050167, 245909.8762541806, 246746.30100334447, 247582.72575250836, 248419.15050167224, 249255.57525083612, 250092.0], "num_solved": 72, "cmc_vals": [0.0, 0.04, 0.1, 0.12, 0.12, 0.12, 0.12, 0.14, 0.15, 0.15, 0.18, 0.19, 0.19, 0.19, 0.19, 0.2, 0.21, 0.22, 0.22, 0.26, 0.27, 0.27, 0.27, 0.27, 0.28, 0.28, 0.29, 0.31, 0.33, 0.33, 0.34, 0.34, 0.34, 0.35, 0.35, 0.35, 0.35, 0.35, 0.35, 0.35, 0.36, 0.36, 0.37, 0.37, 0.38, 0.39, 0.39, 0.39, 0.39, 0.39, 0.39, 0.39, 0.4, 0.4, 0.4, 0.4, 0.4, 0.4, 0.4, 0.4, 0.4, 0.4, 0.4, 0.41, 0.41, 0.41, 0.41, 0.41, 0.42, 0.43, 0.43, 0.44, 0.44, 0.44, 0.44, 0.44, 0.44, 0.44, 0.45, 0.45, 0.45, 0.45, 0.45, 0.45, 0.45, 0.45, 0.45, 0.45, 0.45, 0.45, 0.45, 0.45, 0.45, 0.45, 0.45, 0.45, 0.45, 0.45, 0.46, 0.46, 0.46, 0.46, 0.46, 0.46, 0.46, 0.47, 0.48, 0.49, 0.49, 0.49, 0.49, 0.49, 0.51, 0.51, 0.51, 0.51, 0.51, 0.51, 0.51, 0.51, 0.51, 0.52, 0.53, 0.54, 0.54, 0.54, 0.54, 0.54, 0.54, 0.54, 0.54, 0.55, 0.55, 0.55, 0.55, 0.55, 0.55, 0.55, 0.55, 0.55, 0.55, 0.55, 0.55, 0.55, 0.55, 0.55, 0.55, 0.57, 0.57, 0.57, 0.57, 0.57, 0.58, 0.58, 0.58, 0.58, 0.59, 0.59, 0.59, 0.59, 0.59, 0.59, 0.59, 0.59, 0.59, 0.59, 0.59, 0.59, 0.59, 0.59, 0.59, 0.59, 0.59, 0.59, 0.59, 0.59, 0.59, 0.59, 0.59, 0.59, 0.59, 0.59, 0.59, 0.59, 0.59, 0.59, 0.59, 0.59, 0.59, 0.59, 0.59, 0.59, 0.59, 0.61, 0.61, 0.61, 0.61, 0.61, 0.61, 0.61, 0.61, 0.61, 0.61, 0.61, 0.62, 0.62, 0.62, 0.62, 0.62, 0.62, 0.62, 0.63, 0.63, 0.63, 0.63, 0.63, 0.63, 0.63, 0.63, 0.63, 0.63, 0.63, 0.63, 0.63, 0.63, 0.63, 0.63, 0.63, 0.63, 0.63, 0.63, 0.63, 0.63, 0.63, 0.63, 0.64, 0.64, 0.64, 0.64, 0.64, 0.64, 0.64, 0.64, 0.64, 0.64, 0.64, 0.64, 0.65, 0.65, 0.65, 0.65, 0.65, 0.65, 0.65, 0.65, 0.65, 0.65, 0.65, 0.65, 0.65, 0.65, 0.65, 0.65, 0.65, 0.67, 0.67, 0.67, 0.67, 0.67, 0.67, 0.69, 0.69, 0.69, 0.7, 0.7, 0.7, 0.7, 0.7, 0.7, 0.7, 0.7, 0.7, 0.71, 0.71, 0.71, 0.71, 0.71, 0.71, 0.71, 0.71, 0.72, 0.72, 0.72, 0.72, 0.72, 0.72, 0.72, 0.72, 0.72, 0.72]}