{"calc_counters": [6737.3], "capture": "AGS", "cmc_iters": [1.0, 89.26086956521739, 177.52173913043478, 265.7826086956522, 354.04347826086956, 442.30434782608694, 530.5652173913044, 618.8260869565217, 707.0869565217391, 795.3478260869565, 883.6086956521739, 971.8695652173913, 1060.1304347826087, 1148.391304347826, 1236.6521739130435, 1324.9130434782608, 1413.1739130434783, 1501.4347826086957, 1589.695652173913, 1677.9565217391305, 1766.2173913043478, 1854.4782608695652, 1942.7391304347825, 2031.0, 2119.2608695652175, 2207.521739130435, 2295.782608695652, 2384.0434782608695, 2472.304347826087, 2560.5652173913045, 2648.8260869565215, 2737.086956521739, 2825.3478260869565, 2913.608695652174, 3001.8695652173915, 3090.1304347826085, 3178.391304347826, 3266.6521739130435, 3354.913043478261, 3443.173913043478, 3531.4347826086955, 3619.695652173913, 3707.9565217391305, 3796.217391304348, 3884.478260869565, 3972.7391304347825, 4061.0, 4149.260869565217, 4237.521739130435, 4325.782608695652, 4414.04347826087, 4502.304347826087, 4590.565217391304, 4678.826086956522, 4767.086956521739, 4855.347826086956, 4943.608695652174, 5031.869565217391, 5120.130434782609, 5208.391304347826, 5296.652173913043, 5384.913043478261, 5473.173913043478, 5561.434782608696, 5649.695652173913, 5737.95652173913, 5826.217391304348, 5914.478260869565, 6002.739130434783, 6091.0, 6179.260869565217, 6267.521739130435, 6355.782608695652, 6444.04347826087, 6532.304347826087, 6620.565217391304, 6708.826086956522, 6797.086956521739, 6885.347826086956, 6973.608695652174, 7061.869565217391, 7150.130434782609, 7238.391304347826, 7326.652173913043, 7414.913043478261, 7503.173913043478, 7591.434782608696, 7679.695652173913, 7767.95652173913, 7856.217391304348, 7944.478260869565, 8032.739130434783, 8121.0, 8209.260869565218, 8297.521739130434, 8385.782608695652, 8474.04347826087, 8562.304347826086, 8650.565217391304, 8738.826086956522, 8827.08695652174, 8915.347826086956, 9003.608695652174, 9091.869565217392, 9180.130434782608, 9268.391304347826, 9356.652173913044, 9444.91304347826, 9533.173913043478, 9621.434782608696, 9709.695652173912, 9797.95652173913, 9886.217391304348, 9974.478260869566, 10062.739130434782, 10151.0, 10239.260869565218, 10327.521739130434, 10415.782608695652, 10504.04347826087, 10592.304347826086, 10680.565217391304, 10768.826086956522, 10857.08695652174, 10945.347826086956, 11033.608695652174, 11121.869565217392, 11210.130434782608, 11298.391304347826, 11386.652173913044, 11474.91304347826, 11563.173913043478, 11651.434782608696, 11739.695652173912, 11827.95652173913, 11916.217391304348, 12004.478260869566, 12092.739130434782, 12181.0, 12269.260869565218, 12357.521739130434, 12445.782608695652, 12534.04347826087, 12622.304347826086, 12710.565217391304, 12798.826086956522, 12887.08695652174, 12975.347826086956, 13063.608695652174, 13151.869565217392, 13240.130434782608, 13328.391304347826, 13416.652173913044, 13504.91304347826, 13593.173913043478, 13681.434782608696, 13769.695652173912, 13857.95652173913, 13946.217391304348, 14034.478260869566, 14122.739130434782, 14211.0, 14299.260869565218, 14387.521739130434, 14475.782608695652, 14564.04347826087, 14652.304347826086, 14740.565217391304, 14828.826086956522, 14917.08695652174, 15005.347826086956, 15093.608695652174, 15181.869565217392, 15270.130434782608, 15358.391304347826, 15446.652173913044, 15534.91304347826, 15623.173913043478, 15711.434782608696, 15799.695652173912, 15887.95652173913, 15976.217391304348, 16064.478260869566, 16152.739130434782, 16241.0, 16329.260869565218, 16417.521739130436, 16505.782608695652, 16594.043478260868, 16682.304347826088, 16770.565217391304, 16858.82608695652, 16947.08695652174, 17035.347826086956, 17123.608695652172, 17211.869565217392, 17300.130434782608, 17388.391304347824, 17476.652173913044, 17564.91304347826, 17653.17391304348, 17741.434782608696, 17829.695652173912, 17917.956521739132, 18006.217391304348, 18094.478260869564, 18182.739130434784, 18271.0, 18359.260869565216, 18447.521739130436, 18535.782608695652, 18624.043478260868, 18712.304347826088, 18800.565217391304, 18888.82608695652, 18977.08695652174, 19065.347826086956, 19153.608695652172, 19241.869565217392, 19330.130434782608, 19418.391304347824, 19506.652173913044, 19594.91304347826, 19683.17391304348, 19771.434782608696, 19859.695652173912, 19947.956521739132, 20036.217391304348, 20124.478260869564, 20212.739130434784, 20301.0, 20389.260869565216, 20477.521739130436, 20565.782608695652, 20654.043478260868, 20742.304347826088, 20830.565217391304, 20918.82608695652, 21007.08695652174, 21095.347826086956, 21183.608695652172, 21271.869565217392, 21360.130434782608, 21448.391304347824, 21536.652173913044, 21624.91304347826, 21713.17391304348, 21801.434782608696, 21889.695652173912, 21977.956521739132, 22066.217391304348, 22154.478260869564, 22242.739130434784, 22331.0, 22419.260869565216, 22507.521739130436, 22595.782608695652, 22684.043478260868, 22772.304347826088, 22860.565217391304, 22948.82608695652, 23037.08695652174, 23125.347826086956, 23213.608695652172, 23301.869565217392, 23390.130434782608, 23478.391304347824, 23566.652173913044, 23654.91304347826, 23743.17391304348, 23831.434782608696, 23919.695652173912, 24007.956521739132, 24096.217391304348, 24184.478260869564, 24272.739130434784, 24361.0, 24449.260869565216, 24537.521739130436, 24625.782608695652, 24714.043478260868, 24802.304347826088, 24890.565217391304, 24978.82608695652, 25067.08695652174, 25155.347826086956, 25243.608695652172, 25331.869565217392, 25420.130434782608, 25508.391304347824, 25596.652173913044, 25684.91304347826, 25773.17391304348, 25861.434782608696, 25949.695652173912, 26037.956521739132, 26126.217391304348, 26214.478260869564, 26302.739130434784, 26391.0], "num_solved": 100, "cmc_vals": [0.0, 0.0, 0.0, 0.0, 0.0, 0.0, 0.0, 0.0, 0.0, 0.0, 0.0, 0.0, 0.0, 0.0, 0.01, 0.01, 0.01, 0.01, 0.01, 0.02, 0.03, 0.04, 0.06, 0.06, 0.06, 0.07, 0.07, 0.1, 0.12, 0.14, 0.15, 0.16, 0.16, 0.17, 0.17, 0.18, 0.18, 0.18, 0.18, 0.19, 0.21, 0.22, 0.25, 0.28, 0.29, 0.29, 0.3, 0.3, 0.33, 0.34, 0.34, 0.34, 0.34, 0.35, 0.36, 0.36, 0.36, 0.37, 0.38, 0.4, 0.44, 0.44, 0.46, 0.48, 0.5, 0.5, 0.5, 0.53, 0.53, 0.54, 0.54, 0.56, 0.6, 0.61, 0.62, 0.62, 0.62, 0.65, 0.66, 0.66, 0.67, 0.67, 0.67, 0.68, 0.68, 0.68, 0.69, 0.69, 0.7, 0.72, 0.74, 0.74, 0.75, 0.76, 0.76, 0.76, 0.76, 0.76, 0.76, 0.76, 0.76, 0.76, 0.76, 0.76, 0.78, 0.78, 0.78, 0.79, 0.81, 0.82, 0.82, 0.82, 0.82, 0.82, 0.82, 0.82, 0.82, 0.82, 0.82, 0.83, 0.83, 0.83, 0.83, 0.83, 0.83, 0.84, 0.84, 0.84, 0.84, 0.84, 0.85, 0.85, 0.87, 0.88, 0.89, 0.91, 0.91, 0.91, 0.91, 0.91, 0.91, 0.91, 0.91, 0.91, 0.91, 0.92, 0.93, 0.93, 0.94, 0.94, 0.94, 0.94, 0.94, 0.94, 0.94, 0.94, 0.95, 0.95, 0.95, 0.95, 0.95, 0.95, 0.95, 0.95, 0.95, 0.95, 0.95, 0.95, 0.96, 0.96, 0.96, 0.96, 0.96, 0.96, 0.97, 0.97, 0.97, 0.97, 0.97, 0.97, 0.97, 0.97, 0.97, 0.97, 0.97, 0.97, 0.97, 0.97, 0.97, 0.97, 0.97, 0.97, 0.97, 0.97, 0.97, 0.97, 0.97, 0.97, 0.97, 0.97, 0.97, 0.97, 0.97, 0.97, 0.98, 0.98, 0.98, 0.98, 0.98, 0.98, 0.98, 0.98, 0.98, 0.98, 0.98, 0.98, 0.98, 0.98, 0.98, 0.98, 0.98, 0.98, 0.98, 0.98, 0.98, 0.98, 0.98, 0.98, 0.98, 0.98, 0.98, 0.98, 0.98, 0.98, 0.98, 0.98, 0.98, 0.98, 0.98, 0.98, 0.98, 0.98, 0.98, 0.98, 0.98, 0.98, 0.98, 0.98, 0.98, 0.98, 0.98, 0.98, 0.98, 0.98, 0.98, 0.98, 0.98, 0.98, 0.98, 0.98, 0.98, 0.98, 0.98, 0.98, 0.98, 0.98, 0.98, 0.99, 0.99, 0.99, 0.99, 0.99, 0.99, 0.99, 0.99, 0.99, 0.99, 0.99, 0.99, 0.99, 0.99, 0.99, 0.99, 0.99, 0.99, 0.99, 0.99, 0.99, 0.99, 0.99, 0.99, 0.99, 0.99, 0.99, 0.99, 0.99, 0.99, 0.99, 0.99, 1.0]}