{"calc_counters": [6786.958333333333], "capture": "CRS", "cmc_iters": [1.0, 84.64882943143813, 168.29765886287626, 251.9464882943144, 335.5953177257525, 419.24414715719064, 502.8929765886288, 586.5418060200669, 670.190635451505, 753.8394648829432, 837.4882943143813, 921.1371237458194, 1004.7859531772576, 1088.4347826086957, 1172.0836120401339, 1255.732441471572, 1339.38127090301, 1423.0301003344482, 1506.6789297658863, 1590.3277591973244, 1673.9765886287626, 1757.6254180602007, 1841.2742474916388, 1924.923076923077, 2008.5719063545152, 2092.2207357859534, 2175.8695652173915, 2259.5183946488296, 2343.1672240802677, 2426.816053511706, 2510.464882943144, 2594.113712374582, 2677.76254180602, 2761.4113712374583, 2845.0602006688964, 2928.7090301003345, 3012.3578595317726, 3096.0066889632108, 3179.655518394649, 3263.304347826087, 3346.953177257525, 3430.6020066889632, 3514.2508361204013, 3597.8996655518395, 3681.5484949832776, 3765.1973244147157, 3848.846153846154, 3932.494983277592, 4016.1438127090305, 4099.792642140468, 4183.441471571907, 4267.090301003344, 4350.739130434783, 4434.387959866221, 4518.036789297659, 4601.685618729097, 4685.334448160535, 4768.983277591973, 4852.632107023412, 4936.280936454849, 5019.929765886288, 5103.578595317726, 5187.227424749164, 5270.876254180602, 5354.52508361204, 5438.173913043479, 5521.822742474917, 5605.471571906355, 5689.120401337793, 5772.769230769231, 5856.418060200669, 5940.066889632108, 6023.715719063545, 6107.364548494984, 6191.0133779264215, 6274.66220735786, 6358.311036789298, 6441.959866220736, 6525.608695652174, 6609.257525083613, 6692.90635451505, 6776.555183946489, 6860.2040133779265, 6943.852842809365, 7027.501672240803, 7111.150501672241, 7194.799331103679, 7278.4481605351175, 7362.096989966555, 7445.745819397994, 7529.394648829431, 7613.04347826087, 7696.692307692308, 7780.341137123746, 7863.989966555184, 7947.638795986622, 8031.287625418061, 8114.936454849499, 8198.585284280936, 8282.234113712375, 8365.882943143813, 8449.531772575252, 8533.180602006689, 8616.829431438127, 8700.478260869566, 8784.127090301005, 8867.775919732441, 8951.42474916388, 9035.073578595318, 9118.722408026757, 9202.371237458194, 9286.020066889632, 9369.66889632107, 9453.31772575251, 9536.966555183946, 9620.615384615385, 9704.264214046823, 9787.913043478262, 9871.561872909699, 9955.210702341137, 10038.859531772576, 10122.508361204014, 10206.157190635451, 10289.80602006689, 10373.454849498328, 10457.103678929767, 10540.752508361204, 10624.401337792642, 10708.05016722408, 10791.69899665552, 10875.347826086958, 10958.996655518395, 11042.645484949833, 11126.294314381272, 11209.94314381271, 11293.591973244147, 11377.240802675586, 11460.889632107024, 11544.538461538463, 11628.1872909699, 11711.836120401338, 11795.484949832777, 11879.133779264215, 11962.782608695652, 12046.43143812709, 12130.08026755853, 12213.729096989968, 12297.377926421404, 12381.026755852843, 12464.675585284282, 12548.32441471572, 12631.973244147157, 12715.622073578596, 12799.270903010034, 12882.919732441473, 12966.56856187291, 13050.217391304348, 13133.866220735787, 13217.515050167225, 13301.163879598662, 13384.8127090301, 13468.461538461539, 13552.110367892978, 13635.759197324416, 13719.408026755853, 13803.056856187291, 13886.70568561873, 13970.354515050169, 14054.003344481605, 14137.652173913044, 14221.301003344483, 14304.949832775921, 14388.598662207358, 14472.247491638796, 14555.896321070235, 14639.545150501674, 14723.19397993311, 14806.842809364549, 14890.491638795987, 14974.140468227426, 15057.789297658863, 15141.438127090301, 15225.08695652174, 15308.735785953178, 15392.384615384615, 15476.033444816054, 15559.682274247492, 15643.331103678931, 15726.979933110368, 15810.628762541806, 15894.277591973245, 15977.926421404683, 16061.575250836122, 16145.224080267559, 16228.872909698997, 16312.521739130436, 16396.170568561873, 16479.819397993313, 16563.46822742475, 16647.117056856187, 16730.765886287627, 16814.414715719064, 16898.063545150504, 16981.71237458194, 17065.361204013378, 17149.010033444818, 17232.658862876255, 17316.30769230769, 17399.956521739132, 17483.60535117057, 17567.25418060201, 17650.903010033446, 17734.551839464883, 17818.200668896323, 17901.84949832776, 17985.498327759196, 18069.147157190637, 18152.795986622074, 18236.444816053514, 18320.09364548495, 18403.742474916387, 18487.391304347828, 18571.040133779265, 18654.6889632107, 18738.33779264214, 18821.98662207358, 18905.63545150502, 18989.284280936456, 19072.933110367892, 19156.581939799333, 19240.23076923077, 19323.87959866221, 19407.528428093647, 19491.177257525083, 19574.826086956524, 19658.47491638796, 19742.123745819397, 19825.772575250838, 19909.421404682274, 19993.070234113715, 20076.71906354515, 20160.36789297659, 20244.01672240803, 20327.665551839465, 20411.314381270902, 20494.963210702343, 20578.61204013378, 20662.26086956522, 20745.909698996657, 20829.558528428093, 20913.207357859534, 20996.85618729097, 21080.505016722407, 21164.153846153848, 21247.802675585284, 21331.451505016725, 21415.10033444816, 21498.7491638796, 21582.39799331104, 21666.046822742475, 21749.695652173916, 21833.344481605352, 21916.99331103679, 22000.64214046823, 22084.290969899666, 22167.939799331103, 22251.588628762544, 22335.23745819398, 22418.88628762542, 22502.535117056857, 22586.183946488294, 22669.832775919735, 22753.48160535117, 22837.130434782608, 22920.77926421405, 23004.428093645485, 23088.076923076926, 23171.725752508362, 23255.3745819398, 23339.02341137124, 23422.672240802676, 23506.321070234113, 23589.969899665553, 23673.61872909699, 23757.26755852843, 23840.916387959867, 23924.565217391304, 24008.214046822744, 24091.86287625418, 24175.51170568562, 24259.16053511706, 24342.809364548495, 24426.458193979935, 24510.107023411372, 24593.75585284281, 24677.40468227425, 24761.053511705686, 24844.702341137126, 24928.351170568563, 25012.0], "num_solved": 72, "cmc_vals": [0.0, 0.0, 0.0, 0.0, 0.01, 0.01, 0.01, 0.01, 0.01, 0.01, 0.01, 0.02, 0.02, 0.03, 0.03, 0.04, 0.04, 0.04, 0.04, 0.04, 0.04, 0.04, 0.04, 0.05, 0.05, 0.05, 0.05, 0.05, 0.06, 0.06, 0.06, 0.06, 0.06, 0.06, 0.06, 0.06, 0.06, 0.06, 0.06, 0.06, 0.06, 0.07, 0.07, 0.07, 0.07, 0.07, 0.07, 0.07, 0.07, 0.07, 0.07, 0.07, 0.07, 0.07, 0.07, 0.07, 0.08, 0.09, 0.09, 0.09, 0.09, 0.09, 0.11, 0.12, 0.14, 0.14, 0.14, 0.15, 0.15, 0.15, 0.17, 0.18, 0.19, 0.21, 0.23, 0.25, 0.27, 0.27, 0.28, 0.29, 0.3, 0.3, 0.31, 0.34, 0.36, 0.37, 0.41, 0.44, 0.47, 0.47, 0.47, 0.49, 0.49, 0.5, 0.5, 0.51, 0.53, 0.54, 0.54, 0.56, 0.57, 0.59, 0.6, 0.6, 0.62, 0.63, 0.63, 0.63, 0.63, 0.64, 0.64, 0.65, 0.66, 0.66, 0.66, 0.66, 0.68, 0.68, 0.68, 0.68, 0.69, 0.69, 0.69, 0.7, 0.7, 0.7, 0.7, 0.7, 0.71, 0.71, 0.71, 0.71, 0.71, 0.71, 0.71, 0.71, 0.71, 0.71, 0.71, 0.71, 0.71, 0.71, 0.71, 0.71, 0.71, 0.71, 0.71, 0.71, 0.71, 0.71, 0.71, 0.71, 0.71, 0.71, 0.71, 0.71, 0.71, 0.71, 0.71, 0.71, 0.71, 0.71, 0.71, 0.71, 0.71, 0.71, 0.71, 0.71, 0.71, 0.71, 0.72, 0.72, 0.72, 0.72, 0.72, 0.72, 0.72, 0.72, 0.72, 0.72, 0.72, 0.72, 0.72, 0.72, 0.72, 0.72, 0.72, 0.72, 0.72, 0.72, 0.72, 0.72, 0.72, 0.72, 0.72, 0.72, 0.72, 0.72, 0.72, 0.72, 0.72, 0.72, 0.72, 0.72, 0.72, 0.72, 0.72, 0.72, 0.72, 0.72, 0.72, 0.72, 0.72, 0.72, 0.72, 0.72, 0.72, 0.72, 0.72, 0.72, 0.72, 0.72, 0.72, 0.72, 0.72, 0.72, 0.72, 0.72, 0.72, 0.72, 0.72, 0.72, 0.72, 0.72, 0.72, 0.72, 0.72, 0.72, 0.72, 0.72, 0.72, 0.72, 0.72, 0.72, 0.72, 0.72, 0.72, 0.72, 0.72, 0.72, 0.72, 0.72, 0.72, 0.72, 0.72, 0.72, 0.72, 0.72, 0.72, 0.72, 0.72, 0.72, 0.72, 0.72, 0.72, 0.72, 0.72, 0.72, 0.72, 0.72, 0.72, 0.72, 0.72, 0.72, 0.72, 0.72, 0.72, 0.72, 0.72, 0.72, 0.72, 0.72, 0.72, 0.72, 0.72, 0.72, 0.72, 0.72, 0.72, 0.72, 0.72, 0.72, 0.72, 0.72, 0.72, 0.72, 0.72, 0.72, 0.72, 0.72]}