{"calc_counters": [20290.674418604653], "capture": "CRS", "cmc_iters": [1.0, 201.68227424749165, 402.3645484949833, 603.0468227424749, 803.7290969899666, 1004.4113712374583, 1205.0936454849498, 1405.7759197324415, 1606.4581939799332, 1807.140468227425, 2007.8227424749166, 2208.505016722408, 2409.1872909698995, 2609.8695652173915, 2810.551839464883, 3011.234113712375, 3211.9163879598664, 3412.598662207358, 3613.28093645485, 3813.9632107023413, 4014.645484949833, 4215.327759197325, 4416.010033444816, 4616.692307692308, 4817.374581939799, 5018.0568561872915, 5218.739130434783, 5419.421404682274, 5620.103678929766, 5820.785953177257, 6021.46822742475, 6222.150501672241, 6422.832775919733, 6623.515050167224, 6824.197324414716, 7024.879598662208, 7225.5618729097, 7426.244147157191, 7626.9264214046825, 7827.608695652174, 8028.290969899666, 8228.973244147157, 8429.65551839465, 8630.337792642142, 8831.020066889632, 9031.702341137125, 9232.384615384615, 9433.066889632108, 9633.749163879598, 9834.43143812709, 10035.113712374583, 10235.795986622074, 10436.478260869566, 10637.160535117056, 10837.842809364549, 11038.525083612041, 11239.207357859532, 11439.889632107024, 11640.571906354515, 11841.254180602007, 12041.9364548495, 12242.61872909699, 12443.301003344483, 12643.983277591973, 12844.665551839465, 13045.347826086958, 13246.030100334448, 13446.71237458194, 13647.394648829431, 13848.076923076924, 14048.759197324416, 14249.441471571907, 14450.1237458194, 14650.80602006689, 14851.488294314382, 15052.170568561874, 15252.852842809365, 15453.535117056857, 15654.217391304348, 15854.89966555184, 16055.581939799333, 16256.264214046823, 16456.946488294314, 16657.628762541808, 16858.3110367893, 17058.99331103679, 17259.675585284283, 17460.357859531774, 17661.040133779265, 17861.722408026755, 18062.40468227425, 18263.08695652174, 18463.76923076923, 18664.451505016725, 18865.133779264215, 19065.816053511706, 19266.498327759196, 19467.18060200669, 19667.86287625418, 19868.54515050167, 20069.227424749166, 20269.909698996657, 20470.591973244147, 20671.27424749164, 20871.956521739132, 21072.638795986622, 21273.321070234113, 21474.003344481607, 21674.685618729098, 21875.36789297659, 22076.050167224083, 22276.732441471573, 22477.414715719064, 22678.096989966558, 22878.77926421405, 23079.46153846154, 23280.14381270903, 23480.826086956524, 23681.508361204014, 23882.190635451505, 24082.872909699, 24283.55518394649, 24484.23745819398, 24684.919732441474, 24885.602006688965, 25086.284280936456, 25286.966555183946, 25487.64882943144, 25688.33110367893, 25889.01337792642, 26089.695652173916, 26290.377926421406, 26491.060200668897, 26691.742474916387, 26892.42474916388, 27093.107023411372, 27293.789297658863, 27494.471571906357, 27695.153846153848, 27895.836120401338, 28096.518394648832, 28297.200668896323, 28497.882943143813, 28698.565217391304, 28899.2474916388, 29099.92976588629, 29300.61204013378, 29501.294314381274, 29701.976588628764, 29902.658862876255, 30103.34113712375, 30304.02341137124, 30504.70568561873, 30705.38795986622, 30906.070234113715, 31106.752508361205, 31307.434782608696, 31508.11705685619, 31708.79933110368, 31909.48160535117, 32110.163879598666, 32310.846153846156, 32511.528428093647, 32712.210702341137, 32912.89297658863, 33113.57525083612, 33314.257525083616, 33514.93979933111, 33715.6220735786, 33916.30434782609, 34116.98662207358, 34317.66889632107, 34518.35117056857, 34719.03344481606, 34919.71571906355, 35120.39799331104, 35321.08026755853, 35521.76254180602, 35722.44481605351, 35923.12709030101, 36123.8093645485, 36324.49163879599, 36525.17391304348, 36725.85618729097, 36926.53846153846, 37127.22073578595, 37327.90301003345, 37528.58528428094, 37729.26755852843, 37929.94983277592, 38130.63210702341, 38331.3143812709, 38531.99665551839, 38732.67892976589, 38933.36120401338, 39134.04347826087, 39334.72575250836, 39535.40802675585, 39736.09030100334, 39936.77257525084, 40137.45484949833, 40338.13712374582, 40538.81939799331, 40739.5016722408, 40940.183946488294, 41140.866220735785, 41341.54849498328, 41542.23076923077, 41742.913043478264, 41943.595317725754, 42144.277591973245, 42344.959866220735, 42545.642140468226, 42746.324414715724, 42947.006688963214, 43147.688963210705, 43348.371237458196, 43549.053511705686, 43749.73578595318, 43950.418060200675, 44151.100334448165, 44351.782608695656, 44552.464882943146, 44753.14715719064, 44953.82943143813, 45154.51170568562, 45355.193979933116, 45555.876254180606, 45756.5585284281, 45957.24080267559, 46157.92307692308, 46358.60535117057, 46559.28762541806, 46759.96989966556, 46960.65217391305, 47161.33444816054, 47362.01672240803, 47562.69899665552, 47763.38127090301, 47964.0635451505, 48164.745819398, 48365.42809364549, 48566.11036789298, 48766.79264214047, 48967.47491638796, 49168.15719063545, 49368.83946488295, 49569.52173913044, 49770.20401337793, 49970.88628762542, 50171.56856187291, 50372.2508361204, 50572.93311036789, 50773.61538461539, 50974.29765886288, 51174.97993311037, 51375.66220735786, 51576.34448160535, 51777.02675585284, 51977.70903010033, 52178.39130434783, 52379.07357859532, 52579.75585284281, 52780.4381270903, 52981.120401337794, 53181.802675585284, 53382.484949832775, 53583.16722408027, 53783.84949832776, 53984.531772575254, 54185.214046822744, 54385.896321070235, 54586.578595317726, 54787.26086956522, 54987.943143812714, 55188.625418060205, 55389.307692307695, 55589.989966555186, 55790.672240802676, 55991.35451505017, 56192.036789297665, 56392.719063545155, 56593.401337792646, 56794.083612040136, 56994.76588628763, 57195.44816053512, 57396.13043478261, 57596.812709030106, 57797.4949832776, 57998.17725752509, 58198.85953177258, 58399.54180602007, 58600.22408026756, 58800.90635451505, 59001.58862876255, 59202.27090301004, 59402.95317725753, 59603.63545150502, 59804.31772575251, 60005.0], "num_solved": 86, "cmc_vals": [0.0, 0.0, 0.0, 0.0, 0.0, 0.0, 0.0, 0.0, 0.0, 0.0, 0.0, 0.0, 0.0, 0.0, 0.0, 0.0, 0.0, 0.0, 0.0, 0.0, 0.0, 0.0, 0.0, 0.0, 0.0, 0.0, 0.0, 0.0, 0.0, 0.0, 0.0, 0.0, 0.0, 0.0, 0.0, 0.0, 0.0, 0.01, 0.01, 0.01, 0.01, 0.02, 0.02, 0.02, 0.02, 0.02, 0.02, 0.03, 0.03, 0.03, 0.03, 0.03, 0.03, 0.03, 0.03, 0.03, 0.05, 0.05, 0.05, 0.05, 0.05, 0.05, 0.05, 0.05, 0.05, 0.06, 0.06, 0.06, 0.07, 0.08, 0.08, 0.09, 0.09, 0.12, 0.13, 0.13, 0.13, 0.13, 0.13, 0.16, 0.17, 0.17, 0.19, 0.21, 0.21, 0.22, 0.23, 0.24, 0.26, 0.27, 0.28, 0.3, 0.3, 0.33, 0.36, 0.38, 0.38, 0.39, 0.4, 0.42, 0.45, 0.48, 0.5, 0.52, 0.53, 0.55, 0.57, 0.57, 0.59, 0.6, 0.63, 0.65, 0.66, 0.69, 0.69, 0.7, 0.72, 0.72, 0.72, 0.74, 0.74, 0.74, 0.74, 0.74, 0.74, 0.75, 0.75, 0.75, 0.75, 0.76, 0.76, 0.76, 0.76, 0.76, 0.76, 0.77, 0.77, 0.77, 0.77, 0.77, 0.77, 0.77, 0.77, 0.78, 0.78, 0.78, 0.78, 0.78, 0.78, 0.79, 0.79, 0.79, 0.79, 0.8, 0.8, 0.8, 0.8, 0.8, 0.8, 0.8, 0.8, 0.82, 0.82, 0.82, 0.82, 0.82, 0.82, 0.82, 0.82, 0.82, 0.82, 0.83, 0.83, 0.83, 0.83, 0.83, 0.83, 0.83, 0.83, 0.84, 0.84, 0.84, 0.84, 0.84, 0.84, 0.84, 0.84, 0.84, 0.84, 0.84, 0.84, 0.84, 0.84, 0.84, 0.85, 0.85, 0.86, 0.86, 0.86, 0.86, 0.86, 0.86, 0.86, 0.86, 0.86, 0.86, 0.86, 0.86, 0.86, 0.86, 0.86, 0.86, 0.86, 0.86, 0.86, 0.86, 0.86, 0.86, 0.86, 0.86, 0.86, 0.86, 0.86, 0.86, 0.86, 0.86, 0.86, 0.86, 0.86, 0.86, 0.86, 0.86, 0.86, 0.86, 0.86, 0.86, 0.86, 0.86, 0.86, 0.86, 0.86, 0.86, 0.86, 0.86, 0.86, 0.86, 0.86, 0.86, 0.86, 0.86, 0.86, 0.86, 0.86, 0.86, 0.86, 0.86, 0.86, 0.86, 0.86, 0.86, 0.86, 0.86, 0.86, 0.86, 0.86, 0.86, 0.86, 0.86, 0.86, 0.86, 0.86, 0.86, 0.86, 0.86, 0.86, 0.86, 0.86, 0.86, 0.86, 0.86, 0.86, 0.86, 0.86, 0.86, 0.86, 0.86, 0.86, 0.86, 0.86, 0.86, 0.86, 0.86, 0.86, 0.86, 0.86, 0.86, 0.86, 0.86, 0.86, 0.86]}