{"calc_counters": [2326.18], "capture": "DIRECT", "cmc_iters": [1.0, 51.56521739130435, 102.1304347826087, 152.69565217391306, 203.2608695652174, 253.82608695652175, 304.3913043478261, 354.95652173913044, 405.5217391304348, 456.0869565217392, 506.6521739130435, 557.2173913043479, 607.7826086956522, 658.3478260869566, 708.9130434782609, 759.4782608695652, 810.0434782608696, 860.608695652174, 911.1739130434784, 961.7391304347826, 1012.304347826087, 1062.8695652173915, 1113.4347826086957, 1164.0, 1214.5652173913045, 1265.1304347826087, 1315.6956521739132, 1366.2608695652175, 1416.8260869565217, 1467.3913043478262, 1517.9565217391305, 1568.521739130435, 1619.0869565217392, 1669.6521739130435, 1720.217391304348, 1770.7826086956522, 1821.3478260869567, 1871.913043478261, 1922.4782608695652, 1973.0434782608697, 2023.608695652174, 2074.1739130434785, 2124.739130434783, 2175.304347826087, 2225.8695652173915, 2276.434782608696, 2327.0, 2377.5652173913045, 2428.130434782609, 2478.695652173913, 2529.2608695652175, 2579.826086956522, 2630.3913043478265, 2680.9565217391305, 2731.521739130435, 2782.0869565217395, 2832.6521739130435, 2883.217391304348, 2933.7826086956525, 2984.3478260869565, 3034.913043478261, 3085.4782608695655, 3136.04347826087, 3186.608695652174, 3237.1739130434785, 3287.739130434783, 3338.304347826087, 3388.8695652173915, 3439.434782608696, 3490.0000000000005, 3540.5652173913045, 3591.130434782609, 3641.6956521739135, 3692.2608695652175, 3742.826086956522, 3793.3913043478265, 3843.9565217391305, 3894.521739130435, 3945.0869565217395, 3995.652173913044, 4046.217391304348, 4096.782608695652, 4147.347826086957, 4197.913043478261, 4248.478260869566, 4299.04347826087, 4349.608695652174, 4400.173913043479, 4450.739130434783, 4501.304347826087, 4551.869565217392, 4602.434782608696, 4653.0, 4703.565217391305, 4754.130434782609, 4804.695652173913, 4855.260869565218, 4905.826086956522, 4956.391304347826, 5006.956521739131, 5057.521739130435, 5108.08695652174, 5158.652173913044, 5209.217391304348, 5259.782608695653, 5310.347826086957, 5360.913043478261, 5411.478260869566, 5462.04347826087, 5512.608695652174, 5563.173913043479, 5613.739130434783, 5664.304347826087, 5714.869565217392, 5765.434782608696, 5816.0, 5866.565217391305, 5917.130434782609, 5967.695652173913, 6018.260869565218, 6068.826086956522, 6119.391304347827, 6169.956521739131, 6220.521739130435, 6271.08695652174, 6321.652173913044, 6372.217391304348, 6422.782608695653, 6473.347826086957, 6523.913043478261, 6574.478260869566, 6625.04347826087, 6675.608695652174, 6726.173913043479, 6776.739130434783, 6827.304347826087, 6877.869565217392, 6928.434782608696, 6979.000000000001, 7029.565217391305, 7080.130434782609, 7130.695652173914, 7181.260869565218, 7231.826086956522, 7282.391304347827, 7332.956521739131, 7383.521739130435, 7434.08695652174, 7484.652173913044, 7535.217391304348, 7585.782608695653, 7636.347826086957, 7686.913043478261, 7737.478260869566, 7788.04347826087, 7838.608695652174, 7889.173913043479, 7939.739130434783, 7990.304347826088, 8040.869565217392, 8091.434782608696, 8142.000000000001, 8192.565217391304, 8243.13043478261, 8293.695652173914, 8344.260869565218, 8394.826086956522, 8445.391304347826, 8495.956521739132, 8546.521739130436, 8597.08695652174, 8647.652173913044, 8698.217391304348, 8748.782608695652, 8799.347826086958, 8849.913043478262, 8900.478260869566, 8951.04347826087, 9001.608695652174, 9052.173913043478, 9102.739130434784, 9153.304347826088, 9203.869565217392, 9254.434782608696, 9305.0, 9355.565217391306, 9406.13043478261, 9456.695652173914, 9507.260869565218, 9557.826086956522, 9608.391304347826, 9658.956521739132, 9709.521739130436, 9760.08695652174, 9810.652173913044, 9861.217391304348, 9911.782608695652, 9962.347826086958, 10012.913043478262, 10063.478260869566, 10114.04347826087, 10164.608695652174, 10215.17391304348, 10265.739130434784, 10316.304347826088, 10366.869565217392, 10417.434782608696, 10468.0, 10518.565217391306, 10569.13043478261, 10619.695652173914, 10670.260869565218, 10720.826086956522, 10771.391304347826, 10821.956521739132, 10872.521739130436, 10923.08695652174, 10973.652173913044, 11024.217391304348, 11074.782608695652, 11125.347826086958, 11175.913043478262, 11226.478260869566, 11277.04347826087, 11327.608695652174, 11378.17391304348, 11428.739130434784, 11479.304347826088, 11529.869565217392, 11580.434782608696, 11631.0, 11681.565217391306, 11732.13043478261, 11782.695652173914, 11833.260869565218, 11883.826086956522, 11934.391304347826, 11984.956521739132, 12035.521739130436, 12086.08695652174, 12136.652173913044, 12187.217391304348, 12237.782608695654, 12288.347826086958, 12338.913043478262, 12389.478260869566, 12440.04347826087, 12490.608695652174, 12541.17391304348, 12591.739130434784, 12642.304347826088, 12692.869565217392, 12743.434782608696, 12794.0, 12844.565217391306, 12895.13043478261, 12945.695652173914, 12996.260869565218, 13046.826086956522, 13097.391304347828, 13147.956521739132, 13198.521739130436, 13249.08695652174, 13299.652173913044, 13350.217391304348, 13400.782608695654, 13451.347826086958, 13501.913043478262, 13552.478260869566, 13603.04347826087, 13653.608695652174, 13704.17391304348, 13754.739130434784, 13805.304347826088, 13855.869565217392, 13906.434782608696, 13957.000000000002, 14007.565217391306, 14058.13043478261, 14108.695652173914, 14159.260869565218, 14209.826086956522, 14260.391304347828, 14310.956521739132, 14361.521739130436, 14412.08695652174, 14462.652173913044, 14513.217391304348, 14563.782608695654, 14614.347826086958, 14664.913043478262, 14715.478260869566, 14766.04347826087, 14816.608695652176, 14867.17391304348, 14917.739130434784, 14968.304347826088, 15018.869565217392, 15069.434782608696, 15120.0], "num_solved": 100, "cmc_vals": [0.0, 0.0, 0.02, 0.06, 0.07, 0.11, 0.17, 0.21, 0.22, 0.22, 0.24, 0.25, 0.27, 0.28, 0.3, 0.32, 0.34, 0.35, 0.36, 0.36, 0.38, 0.38, 0.38, 0.39, 0.4, 0.41, 0.42, 0.44, 0.44, 0.45, 0.47, 0.49, 0.5, 0.5, 0.53, 0.54, 0.55, 0.55, 0.57, 0.58, 0.59, 0.59, 0.6, 0.61, 0.62, 0.63, 0.63, 0.65, 0.66, 0.68, 0.68, 0.69, 0.69, 0.69, 0.7, 0.71, 0.71, 0.71, 0.71, 0.71, 0.72, 0.73, 0.73, 0.73, 0.75, 0.76, 0.77, 0.78, 0.79, 0.8, 0.8, 0.8, 0.8, 0.81, 0.82, 0.82, 0.82, 0.84, 0.84, 0.84, 0.85, 0.85, 0.85, 0.85, 0.85, 0.85, 0.85, 0.85, 0.85, 0.85, 0.85, 0.85, 0.85, 0.86, 0.87, 0.87, 0.88, 0.88, 0.88, 0.89, 0.89, 0.89, 0.9, 0.9, 0.9, 0.91, 0.91, 0.91, 0.91, 0.91, 0.91, 0.91, 0.91, 0.91, 0.91, 0.91, 0.91, 0.92, 0.92, 0.92, 0.94, 0.95, 0.95, 0.95, 0.95, 0.95, 0.95, 0.95, 0.95, 0.96, 0.96, 0.96, 0.96, 0.96, 0.96, 0.96, 0.96, 0.96, 0.96, 0.96, 0.96, 0.97, 0.97, 0.97, 0.97, 0.97, 0.97, 0.97, 0.97, 0.97, 0.97, 0.97, 0.97, 0.97, 0.97, 0.97, 0.97, 0.97, 0.97, 0.97, 0.97, 0.97, 0.97, 0.97, 0.97, 0.97, 0.97, 0.97, 0.97, 0.97, 0.97, 0.97, 0.97, 0.97, 0.97, 0.97, 0.97, 0.97, 0.97, 0.97, 0.97, 0.97, 0.97, 0.97, 0.97, 0.97, 0.97, 0.97, 0.97, 0.97, 0.97, 0.97, 0.97, 0.97, 0.97, 0.97, 0.97, 0.97, 0.97, 0.97, 0.97, 0.97, 0.97, 0.97, 0.97, 0.97, 0.97, 0.97, 0.97, 0.97, 0.97, 0.97, 0.97, 0.97, 0.97, 0.97, 0.97, 0.97, 0.97, 0.97, 0.97, 0.97, 0.97, 0.97, 0.97, 0.97, 0.97, 0.98, 0.98, 0.98, 0.98, 0.98, 0.98, 0.98, 0.98, 0.98, 0.98, 0.98, 0.98, 0.99, 0.99, 0.99, 0.99, 0.99, 0.99, 0.99, 0.99, 0.99, 0.99, 0.99, 0.99, 0.99, 0.99, 0.99, 0.99, 0.99, 0.99, 0.99, 0.99, 0.99, 0.99, 0.99, 0.99, 0.99, 0.99, 0.99, 0.99, 0.99, 0.99, 0.99, 0.99, 0.99, 0.99, 0.99, 0.99, 0.99, 0.99, 0.99, 0.99, 0.99, 0.99, 0.99, 0.99, 0.99, 0.99, 0.99, 0.99, 0.99, 0.99, 0.99, 0.99, 0.99, 0.99, 0.99, 0.99, 0.99, 0.99, 0.99, 0.99, 1.0]}