{"calc_counters": [2298.74], "capture": "DIRECT", "cmc_iters": [1.0, 51.391304347826086, 101.78260869565217, 152.17391304347825, 202.56521739130434, 252.95652173913044, 303.3478260869565, 353.7391304347826, 404.1304347826087, 454.52173913043475, 504.9130434782609, 555.304347826087, 605.695652173913, 656.0869565217391, 706.4782608695652, 756.8695652173913, 807.2608695652174, 857.6521739130435, 908.0434782608695, 958.4347826086956, 1008.8260869565217, 1059.2173913043478, 1109.608695652174, 1160.0, 1210.391304347826, 1260.7826086956522, 1311.1739130434783, 1361.5652173913043, 1411.9565217391305, 1462.3478260869565, 1512.7391304347825, 1563.1304347826087, 1613.5217391304348, 1663.9130434782608, 1714.304347826087, 1764.695652173913, 1815.086956521739, 1865.4782608695652, 1915.8695652173913, 1966.2608695652173, 2016.6521739130435, 2067.0434782608695, 2117.4347826086955, 2167.8260869565215, 2218.217391304348, 2268.608695652174, 2319.0, 2369.391304347826, 2419.782608695652, 2470.173913043478, 2520.5652173913045, 2570.9565217391305, 2621.3478260869565, 2671.7391304347825, 2722.1304347826085, 2772.5217391304345, 2822.913043478261, 2873.304347826087, 2923.695652173913, 2974.086956521739, 3024.478260869565, 3074.869565217391, 3125.2608695652175, 3175.6521739130435, 3226.0434782608695, 3276.4347826086955, 3326.8260869565215, 3377.217391304348, 3427.608695652174, 3478.0, 3528.391304347826, 3578.782608695652, 3629.173913043478, 3679.5652173913045, 3729.9565217391305, 3780.3478260869565, 3830.7391304347825, 3881.1304347826085, 3931.5217391304345, 3981.913043478261, 4032.304347826087, 4082.695652173913, 4133.086956521739, 4183.478260869565, 4233.869565217391, 4284.260869565217, 4334.652173913043, 4385.043478260869, 4435.434782608696, 4485.826086956522, 4536.217391304348, 4586.608695652174, 4637.0, 4687.391304347826, 4737.782608695652, 4788.173913043478, 4838.565217391304, 4888.95652173913, 4939.347826086956, 4989.739130434783, 5040.130434782609, 5090.521739130435, 5140.913043478261, 5191.304347826087, 5241.695652173913, 5292.086956521739, 5342.478260869565, 5392.869565217391, 5443.260869565217, 5493.652173913043, 5544.043478260869, 5594.434782608696, 5644.826086956522, 5695.217391304348, 5745.608695652174, 5796.0, 5846.391304347826, 5896.782608695652, 5947.173913043478, 5997.565217391304, 6047.95652173913, 6098.347826086956, 6148.739130434782, 6199.130434782609, 6249.521739130435, 6299.913043478261, 6350.304347826087, 6400.695652173913, 6451.086956521739, 6501.478260869565, 6551.869565217391, 6602.260869565217, 6652.652173913043, 6703.043478260869, 6753.434782608696, 6803.826086956522, 6854.217391304348, 6904.608695652174, 6955.0, 7005.391304347826, 7055.782608695652, 7106.173913043478, 7156.565217391304, 7206.95652173913, 7257.347826086956, 7307.739130434782, 7358.130434782609, 7408.521739130435, 7458.913043478261, 7509.304347826087, 7559.695652173913, 7610.086956521739, 7660.478260869565, 7710.869565217391, 7761.260869565217, 7811.652173913043, 7862.043478260869, 7912.434782608695, 7962.826086956522, 8013.217391304348, 8063.608695652174, 8114.0, 8164.391304347826, 8214.782608695652, 8265.173913043478, 8315.565217391304, 8365.95652173913, 8416.347826086956, 8466.739130434782, 8517.130434782608, 8567.521739130434, 8617.91304347826, 8668.304347826086, 8718.695652173912, 8769.086956521738, 8819.478260869566, 8869.869565217392, 8920.260869565218, 8970.652173913044, 9021.04347826087, 9071.434782608696, 9121.826086956522, 9172.217391304348, 9222.608695652174, 9273.0, 9323.391304347826, 9373.782608695652, 9424.173913043478, 9474.565217391304, 9524.95652173913, 9575.347826086956, 9625.739130434782, 9676.130434782608, 9726.521739130434, 9776.91304347826, 9827.304347826086, 9877.695652173912, 9928.086956521738, 9978.478260869566, 10028.869565217392, 10079.260869565218, 10129.652173913044, 10180.04347826087, 10230.434782608696, 10280.826086956522, 10331.217391304348, 10381.608695652174, 10432.0, 10482.391304347826, 10532.782608695652, 10583.173913043478, 10633.565217391304, 10683.95652173913, 10734.347826086956, 10784.739130434782, 10835.130434782608, 10885.521739130434, 10935.91304347826, 10986.304347826086, 11036.695652173912, 11087.086956521738, 11137.478260869564, 11187.869565217392, 11238.260869565218, 11288.652173913044, 11339.04347826087, 11389.434782608696, 11439.826086956522, 11490.217391304348, 11540.608695652174, 11591.0, 11641.391304347826, 11691.782608695652, 11742.173913043478, 11792.565217391304, 11842.95652173913, 11893.347826086956, 11943.739130434782, 11994.130434782608, 12044.521739130434, 12094.91304347826, 12145.304347826086, 12195.695652173912, 12246.086956521738, 12296.478260869564, 12346.869565217392, 12397.260869565218, 12447.652173913044, 12498.04347826087, 12548.434782608696, 12598.826086956522, 12649.217391304348, 12699.608695652174, 12750.0, 12800.391304347826, 12850.782608695652, 12901.173913043478, 12951.565217391304, 13001.95652173913, 13052.347826086956, 13102.739130434782, 13153.130434782608, 13203.521739130434, 13253.91304347826, 13304.304347826086, 13354.695652173912, 13405.086956521738, 13455.478260869564, 13505.869565217392, 13556.260869565218, 13606.652173913044, 13657.04347826087, 13707.434782608696, 13757.826086956522, 13808.217391304348, 13858.608695652174, 13909.0, 13959.391304347826, 14009.782608695652, 14060.173913043478, 14110.565217391304, 14160.95652173913, 14211.347826086956, 14261.739130434782, 14312.130434782608, 14362.521739130434, 14412.91304347826, 14463.304347826086, 14513.695652173912, 14564.086956521738, 14614.478260869564, 14664.869565217392, 14715.260869565218, 14765.652173913044, 14816.04347826087, 14866.434782608696, 14916.826086956522, 14967.217391304348, 15017.608695652174, 15068.0], "num_solved": 100, "cmc_vals": [0.0, 0.01, 0.05, 0.07, 0.11, 0.14, 0.16, 0.21, 0.22, 0.23, 0.24, 0.25, 0.27, 0.29, 0.3, 0.32, 0.35, 0.35, 0.36, 0.36, 0.38, 0.38, 0.39, 0.4, 0.4, 0.42, 0.44, 0.44, 0.45, 0.45, 0.48, 0.49, 0.5, 0.5, 0.54, 0.54, 0.55, 0.55, 0.58, 0.59, 0.59, 0.6, 0.6, 0.61, 0.61, 0.63, 0.63, 0.65, 0.66, 0.68, 0.68, 0.69, 0.69, 0.69, 0.7, 0.71, 0.71, 0.71, 0.71, 0.71, 0.73, 0.73, 0.73, 0.74, 0.75, 0.75, 0.77, 0.78, 0.79, 0.8, 0.8, 0.8, 0.81, 0.81, 0.82, 0.83, 0.83, 0.84, 0.84, 0.85, 0.85, 0.85, 0.85, 0.85, 0.85, 0.85, 0.85, 0.85, 0.85, 0.85, 0.85, 0.85, 0.85, 0.86, 0.87, 0.87, 0.88, 0.88, 0.88, 0.89, 0.89, 0.89, 0.9, 0.9, 0.91, 0.91, 0.91, 0.91, 0.91, 0.91, 0.91, 0.91, 0.92, 0.92, 0.92, 0.92, 0.92, 0.92, 0.92, 0.92, 0.94, 0.95, 0.95, 0.95, 0.95, 0.95, 0.95, 0.96, 0.96, 0.96, 0.96, 0.96, 0.96, 0.96, 0.96, 0.96, 0.96, 0.96, 0.96, 0.96, 0.96, 0.97, 0.97, 0.97, 0.97, 0.97, 0.97, 0.97, 0.97, 0.97, 0.97, 0.97, 0.97, 0.97, 0.97, 0.97, 0.97, 0.97, 0.97, 0.97, 0.97, 0.97, 0.97, 0.97, 0.97, 0.97, 0.97, 0.97, 0.97, 0.97, 0.97, 0.97, 0.97, 0.97, 0.97, 0.97, 0.97, 0.97, 0.97, 0.97, 0.97, 0.97, 0.97, 0.97, 0.97, 0.97, 0.97, 0.97, 0.97, 0.97, 0.97, 0.97, 0.97, 0.97, 0.97, 0.97, 0.97, 0.97, 0.97, 0.97, 0.97, 0.97, 0.97, 0.97, 0.97, 0.97, 0.97, 0.97, 0.97, 0.97, 0.97, 0.97, 0.97, 0.97, 0.97, 0.97, 0.97, 0.97, 0.97, 0.97, 0.97, 0.97, 0.97, 0.97, 0.97, 0.97, 0.97, 0.97, 0.98, 0.98, 0.98, 0.98, 0.98, 0.98, 0.98, 0.98, 0.98, 0.98, 0.98, 0.99, 0.99, 0.99, 0.99, 0.99, 0.99, 0.99, 0.99, 0.99, 0.99, 0.99, 0.99, 0.99, 0.99, 0.99, 0.99, 0.99, 0.99, 0.99, 0.99, 0.99, 0.99, 0.99, 0.99, 0.99, 0.99, 0.99, 0.99, 0.99, 0.99, 0.99, 0.99, 0.99, 0.99, 0.99, 0.99, 0.99, 0.99, 0.99, 0.99, 0.99, 0.99, 0.99, 0.99, 0.99, 0.99, 0.99, 0.99, 0.99, 0.99, 0.99, 0.99, 0.99, 0.99, 0.99, 0.99, 0.99, 0.99, 0.99, 0.99, 1.0]}