{"calc_counters": [3878.1], "capture": "DIRECTl", "cmc_iters": [1.0, 96.58193979933111, 192.16387959866222, 287.74581939799333, 383.32775919732444, 478.90969899665555, 574.4916387959867, 670.0735785953177, 765.6555183946489, 861.23745819398, 956.8193979933111, 1052.4013377926422, 1147.9832775919733, 1243.5652173913045, 1339.1471571906354, 1434.7290969899666, 1530.3110367892978, 1625.892976588629, 1721.47491638796, 1817.056856187291, 1912.6387959866222, 2008.2207357859534, 2103.8026755852843, 2199.3846153846157, 2294.9665551839466, 2390.5484949832776, 2486.130434782609, 2581.71237458194, 2677.294314381271, 2772.8762541806022, 2868.458193979933, 2964.0401337792646, 3059.6220735785955, 3155.2040133779265, 3250.785953177258, 3346.367892976589, 3441.94983277592, 3537.531772575251, 3633.113712374582, 3728.6956521739135, 3824.2775919732444, 3919.8595317725753, 4015.4414715719067, 4111.023411371238, 4206.605351170569, 4302.1872909699, 4397.769230769231, 4493.351170568562, 4588.933110367893, 4684.515050167224, 4780.096989966555, 4875.678929765887, 4971.260869565218, 5066.842809364549, 5162.42474916388, 5258.006688963211, 5353.588628762542, 5449.170568561874, 5544.7525083612045, 5640.334448160535, 5735.916387959866, 5831.498327759197, 5927.080267558529, 6022.66220735786, 6118.244147157191, 6213.826086956522, 6309.408026755853, 6404.989966555185, 6500.571906354516, 6596.153846153847, 6691.735785953178, 6787.3177257525085, 6882.89966555184, 6978.481605351171, 7074.063545150502, 7169.645484949833, 7265.227424749164, 7360.809364548495, 7456.391304347827, 7551.973244147158, 7647.555183946489, 7743.13712374582, 7838.719063545151, 7934.3010033444825, 8029.8829431438135, 8125.464882943144, 8221.046822742475, 8316.628762541806, 8412.210702341137, 8507.792642140468, 8603.3745819398, 8698.956521739132, 8794.538461538463, 8890.120401337794, 8985.702341137125, 9081.284280936456, 9176.866220735787, 9272.448160535117, 9368.030100334448, 9463.61204013378, 9559.19397993311, 9654.775919732441, 9750.357859531774, 9845.939799331105, 9941.521739130436, 10037.103678929767, 10132.685618729098, 10228.267558528429, 10323.84949832776, 10419.43143812709, 10515.013377926422, 10610.595317725752, 10706.177257525083, 10801.759197324416, 10897.341137123747, 10992.923076923078, 11088.505016722409, 11184.08695652174, 11279.66889632107, 11375.250836120402, 11470.832775919733, 11566.414715719064, 11661.996655518395, 11757.578595317727, 11853.160535117058, 11948.74247491639, 12044.32441471572, 12139.906354515051, 12235.488294314382, 12331.070234113713, 12426.652173913044, 12522.234113712375, 12617.816053511706, 12713.397993311037, 12808.97993311037, 12904.5618729097, 13000.143812709031, 13095.725752508362, 13191.307692307693, 13286.889632107024, 13382.471571906355, 13478.053511705686, 13573.635451505017, 13669.217391304348, 13764.79933110368, 13860.381270903012, 13955.963210702343, 14051.545150501674, 14147.127090301005, 14242.709030100335, 14338.290969899666, 14433.872909698997, 14529.454849498328, 14625.03678929766, 14720.61872909699, 14816.200668896323, 14911.782608695654, 15007.364548494985, 15102.946488294316, 15198.528428093647, 15294.110367892978, 15389.692307692309, 15485.27424749164, 15580.85618729097, 15676.438127090301, 15772.020066889632, 15867.602006688965, 15963.183946488296, 16058.765886287627, 16154.347826086958, 16249.929765886289, 16345.51170568562, 16441.09364548495, 16536.675585284283, 16632.257525083613, 16727.839464882945, 16823.421404682274, 16919.003344481607, 17014.585284280936, 17110.16722408027, 17205.7491638796, 17301.33110367893, 17396.913043478264, 17492.494983277593, 17588.076923076926, 17683.658862876255, 17779.240802675587, 17874.822742474917, 17970.40468227425, 18065.98662207358, 18161.56856187291, 18257.15050167224, 18352.732441471573, 18448.314381270906, 18543.896321070235, 18639.478260869568, 18735.060200668897, 18830.64214046823, 18926.22408026756, 19021.80602006689, 19117.38795986622, 19212.969899665553, 19308.551839464883, 19404.133779264215, 19499.715719063548, 19595.297658862877, 19690.87959866221, 19786.46153846154, 19882.04347826087, 19977.6254180602, 20073.207357859534, 20168.789297658863, 20264.371237458196, 20359.953177257525, 20455.535117056857, 20551.11705685619, 20646.69899665552, 20742.280936454852, 20837.86287625418, 20933.444816053514, 21029.026755852843, 21124.608695652176, 21220.190635451505, 21315.772575250838, 21411.354515050167, 21506.9364548495, 21602.518394648832, 21698.10033444816, 21793.682274247494, 21889.264214046823, 21984.846153846156, 22080.428093645485, 22176.010033444818, 22271.591973244147, 22367.17391304348, 22462.755852842813, 22558.33779264214, 22653.919732441474, 22749.501672240804, 22845.083612040136, 22940.665551839465, 23036.2474916388, 23131.829431438127, 23227.41137123746, 23322.99331103679, 23418.575250836122, 23514.157190635455, 23609.739130434784, 23705.321070234117, 23800.903010033446, 23896.48494983278, 23992.066889632108, 24087.64882943144, 24183.23076923077, 24278.812709030102, 24374.39464882943, 24469.976588628764, 24565.558528428097, 24661.140468227426, 24756.72240802676, 24852.304347826088, 24947.88628762542, 25043.46822742475, 25139.050167224083, 25234.63210702341, 25330.214046822744, 25425.795986622074, 25521.377926421406, 25616.95986622074, 25712.541806020068, 25808.1237458194, 25903.70568561873, 25999.287625418063, 26094.869565217392, 26190.451505016725, 26286.033444816054, 26381.615384615387, 26477.197324414716, 26572.77926421405, 26668.36120401338, 26763.94314381271, 26859.525083612043, 26955.107023411372, 27050.688963210705, 27146.270903010034, 27241.852842809367, 27337.434782608696, 27433.01672240803, 27528.59866220736, 27624.18060200669, 27719.762541806023, 27815.344481605352, 27910.926421404685, 28006.508361204014, 28102.090301003347, 28197.672240802676, 28293.25418060201, 28388.836120401338, 28484.41806020067, 28580.0], "num_solved": 100, "cmc_vals": [0.0, 0.04, 0.05, 0.08, 0.11, 0.18, 0.22, 0.26, 0.29, 0.34, 0.38, 0.4, 0.41, 0.46, 0.51, 0.51, 0.52, 0.52, 0.53, 0.54, 0.55, 0.56, 0.57, 0.57, 0.58, 0.6, 0.62, 0.62, 0.62, 0.63, 0.63, 0.63, 0.63, 0.64, 0.64, 0.65, 0.65, 0.65, 0.65, 0.65, 0.65, 0.65, 0.65, 0.66, 0.66, 0.68, 0.69, 0.69, 0.7, 0.7, 0.71, 0.71, 0.71, 0.72, 0.72, 0.74, 0.75, 0.76, 0.76, 0.76, 0.77, 0.77, 0.78, 0.78, 0.8, 0.8, 0.8, 0.8, 0.8, 0.8, 0.8, 0.8, 0.8, 0.8, 0.8, 0.8, 0.8, 0.8, 0.81, 0.81, 0.81, 0.82, 0.82, 0.82, 0.83, 0.83, 0.83, 0.83, 0.83, 0.83, 0.84, 0.86, 0.86, 0.86, 0.86, 0.87, 0.87, 0.87, 0.88, 0.88, 0.88, 0.88, 0.88, 0.88, 0.88, 0.88, 0.88, 0.88, 0.88, 0.88, 0.88, 0.88, 0.89, 0.9, 0.9, 0.9, 0.92, 0.93, 0.93, 0.93, 0.94, 0.94, 0.94, 0.95, 0.95, 0.95, 0.95, 0.95, 0.95, 0.95, 0.95, 0.95, 0.95, 0.95, 0.95, 0.95, 0.95, 0.95, 0.95, 0.95, 0.95, 0.95, 0.95, 0.95, 0.95, 0.96, 0.96, 0.96, 0.96, 0.96, 0.97, 0.97, 0.97, 0.97, 0.97, 0.97, 0.97, 0.97, 0.97, 0.97, 0.97, 0.97, 0.97, 0.97, 0.97, 0.97, 0.97, 0.97, 0.97, 0.97, 0.97, 0.97, 0.97, 0.97, 0.97, 0.97, 0.97, 0.97, 0.97, 0.97, 0.97, 0.97, 0.97, 0.97, 0.97, 0.97, 0.97, 0.97, 0.97, 0.97, 0.97, 0.97, 0.97, 0.97, 0.97, 0.97, 0.97, 0.97, 0.97, 0.97, 0.97, 0.97, 0.97, 0.97, 0.97, 0.97, 0.97, 0.97, 0.97, 0.97, 0.97, 0.97, 0.97, 0.97, 0.98, 0.98, 0.98, 0.98, 0.98, 0.98, 0.98, 0.98, 0.98, 0.98, 0.98, 0.98, 0.98, 0.98, 0.98, 0.98, 0.98, 0.98, 0.98, 0.98, 0.98, 0.99, 0.99, 0.99, 0.99, 0.99, 0.99, 0.99, 0.99, 0.99, 0.99, 0.99, 0.99, 0.99, 0.99, 0.99, 0.99, 0.99, 0.99, 0.99, 0.99, 0.99, 0.99, 0.99, 0.99, 0.99, 0.99, 0.99, 0.99, 0.99, 0.99, 0.99, 0.99, 0.99, 0.99, 0.99, 0.99, 0.99, 0.99, 0.99, 0.99, 0.99, 0.99, 0.99, 0.99, 0.99, 0.99, 0.99, 0.99, 0.99, 0.99, 0.99, 0.99, 0.99, 0.99, 0.99, 0.99, 0.99, 0.99, 0.99, 0.99, 0.99, 0.99, 0.99, 0.99, 1.0]}