{"calc_counters": [5647.56], "capture": "MLSL", "cmc_iters": [1.0, 55.86622073578595, 110.7324414715719, 165.59866220735785, 220.4648829431438, 275.33110367892976, 330.1973244147157, 385.0635451505017, 439.9297658862876, 494.79598662207354, 549.6622073578595, 604.5284280936455, 659.3946488294314, 714.2608695652174, 769.1270903010034, 823.9933110367892, 878.8595317725752, 933.7257525083612, 988.5919732441471, 1043.4581939799332, 1098.324414715719, 1153.190635451505, 1208.056856187291, 1262.923076923077, 1317.7892976588628, 1372.6555183946489, 1427.5217391304348, 1482.3879598662206, 1537.2541806020067, 1592.1204013377926, 1646.9866220735785, 1701.8528428093646, 1756.7190635451504, 1811.5852842809363, 1866.4515050167224, 1921.3177257525083, 1976.1839464882942, 2031.0501672240803, 2085.9163879598664, 2140.782608695652, 2195.648829431438, 2250.515050167224, 2305.38127090301, 2360.247491638796, 2415.113712374582, 2469.9799331103677, 2524.846153846154, 2579.71237458194, 2634.5785953177256, 2689.4448160535117, 2744.3110367892978, 2799.1772575250834, 2854.0434782608695, 2908.9096989966556, 2963.7759197324413, 3018.6421404682274, 3073.5083612040135, 3128.374581939799, 3183.240802675585, 3238.1070234113713, 3292.973244147157, 3347.839464882943, 3402.705685618729, 3457.571906354515, 3512.438127090301, 3567.304347826087, 3622.1705685618726, 3677.0367892976587, 3731.903010033445, 3786.7692307692305, 3841.6354515050166, 3896.5016722408027, 3951.3678929765883, 4006.2341137123744, 4061.1003344481605, 4115.966555183946, 4170.832775919733, 4225.698996655518, 4280.565217391304, 4335.431438127091, 4390.297658862876, 4445.163879598662, 4500.030100334448, 4554.896321070234, 4609.76254180602, 4664.628762541806, 4719.494983277592, 4774.361204013378, 4829.227424749164, 4884.09364548495, 4938.959866220735, 4993.826086956522, 5048.692307692308, 5103.558528428093, 5158.42474916388, 5213.2909698996655, 5268.157190635451, 5323.023411371238, 5377.889632107023, 5432.755852842809, 5487.6220735785955, 5542.488294314381, 5597.354515050167, 5652.220735785953, 5707.086956521739, 5761.953177257525, 5816.819397993311, 5871.685618729097, 5926.5518394648825, 5981.418060200669, 6036.284280936455, 6091.15050167224, 6146.016722408027, 6200.882943143813, 6255.749163879598, 6310.615384615385, 6365.48160535117, 6420.347826086956, 6475.214046822743, 6530.080267558528, 6584.946488294314, 6639.8127090301, 6694.678929765886, 6749.545150501672, 6804.411371237458, 6859.277591973244, 6914.14381270903, 6969.010033444816, 7023.876254180602, 7078.742474916387, 7133.608695652174, 7188.47491638796, 7243.341137123745, 7298.207357859532, 7353.0735785953175, 7407.939799331103, 7462.80602006689, 7517.672240802675, 7572.538461538461, 7627.4046822742475, 7682.270903010033, 7737.137123745819, 7792.003344481605, 7846.869565217391, 7901.735785953177, 7956.602006688963, 8011.468227424749, 8066.3344481605345, 8121.200668896321, 8176.066889632107, 8230.933110367892, 8285.799331103679, 8340.665551839465, 8395.53177257525, 8450.397993311037, 8505.264214046823, 8560.130434782608, 8614.996655518395, 8669.862876254181, 8724.729096989966, 8779.595317725752, 8834.461538461539, 8889.327759197324, 8944.19397993311, 8999.060200668897, 9053.926421404682, 9108.792642140468, 9163.658862876255, 9218.52508361204, 9273.391304347826, 9328.257525083613, 9383.123745819397, 9437.989966555184, 9492.85618729097, 9547.722408026755, 9602.588628762542, 9657.454849498328, 9712.321070234113, 9767.1872909699, 9822.053511705686, 9876.91973244147, 9931.785953177257, 9986.652173913044, 10041.518394648829, 10096.384615384615, 10151.250836120402, 10206.117056856187, 10260.983277591973, 10315.84949832776, 10370.715719063544, 10425.581939799331, 10480.448160535117, 10535.314381270902, 10590.180602006689, 10645.046822742475, 10699.91304347826, 10754.779264214047, 10809.645484949833, 10864.511705685618, 10919.377926421404, 10974.244147157191, 11029.110367892976, 11083.976588628762, 11138.842809364549, 11193.709030100334, 11248.57525083612, 11303.441471571907, 11358.307692307691, 11413.173913043478, 11468.040133779265, 11522.90635451505, 11577.772575250836, 11632.638795986622, 11687.505016722407, 11742.371237458194, 11797.23745819398, 11852.103678929765, 11906.969899665552, 11961.836120401338, 12016.702341137123, 12071.56856187291, 12126.434782608696, 12181.30100334448, 12236.167224080267, 12291.033444816054, 12345.899665551839, 12400.765886287625, 12455.632107023412, 12510.498327759196, 12565.364548494983, 12620.23076923077, 12675.096989966554, 12729.96321070234, 12784.829431438127, 12839.695652173912, 12894.561872909699, 12949.428093645485, 13004.29431438127, 13059.160535117056, 13114.026755852843, 13168.892976588628, 13223.759197324414, 13278.6254180602, 13333.491638795986, 13388.357859531772, 13443.224080267559, 13498.090301003343, 13552.95652173913, 13607.822742474917, 13662.688963210701, 13717.555183946488, 13772.421404682274, 13827.28762541806, 13882.153846153846, 13937.020066889632, 13991.886287625417, 14046.752508361204, 14101.61872909699, 14156.484949832775, 14211.351170568561, 14266.217391304348, 14321.083612040133, 14375.94983277592, 14430.816053511706, 14485.68227424749, 14540.548494983277, 14595.414715719064, 14650.280936454848, 14705.147157190635, 14760.013377926422, 14814.879598662206, 14869.745819397993, 14924.61204013378, 14979.478260869564, 15034.34448160535, 15089.210702341137, 15144.076923076922, 15198.943143812709, 15253.809364548495, 15308.67558528428, 15363.541806020066, 15418.408026755853, 15473.274247491638, 15528.140468227424, 15583.00668896321, 15637.872909698995, 15692.739130434782, 15747.605351170569, 15802.471571906353, 15857.33779264214, 15912.204013377926, 15967.070234113711, 16021.936454849498, 16076.802675585284, 16131.668896321069, 16186.535117056856, 16241.401337792642, 16296.267558528427, 16351.133779264213, 16406.0], "num_solved": 100, "cmc_vals": [0.0, 0.0, 0.03, 0.03, 0.03, 0.03, 0.03, 0.05, 0.05, 0.05, 0.05, 0.05, 0.06, 0.06, 0.06, 0.07, 0.07, 0.07, 0.09, 0.09, 0.09, 0.11, 0.11, 0.12, 0.12, 0.13, 0.15, 0.17, 0.18, 0.18, 0.18, 0.19, 0.19, 0.19, 0.19, 0.19, 0.19, 0.19, 0.2, 0.22, 0.22, 0.23, 0.23, 0.24, 0.24, 0.24, 0.25, 0.27, 0.28, 0.28, 0.29, 0.29, 0.3, 0.31, 0.31, 0.31, 0.31, 0.31, 0.31, 0.31, 0.31, 0.32, 0.32, 0.33, 0.33, 0.33, 0.35, 0.35, 0.36, 0.36, 0.36, 0.37, 0.39, 0.39, 0.41, 0.41, 0.42, 0.43, 0.44, 0.45, 0.46, 0.46, 0.47, 0.47, 0.47, 0.48, 0.49, 0.51, 0.52, 0.52, 0.52, 0.52, 0.52, 0.52, 0.52, 0.53, 0.55, 0.57, 0.58, 0.58, 0.58, 0.58, 0.58, 0.6, 0.6, 0.62, 0.62, 0.63, 0.63, 0.63, 0.64, 0.65, 0.65, 0.65, 0.65, 0.66, 0.66, 0.67, 0.68, 0.69, 0.71, 0.71, 0.72, 0.72, 0.72, 0.72, 0.72, 0.72, 0.73, 0.73, 0.73, 0.73, 0.73, 0.74, 0.74, 0.74, 0.74, 0.74, 0.75, 0.75, 0.76, 0.76, 0.76, 0.76, 0.77, 0.77, 0.77, 0.77, 0.77, 0.77, 0.77, 0.77, 0.77, 0.78, 0.78, 0.78, 0.78, 0.78, 0.78, 0.78, 0.78, 0.78, 0.78, 0.78, 0.78, 0.79, 0.79, 0.79, 0.79, 0.79, 0.79, 0.79, 0.79, 0.79, 0.8, 0.8, 0.8, 0.8, 0.81, 0.81, 0.81, 0.81, 0.81, 0.82, 0.82, 0.82, 0.82, 0.82, 0.82, 0.82, 0.82, 0.82, 0.82, 0.83, 0.83, 0.83, 0.83, 0.83, 0.83, 0.83, 0.84, 0.84, 0.84, 0.84, 0.84, 0.84, 0.84, 0.84, 0.84, 0.84, 0.84, 0.85, 0.85, 0.85, 0.85, 0.88, 0.88, 0.88, 0.88, 0.88, 0.89, 0.9, 0.9, 0.9, 0.9, 0.91, 0.91, 0.92, 0.92, 0.93, 0.93, 0.93, 0.93, 0.93, 0.93, 0.93, 0.93, 0.94, 0.94, 0.94, 0.94, 0.96, 0.96, 0.96, 0.96, 0.96, 0.96, 0.96, 0.96, 0.96, 0.96, 0.96, 0.96, 0.97, 0.97, 0.97, 0.97, 0.98, 0.98, 0.98, 0.98, 0.98, 0.98, 0.98, 0.98, 0.98, 0.98, 0.98, 0.98, 0.98, 0.98, 0.98, 0.98, 0.98, 0.99, 0.99, 0.99, 0.99, 0.99, 0.99, 0.99, 0.99, 0.99, 0.99, 0.99, 0.99, 0.99, 0.99, 0.99, 0.99, 0.99, 0.99, 0.99, 0.99, 0.99, 0.99, 0.99, 0.99, 0.99, 1.0]}