{"calc_counters": [5640.1], "capture": "MLSL", "cmc_iters": [1.0, 55.836120401337794, 110.67224080267559, 165.5083612040134, 220.34448160535118, 275.18060200668896, 330.0167224080268, 384.8528428093646, 439.68896321070235, 494.52508361204013, 549.3612040133779, 604.1973244147157, 659.0334448160536, 713.8695652173914, 768.7056856187291, 823.5418060200669, 878.3779264214047, 933.2140468227425, 988.0501672240803, 1042.8862876254182, 1097.7224080267558, 1152.5585284280937, 1207.3946488294314, 1262.2307692307693, 1317.0668896321072, 1371.9030100334448, 1426.7391304347827, 1481.5752508361204, 1536.4113712374583, 1591.247491638796, 1646.0836120401339, 1700.9197324414715, 1755.7558528428094, 1810.5919732441473, 1865.428093645485, 1920.2642140468229, 1975.1003344481605, 2029.9364548494984, 2084.7725752508363, 2139.608695652174, 2194.4448160535117, 2249.28093645485, 2304.1170568561874, 2358.953177257525, 2413.789297658863, 2468.625418060201, 2523.4615384615386, 2578.2976588628762, 2633.1337792642144, 2687.969899665552, 2742.8060200668897, 2797.6421404682274, 2852.4782608695655, 2907.314381270903, 2962.150501672241, 3016.9866220735785, 3071.8227424749166, 3126.6588628762543, 3181.494983277592, 3236.33110367893, 3291.1672240802677, 3346.0033444816054, 3400.839464882943, 3455.675585284281, 3510.511705685619, 3565.3478260869565, 3620.1839464882946, 3675.0200668896323, 3729.85618729097, 3784.6923076923076, 3839.5284280936457, 3894.3645484949834, 3949.200668896321, 4004.036789297659, 4058.872909698997, 4113.7090301003345, 4168.545150501673, 4223.38127090301, 4278.217391304348, 4333.053511705686, 4387.889632107023, 4442.725752508361, 4497.5618729097, 4552.397993311037, 4607.234113712375, 4662.070234113712, 4716.90635451505, 4771.742474916388, 4826.578595317726, 4881.414715719064, 4936.250836120402, 4991.086956521739, 5045.923076923077, 5100.759197324415, 5155.5953177257525, 5210.431438127091, 5265.267558528429, 5320.103678929766, 5374.939799331104, 5429.775919732441, 5484.612040133779, 5539.4481605351175, 5594.284280936455, 5649.120401337793, 5703.956521739131, 5758.792642140468, 5813.628762541806, 5868.464882943144, 5923.301003344482, 5978.13712374582, 6032.973244147157, 6087.809364548495, 6142.645484949833, 6197.48160535117, 6252.3177257525085, 6307.153846153847, 6361.989966555184, 6416.826086956522, 6471.66220735786, 6526.498327759197, 6581.334448160535, 6636.170568561874, 6691.006688963211, 6745.842809364549, 6800.678929765886, 6855.515050167224, 6910.351170568562, 6965.1872909699, 7020.023411371238, 7074.859531772576, 7129.695652173913, 7184.531772575251, 7239.367892976589, 7294.2040133779265, 7349.040133779265, 7403.876254180602, 7458.71237458194, 7513.548494983278, 7568.384615384615, 7623.220735785953, 7678.0568561872915, 7732.892976588629, 7787.729096989967, 7842.565217391305, 7897.401337792642, 7952.23745819398, 8007.073578595318, 8061.909698996656, 8116.745819397994, 8171.581939799331, 8226.418060200669, 8281.254180602007, 8336.090301003345, 8390.926421404683, 8445.76254180602, 8500.598662207358, 8555.434782608696, 8610.270903010034, 8665.107023411372, 8719.943143812709, 8774.779264214047, 8829.615384615385, 8884.451505016723, 8939.287625418061, 8994.1237458194, 9048.959866220735, 9103.795986622074, 9158.632107023412, 9213.46822742475, 9268.304347826088, 9323.140468227424, 9377.976588628762, 9432.8127090301, 9487.648829431439, 9542.484949832777, 9597.321070234115, 9652.157190635451, 9706.99331103679, 9761.829431438127, 9816.665551839465, 9871.501672240804, 9926.33779264214, 9981.173913043478, 10036.010033444816, 10090.846153846154, 10145.682274247492, 10200.51839464883, 10255.354515050167, 10310.190635451505, 10365.026755852843, 10419.862876254181, 10474.69899665552, 10529.535117056857, 10584.371237458194, 10639.207357859532, 10694.04347826087, 10748.879598662208, 10803.715719063546, 10858.551839464883, 10913.38795986622, 10968.224080267559, 11023.060200668897, 11077.896321070235, 11132.732441471573, 11187.56856187291, 11242.404682274248, 11297.240802675586, 11352.076923076924, 11406.913043478262, 11461.749163879598, 11516.585284280936, 11571.421404682274, 11626.257525083613, 11681.09364548495, 11735.929765886289, 11790.765886287625, 11845.602006688963, 11900.438127090301, 11955.27424749164, 12010.110367892978, 12064.946488294314, 12119.782608695652, 12174.61872909699, 12229.454849498328, 12284.290969899666, 12339.127090301005, 12393.96321070234, 12448.799331103679, 12503.635451505017, 12558.471571906355, 12613.307692307693, 12668.14381270903, 12722.979933110368, 12777.816053511706, 12832.652173913044, 12887.488294314382, 12942.32441471572, 12997.160535117056, 13051.996655518395, 13106.832775919733, 13161.66889632107, 13216.505016722409, 13271.341137123747, 13326.177257525083, 13381.013377926422, 13435.84949832776, 13490.685618729098, 13545.521739130436, 13600.357859531772, 13655.19397993311, 13710.030100334448, 13764.866220735787, 13819.702341137125, 13874.538461538463, 13929.3745819398, 13984.210702341137, 14039.046822742475, 14093.882943143813, 14148.719063545152, 14203.555183946488, 14258.391304347826, 14313.227424749164, 14368.063545150502, 14422.89966555184, 14477.735785953178, 14532.571906354515, 14587.408026755853, 14642.244147157191, 14697.08026755853, 14751.916387959867, 14806.752508361204, 14861.588628762542, 14916.42474916388, 14971.260869565218, 15026.096989966556, 15080.933110367894, 15135.76923076923, 15190.605351170569, 15245.441471571907, 15300.277591973245, 15355.113712374583, 15409.949832775921, 15464.785953177257, 15519.622073578596, 15574.458193979934, 15629.294314381272, 15684.13043478261, 15738.966555183946, 15793.802675585284, 15848.638795986622, 15903.47491638796, 15958.311036789299, 16013.147157190637, 16067.983277591973, 16122.819397993311, 16177.65551839465, 16232.491638795987, 16287.327759197326, 16342.163879598662, 16397.0], "num_solved": 100, "cmc_vals": [0.0, 0.02, 0.03, 0.03, 0.03, 0.03, 0.03, 0.05, 0.05, 0.05, 0.05, 0.06, 0.06, 0.06, 0.06, 0.07, 0.07, 0.07, 0.09, 0.09, 0.1, 0.11, 0.11, 0.12, 0.12, 0.13, 0.15, 0.17, 0.18, 0.18, 0.18, 0.18, 0.19, 0.19, 0.19, 0.19, 0.19, 0.19, 0.2, 0.22, 0.22, 0.23, 0.23, 0.24, 0.24, 0.24, 0.25, 0.27, 0.28, 0.28, 0.29, 0.29, 0.3, 0.31, 0.31, 0.31, 0.31, 0.31, 0.31, 0.31, 0.31, 0.32, 0.33, 0.33, 0.33, 0.33, 0.35, 0.35, 0.36, 0.36, 0.36, 0.38, 0.39, 0.39, 0.41, 0.41, 0.42, 0.43, 0.44, 0.45, 0.46, 0.46, 0.47, 0.47, 0.47, 0.48, 0.49, 0.51, 0.52, 0.52, 0.52, 0.52, 0.52, 0.52, 0.52, 0.54, 0.55, 0.57, 0.58, 0.58, 0.58, 0.58, 0.58, 0.6, 0.6, 0.62, 0.62, 0.63, 0.63, 0.63, 0.64, 0.64, 0.65, 0.65, 0.65, 0.66, 0.66, 0.67, 0.68, 0.7, 0.71, 0.71, 0.71, 0.72, 0.72, 0.72, 0.72, 0.72, 0.73, 0.73, 0.73, 0.73, 0.73, 0.73, 0.74, 0.74, 0.74, 0.74, 0.75, 0.75, 0.76, 0.76, 0.76, 0.76, 0.77, 0.77, 0.77, 0.77, 0.77, 0.77, 0.77, 0.77, 0.77, 0.78, 0.78, 0.78, 0.78, 0.78, 0.78, 0.78, 0.78, 0.78, 0.78, 0.78, 0.78, 0.79, 0.79, 0.79, 0.79, 0.79, 0.79, 0.79, 0.79, 0.79, 0.8, 0.8, 0.8, 0.8, 0.81, 0.81, 0.81, 0.81, 0.81, 0.82, 0.82, 0.82, 0.82, 0.82, 0.82, 0.82, 0.82, 0.82, 0.82, 0.83, 0.83, 0.83, 0.83, 0.83, 0.83, 0.83, 0.84, 0.84, 0.84, 0.84, 0.84, 0.84, 0.84, 0.84, 0.84, 0.84, 0.84, 0.85, 0.85, 0.85, 0.85, 0.87, 0.88, 0.88, 0.88, 0.88, 0.89, 0.9, 0.9, 0.9, 0.9, 0.91, 0.92, 0.92, 0.92, 0.93, 0.93, 0.93, 0.93, 0.93, 0.93, 0.93, 0.93, 0.94, 0.94, 0.94, 0.94, 0.96, 0.96, 0.96, 0.96, 0.96, 0.96, 0.96, 0.96, 0.96, 0.96, 0.96, 0.96, 0.97, 0.97, 0.97, 0.98, 0.98, 0.98, 0.98, 0.98, 0.98, 0.98, 0.98, 0.98, 0.98, 0.98, 0.98, 0.98, 0.98, 0.98, 0.98, 0.98, 0.98, 0.99, 0.99, 0.99, 0.99, 0.99, 0.99, 0.99, 0.99, 0.99, 0.99, 0.99, 0.99, 0.99, 0.99, 0.99, 0.99, 0.99, 0.99, 0.99, 0.99, 0.99, 0.99, 0.99, 0.99, 0.99, 1.0]}