{"calc_counters": [6914.337662337663], "capture": "Scipy DE", "cmc_iters": [1.0, 84.74581939799332, 168.49163879598663, 252.23745819397993, 335.98327759197326, 419.7290969899666, 503.47491638795987, 587.2207357859533, 670.9665551839465, 754.7123745819398, 838.4581939799332, 922.2040133779265, 1005.9498327759197, 1089.695652173913, 1173.4414715719065, 1257.1872909698998, 1340.933110367893, 1424.6789297658863, 1508.4247491638796, 1592.170568561873, 1675.9163879598664, 1759.6622073578596, 1843.408026755853, 1927.1538461538462, 2010.8996655518395, 2094.6454849498327, 2178.391304347826, 2262.1371237458197, 2345.882943143813, 2429.6287625418063, 2513.3745819397996, 2597.120401337793, 2680.866220735786, 2764.6120401337794, 2848.3578595317726, 2932.103678929766, 3015.849498327759, 3099.5953177257525, 3183.341137123746, 3267.0869565217395, 3350.8327759197327, 3434.578595317726, 3518.3244147157193, 3602.0702341137126, 3685.816053511706, 3769.561872909699, 3853.3076923076924, 3937.0535117056857, 4020.799331103679, 4104.545150501673, 4188.2909698996655, 4272.036789297659, 4355.782608695652, 4439.528428093646, 4523.2742474916395, 4607.020066889632, 4690.765886287626, 4774.511705685619, 4858.257525083613, 4942.003344481605, 5025.749163879599, 5109.494983277592, 5193.240802675586, 5276.9866220735785, 5360.732441471572, 5444.478260869566, 5528.224080267559, 5611.9698996655525, 5695.715719063545, 5779.461538461539, 5863.207357859532, 5946.953177257526, 6030.698996655518, 6114.444816053512, 6198.190635451505, 6281.936454849499, 6365.682274247492, 6449.428093645485, 6533.173913043479, 6616.919732441472, 6700.6655518394655, 6784.411371237458, 6868.157190635452, 6951.903010033445, 7035.648829431439, 7119.394648829431, 7203.140468227425, 7286.886287625419, 7370.632107023412, 7454.377926421405, 7538.123745819398, 7621.869565217392, 7705.615384615385, 7789.3612040133785, 7873.107023411371, 7956.852842809365, 8040.598662207358, 8124.344481605352, 8208.090301003345, 8291.836120401338, 8375.581939799331, 8459.327759197326, 8543.073578595318, 8626.819397993311, 8710.565217391304, 8794.311036789299, 8878.056856187291, 8961.802675585284, 9045.548494983279, 9129.294314381272, 9213.040133779265, 9296.785953177257, 9380.531772575252, 9464.277591973245, 9548.023411371238, 9631.76923076923, 9715.515050167225, 9799.260869565218, 9883.00668896321, 9966.752508361205, 10050.498327759198, 10134.244147157191, 10217.989966555184, 10301.735785953178, 10385.481605351171, 10469.227424749164, 10552.973244147157, 10636.719063545152, 10720.464882943144, 10804.210702341137, 10887.956521739132, 10971.702341137125, 11055.448160535117, 11139.19397993311, 11222.939799331105, 11306.685618729098, 11390.43143812709, 11474.177257525083, 11557.923076923078, 11641.66889632107, 11725.414715719064, 11809.160535117058, 11892.906354515051, 11976.652173913044, 12060.397993311037, 12144.143812709031, 12227.889632107024, 12311.635451505017, 12395.38127090301, 12479.127090301005, 12562.872909698997, 12646.61872909699, 12730.364548494985, 12814.110367892978, 12897.85618729097, 12981.602006688963, 13065.347826086958, 13149.09364548495, 13232.839464882944, 13316.585284280936, 13400.331103678931, 13484.076923076924, 13567.822742474917, 13651.568561872911, 13735.314381270904, 13819.060200668897, 13902.80602006689, 13986.551839464884, 14070.297658862877, 14154.04347826087, 14237.789297658863, 14321.535117056857, 14405.28093645485, 14489.026755852843, 14572.772575250838, 14656.51839464883, 14740.264214046823, 14824.010033444816, 14907.75585284281, 14991.501672240804, 15075.247491638796, 15158.99331103679, 15242.739130434784, 15326.484949832777, 15410.23076923077, 15493.976588628764, 15577.722408026757, 15661.46822742475, 15745.214046822743, 15828.959866220737, 15912.70568561873, 15996.451505016723, 16080.197324414716, 16163.94314381271, 16247.688963210703, 16331.434782608696, 16415.18060200669, 16498.92642140468, 16582.672240802676, 16666.41806020067, 16750.163879598662, 16833.909698996657, 16917.65551839465, 17001.401337792642, 17085.147157190637, 17168.89297658863, 17252.638795986622, 17336.384615384617, 17420.130434782608, 17503.876254180603, 17587.622073578597, 17671.36789297659, 17755.113712374583, 17838.859531772578, 17922.60535117057, 18006.351170568563, 18090.096989966558, 18173.84280936455, 18257.588628762544, 18341.334448160535, 18425.08026755853, 18508.826086956524, 18592.571906354515, 18676.31772575251, 18760.063545150504, 18843.809364548495, 18927.55518394649, 19011.301003344484, 19095.046822742475, 19178.79264214047, 19262.53846153846, 19346.284280936456, 19430.03010033445, 19513.77591973244, 19597.521739130436, 19681.26755852843, 19765.01337792642, 19848.759197324416, 19932.50501672241, 20016.2508361204, 20099.996655518396, 20183.742474916387, 20267.488294314382, 20351.234113712377, 20434.979933110368, 20518.725752508362, 20602.471571906357, 20686.217391304348, 20769.963210702343, 20853.709030100337, 20937.45484949833, 21021.200668896323, 21104.946488294314, 21188.69230769231, 21272.438127090303, 21356.183946488294, 21439.92976588629, 21523.675585284283, 21607.421404682274, 21691.16722408027, 21774.913043478264, 21858.658862876255, 21942.40468227425, 22026.15050167224, 22109.896321070235, 22193.64214046823, 22277.38795986622, 22361.133779264215, 22444.87959866221, 22528.6254180602, 22612.371237458196, 22696.11705685619, 22779.86287625418, 22863.608695652176, 22947.354515050167, 23031.10033444816, 23114.846153846156, 23198.591973244147, 23282.33779264214, 23366.083612040136, 23449.829431438127, 23533.575250836122, 23617.321070234117, 23701.066889632108, 23784.812709030102, 23868.558528428093, 23952.304347826088, 24036.050167224083, 24119.795986622074, 24203.541806020068, 24287.287625418063, 24371.033444816054, 24454.77926421405, 24538.525083612043, 24622.270903010034, 24706.01672240803, 24789.76254180602, 24873.508361204014, 24957.25418060201, 25041.0], "num_solved": 77, "cmc_vals": [0.0, 0.0, 0.0, 0.0, 0.0, 0.01, 0.02, 0.02, 0.02, 0.02, 0.02, 0.02, 0.03, 0.03, 0.03, 0.03, 0.03, 0.04, 0.04, 0.04, 0.05, 0.05, 0.05, 0.05, 0.05, 0.05, 0.05, 0.05, 0.05, 0.05, 0.05, 0.05, 0.05, 0.06, 0.06, 0.07, 0.07, 0.08, 0.08, 0.1, 0.12, 0.12, 0.12, 0.13, 0.13, 0.14, 0.15, 0.16, 0.16, 0.16, 0.16, 0.17, 0.17, 0.17, 0.17, 0.17, 0.2, 0.21, 0.23, 0.23, 0.23, 0.23, 0.24, 0.24, 0.26, 0.27, 0.28, 0.3, 0.31, 0.32, 0.32, 0.33, 0.33, 0.33, 0.34, 0.35, 0.36, 0.36, 0.36, 0.36, 0.37, 0.37, 0.37, 0.38, 0.39, 0.4, 0.4, 0.41, 0.45, 0.45, 0.45, 0.45, 0.45, 0.46, 0.46, 0.47, 0.47, 0.48, 0.48, 0.49, 0.5, 0.51, 0.51, 0.52, 0.54, 0.54, 0.56, 0.57, 0.57, 0.58, 0.6, 0.62, 0.62, 0.65, 0.65, 0.65, 0.65, 0.65, 0.65, 0.65, 0.65, 0.66, 0.66, 0.66, 0.67, 0.67, 0.67, 0.68, 0.68, 0.68, 0.68, 0.68, 0.69, 0.69, 0.69, 0.69, 0.69, 0.7, 0.7, 0.7, 0.7, 0.7, 0.71, 0.71, 0.71, 0.71, 0.71, 0.71, 0.71, 0.71, 0.73, 0.73, 0.73, 0.73, 0.73, 0.73, 0.74, 0.75, 0.75, 0.75, 0.75, 0.75, 0.75, 0.75, 0.75, 0.75, 0.75, 0.75, 0.75, 0.76, 0.76, 0.76, 0.76, 0.76, 0.77, 0.77, 0.77, 0.77, 0.77, 0.77, 0.77, 0.77, 0.77, 0.77, 0.77, 0.77, 0.77, 0.77, 0.77, 0.77, 0.77, 0.77, 0.77, 0.77, 0.77, 0.77, 0.77, 0.77, 0.77, 0.77, 0.77, 0.77, 0.77, 0.77, 0.77, 0.77, 0.77, 0.77, 0.77, 0.77, 0.77, 0.77, 0.77, 0.77, 0.77, 0.77, 0.77, 0.77, 0.77, 0.77, 0.77, 0.77, 0.77, 0.77, 0.77, 0.77, 0.77, 0.77, 0.77, 0.77, 0.77, 0.77, 0.77, 0.77, 0.77, 0.77, 0.77, 0.77, 0.77, 0.77, 0.77, 0.77, 0.77, 0.77, 0.77, 0.77, 0.77, 0.77, 0.77, 0.77, 0.77, 0.77, 0.77, 0.77, 0.77, 0.77, 0.77, 0.77, 0.77, 0.77, 0.77, 0.77, 0.77, 0.77, 0.77, 0.77, 0.77, 0.77, 0.77, 0.77, 0.77, 0.77, 0.77, 0.77, 0.77, 0.77, 0.77, 0.77, 0.77, 0.77, 0.77, 0.77, 0.77, 0.77, 0.77, 0.77, 0.77, 0.77, 0.77, 0.77, 0.77, 0.77, 0.77, 0.77, 0.77, 0.77, 0.77, 0.77, 0.77, 0.77]}