{"calc_counters": [4708.431818181818], "capture": "Simulated annealing", "cmc_iters": [1.0, 84.96321070234114, 168.9264214046823, 252.88963210702343, 336.8528428093646, 420.8160535117057, 504.77926421404686, 588.742474916388, 672.7056856187291, 756.6688963210703, 840.6321070234114, 924.5953177257526, 1008.5585284280937, 1092.521739130435, 1176.484949832776, 1260.448160535117, 1344.4113712374583, 1428.3745819397996, 1512.3377926421406, 1596.3010033444816, 1680.2642140468229, 1764.2274247491641, 1848.1906354515052, 1932.1538461538462, 2016.1170568561874, 2100.0802675585287, 2184.04347826087, 2268.0066889632108, 2351.969899665552, 2435.9331103678933, 2519.896321070234, 2603.8595317725753, 2687.8227424749166, 2771.785953177258, 2855.749163879599, 2939.71237458194, 3023.675585284281, 3107.6387959866224, 3191.6020066889632, 3275.5652173913045, 3359.5284280936457, 3443.491638795987, 3527.4548494983283, 3611.418060200669, 3695.3812709030103, 3779.3444816053516, 3863.3076923076924, 3947.2709030100336, 4031.234113712375, 4115.197324414716, 4199.160535117057, 4283.123745819398, 4367.08695652174, 4451.050167224081, 4535.0133779264215, 4618.976588628763, 4702.939799331104, 4786.903010033445, 4870.866220735787, 4954.829431438127, 5038.792642140468, 5122.75585284281, 5206.719063545151, 5290.682274247492, 5374.645484949833, 5458.608695652174, 5542.571906354516, 5626.5351170568565, 5710.498327759198, 5794.461538461539, 5878.42474916388, 5962.3879598662215, 6046.351170568562, 6130.314381270903, 6214.277591973245, 6298.240802675586, 6382.2040133779265, 6466.167224080268, 6550.130434782609, 6634.093645484951, 6718.0568561872915, 6802.020066889632, 6885.983277591974, 6969.946488294315, 7053.9096989966565, 7137.872909698997, 7221.836120401338, 7305.79933110368, 7389.762541806021, 7473.725752508361, 7557.688963210703, 7641.652173913044, 7725.615384615385, 7809.5785953177265, 7893.541806020067, 7977.505016722409, 8061.46822742475, 8145.431438127091, 8229.394648829431, 8313.357859531774, 8397.321070234115, 8481.284280936456, 8565.247491638796, 8649.210702341137, 8733.17391304348, 8817.13712374582, 8901.100334448161, 8985.063545150502, 9069.026755852843, 9152.989966555184, 9236.953177257526, 9320.916387959867, 9404.879598662208, 9488.842809364549, 9572.80602006689, 9656.769230769232, 9740.732441471573, 9824.695652173914, 9908.658862876255, 9992.622073578596, 10076.585284280936, 10160.548494983279, 10244.51170568562, 10328.47491638796, 10412.438127090301, 10496.401337792642, 10580.364548494985, 10664.327759197326, 10748.290969899666, 10832.254180602007, 10916.217391304348, 11000.18060200669, 11084.143812709031, 11168.107023411372, 11252.070234113713, 11336.033444816054, 11419.996655518396, 11503.959866220737, 11587.923076923078, 11671.886287625419, 11755.84949832776, 11839.8127090301, 11923.775919732443, 12007.739130434784, 12091.702341137125, 12175.665551839465, 12259.628762541806, 12343.591973244149, 12427.55518394649, 12511.51839464883, 12595.481605351171, 12679.444816053512, 12763.408026755853, 12847.371237458196, 12931.334448160536, 13015.297658862877, 13099.260869565218, 13183.224080267559, 13267.187290969901, 13351.150501672242, 13435.113712374583, 13519.076923076924, 13603.040133779265, 13687.003344481607, 13770.966555183948, 13854.929765886289, 13938.89297658863, 14022.85618729097, 14106.819397993313, 14190.782608695654, 14274.745819397995, 14358.709030100335, 14442.672240802676, 14526.635451505017, 14610.59866220736, 14694.5618729097, 14778.525083612041, 14862.488294314382, 14946.451505016723, 15030.414715719065, 15114.377926421406, 15198.341137123747, 15282.304347826088, 15366.267558528429, 15450.23076923077, 15534.193979933112, 15618.157190635453, 15702.120401337794, 15786.083612040135, 15870.046822742475, 15954.010033444818, 16037.973244147159, 16121.9364548495, 16205.89966555184, 16289.862876254181, 16373.826086956524, 16457.789297658863, 16541.752508361205, 16625.715719063548, 16709.678929765887, 16793.64214046823, 16877.60535117057, 16961.56856187291, 17045.531772575254, 17129.494983277593, 17213.458193979935, 17297.421404682274, 17381.384615384617, 17465.34782608696, 17549.3110367893, 17633.27424749164, 17717.23745819398, 17801.200668896323, 17885.163879598662, 17969.127090301005, 18053.090301003347, 18137.053511705686, 18221.01672240803, 18304.979933110368, 18388.94314381271, 18472.906354515053, 18556.869565217392, 18640.832775919735, 18724.795986622074, 18808.759197324416, 18892.72240802676, 18976.685618729098, 19060.64882943144, 19144.61204013378, 19228.575250836122, 19312.538461538465, 19396.501672240804, 19480.464882943146, 19564.428093645485, 19648.391304347828, 19732.35451505017, 19816.31772575251, 19900.280936454852, 19984.24414715719, 20068.207357859534, 20152.170568561873, 20236.133779264215, 20320.096989966558, 20404.060200668897, 20488.02341137124, 20571.98662207358, 20655.94983277592, 20739.913043478264, 20823.876254180603, 20907.839464882945, 20991.802675585284, 21075.765886287627, 21159.72909698997, 21243.69230769231, 21327.65551839465, 21411.61872909699, 21495.581939799333, 21579.545150501675, 21663.508361204014, 21747.471571906357, 21831.434782608696, 21915.39799331104, 21999.36120401338, 22083.32441471572, 22167.287625418063, 22251.2508361204, 22335.214046822744, 22419.177257525087, 22503.140468227426, 22587.10367892977, 22671.066889632108, 22755.03010033445, 22838.993311036793, 22922.956521739132, 23006.919732441474, 23090.882943143813, 23174.846153846156, 23258.809364548495, 23342.772575250838, 23426.73578595318, 23510.69899665552, 23594.662207357862, 23678.6254180602, 23762.588628762544, 23846.551839464886, 23930.515050167225, 24014.478260869568, 24098.441471571907, 24182.40468227425, 24266.367892976592, 24350.33110367893, 24434.294314381274, 24518.257525083613, 24602.220735785955, 24686.183946488298, 24770.147157190637, 24854.11036789298, 24938.07357859532, 25022.03678929766, 25106.0], "num_solved": 88, "cmc_vals": [0.0, 0.01, 0.03, 0.04, 0.09, 0.16, 0.19, 0.22, 0.23, 0.25, 0.3, 0.31, 0.32, 0.33, 0.35, 0.36, 0.36, 0.37, 0.37, 0.37, 0.38, 0.4, 0.4, 0.42, 0.42, 0.43, 0.44, 0.44, 0.45, 0.45, 0.45, 0.45, 0.45, 0.46, 0.46, 0.46, 0.46, 0.46, 0.46, 0.46, 0.46, 0.46, 0.46, 0.46, 0.46, 0.47, 0.47, 0.47, 0.48, 0.48, 0.49, 0.49, 0.49, 0.49, 0.49, 0.5, 0.51, 0.51, 0.51, 0.51, 0.52, 0.52, 0.52, 0.52, 0.52, 0.52, 0.53, 0.55, 0.56, 0.57, 0.59, 0.6, 0.6, 0.62, 0.63, 0.64, 0.66, 0.67, 0.67, 0.68, 0.69, 0.69, 0.69, 0.69, 0.7, 0.7, 0.7, 0.7, 0.7, 0.71, 0.71, 0.71, 0.71, 0.71, 0.71, 0.71, 0.71, 0.71, 0.71, 0.71, 0.71, 0.71, 0.71, 0.71, 0.71, 0.71, 0.71, 0.72, 0.73, 0.73, 0.73, 0.73, 0.73, 0.73, 0.73, 0.73, 0.73, 0.73, 0.73, 0.73, 0.73, 0.73, 0.73, 0.73, 0.73, 0.73, 0.73, 0.73, 0.73, 0.73, 0.73, 0.73, 0.75, 0.78, 0.78, 0.78, 0.79, 0.8, 0.8, 0.8, 0.8, 0.8, 0.8, 0.8, 0.8, 0.8, 0.8, 0.8, 0.8, 0.8, 0.8, 0.8, 0.8, 0.8, 0.8, 0.8, 0.8, 0.8, 0.8, 0.8, 0.81, 0.81, 0.81, 0.81, 0.81, 0.81, 0.81, 0.81, 0.81, 0.81, 0.81, 0.81, 0.81, 0.82, 0.82, 0.82, 0.82, 0.82, 0.82, 0.82, 0.82, 0.82, 0.82, 0.82, 0.82, 0.82, 0.82, 0.82, 0.82, 0.82, 0.82, 0.82, 0.82, 0.82, 0.82, 0.82, 0.83, 0.83, 0.83, 0.83, 0.83, 0.84, 0.84, 0.85, 0.86, 0.86, 0.86, 0.86, 0.86, 0.86, 0.87, 0.87, 0.87, 0.87, 0.87, 0.87, 0.87, 0.87, 0.87, 0.87, 0.87, 0.87, 0.87, 0.87, 0.87, 0.87, 0.87, 0.87, 0.87, 0.87, 0.87, 0.87, 0.87, 0.87, 0.87, 0.87, 0.87, 0.87, 0.87, 0.87, 0.87, 0.87, 0.87, 0.87, 0.87, 0.87, 0.87, 0.87, 0.87, 0.87, 0.87, 0.87, 0.87, 0.87, 0.87, 0.87, 0.87, 0.87, 0.87, 0.87, 0.87, 0.87, 0.87, 0.87, 0.87, 0.88, 0.88, 0.88, 0.88, 0.88, 0.88, 0.88, 0.88, 0.88, 0.88, 0.88, 0.88, 0.88, 0.88, 0.88, 0.88, 0.88, 0.88, 0.88, 0.88, 0.88, 0.88, 0.88, 0.88, 0.88, 0.88, 0.88, 0.88, 0.88, 0.88, 0.88, 0.88, 0.88, 0.88, 0.88]}