{"calc_counters": [14635.693548387097], "capture": "StoGO", "cmc_iters": [1.0, 201.66889632107024, 402.33779264214047, 603.0066889632108, 803.6755852842809, 1004.3444816053511, 1205.0133779264215, 1405.6822742474917, 1606.3511705685619, 1807.020066889632, 2007.6889632107022, 2208.3578595317726, 2409.026755852843, 2609.695652173913, 2810.3645484949834, 3011.0334448160534, 3211.7023411371238, 3412.371237458194, 3613.040133779264, 3813.7090301003345, 4014.3779264214045, 4215.046822742475, 4415.715719063545, 4616.384615384615, 4817.053511705686, 5017.722408026756, 5218.391304347826, 5419.060200668896, 5619.729096989967, 5820.397993311037, 6021.066889632107, 6221.735785953178, 6422.4046822742475, 6623.0735785953175, 6823.742474916388, 7024.411371237458, 7225.080267558528, 7425.749163879599, 7626.418060200669, 7827.086956521739, 8027.755852842809, 8228.42474916388, 8429.09364548495, 8629.76254180602, 8830.43143812709, 9031.100334448161, 9231.76923076923, 9432.438127090301, 9633.107023411372, 9833.775919732441, 10034.444816053512, 10235.113712374581, 10435.782608695652, 10636.451505016723, 10837.120401337792, 11037.789297658863, 11238.458193979934, 11439.127090301003, 11639.795986622074, 11840.464882943144, 12041.133779264213, 12241.802675585284, 12442.471571906355, 12643.140468227424, 12843.809364548495, 13044.478260869566, 13245.147157190635, 13445.816053511706, 13646.484949832777, 13847.153846153846, 14047.822742474917, 14248.491638795987, 14449.160535117056, 14649.829431438127, 14850.498327759198, 15051.167224080267, 15251.836120401338, 15452.505016722409, 15653.173913043478, 15853.842809364549, 16054.511705685618, 16255.180602006689, 16455.84949832776, 16656.51839464883, 16857.1872909699, 17057.85618729097, 17258.52508361204, 17459.193979933112, 17659.86287625418, 17860.53177257525, 18061.200668896323, 18261.869565217392, 18462.53846153846, 18663.207357859534, 18863.876254180603, 19064.54515050167, 19265.214046822744, 19465.882943143813, 19666.551839464883, 19867.22073578595, 20067.889632107024, 20268.558528428093, 20469.227424749162, 20669.896321070235, 20870.565217391304, 21071.234113712373, 21271.903010033446, 21472.571906354515, 21673.240802675584, 21873.909698996657, 22074.578595317726, 22275.247491638795, 22475.916387959867, 22676.585284280936, 22877.254180602005, 23077.923076923078, 23278.591973244147, 23479.260869565216, 23679.92976588629, 23880.598662207358, 24081.267558528427, 24281.9364548495, 24482.60535117057, 24683.274247491638, 24883.94314381271, 25084.61204013378, 25285.28093645485, 25485.94983277592, 25686.61872909699, 25887.28762541806, 26087.956521739132, 26288.6254180602, 26489.29431438127, 26689.963210702343, 26890.63210702341, 27091.30100334448, 27291.969899665553, 27492.638795986622, 27693.30769230769, 27893.976588628764, 28094.645484949833, 28295.314381270902, 28495.983277591975, 28696.652173913044, 28897.321070234113, 29097.989966555186, 29298.658862876255, 29499.327759197324, 29699.996655518396, 29900.665551839465, 30101.334448160535, 30302.003344481607, 30502.672240802676, 30703.341137123745, 30904.010033444818, 31104.678929765887, 31305.347826086956, 31506.01672240803, 31706.685618729098, 31907.354515050167, 32108.023411371236, 32308.69230769231, 32509.361204013378, 32710.030100334447, 32910.69899665552, 33111.36789297659, 33312.03678929766, 33512.70568561873, 33713.3745819398, 33914.04347826087, 34114.71237458194, 34315.38127090301, 34516.05016722408, 34716.71906354515, 34917.387959866224, 35118.05685618729, 35318.72575250836, 35519.39464882943, 35720.0635451505, 35920.73244147157, 36121.401337792646, 36322.070234113715, 36522.739130434784, 36723.40802675585, 36924.07692307692, 37124.74581939799, 37325.41471571907, 37526.083612040136, 37726.752508361205, 37927.421404682274, 38128.09030100334, 38328.75919732441, 38529.42809364549, 38730.09698996656, 38930.76588628763, 39131.434782608696, 39332.103678929765, 39532.772575250834, 39733.4414715719, 39934.11036789298, 40134.77926421405, 40335.44816053512, 40536.11705685619, 40736.785953177256, 40937.454849498325, 41138.1237458194, 41338.79264214047, 41539.46153846154, 41740.13043478261, 41940.79933110368, 42141.468227424746, 42342.13712374582, 42542.80602006689, 42743.47491638796, 42944.14381270903, 43144.8127090301, 43345.48160535117, 43546.150501672244, 43746.81939799331, 43947.48829431438, 44148.15719063545, 44348.82608695652, 44549.49498327759, 44750.163879598666, 44950.832775919735, 45151.5016722408, 45352.17056856187, 45552.83946488294, 45753.50836120401, 45954.17725752509, 46154.846153846156, 46355.515050167225, 46556.183946488294, 46756.85284280936, 46957.52173913043, 47158.19063545151, 47358.85953177258, 47559.52842809365, 47760.197324414716, 47960.866220735785, 48161.535117056854, 48362.20401337793, 48562.872909699, 48763.54180602007, 48964.21070234114, 49164.879598662206, 49365.548494983275, 49566.21739130435, 49766.88628762542, 49967.55518394649, 50168.22408026756, 50368.89297658863, 50569.5618729097, 50770.23076923077, 50970.89966555184, 51171.56856187291, 51372.23745819398, 51572.90635451505, 51773.57525083612, 51974.24414715719, 52174.913043478264, 52375.58193979933, 52576.2508361204, 52776.91973244147, 52977.58862876254, 53178.25752508361, 53378.926421404685, 53579.595317725754, 53780.26421404682, 53980.93311036789, 54181.60200668896, 54382.27090301003, 54582.93979933111, 54783.608695652176, 54984.277591973245, 55184.946488294314, 55385.61538461538, 55586.28428093645, 55786.95317725753, 55987.6220735786, 56188.29096989967, 56388.959866220735, 56589.628762541804, 56790.29765886287, 56990.96655518395, 57191.63545150502, 57392.30434782609, 57592.97324414716, 57793.642140468226, 57994.311036789295, 58194.97993311037, 58395.64882943144, 58596.31772575251, 58796.98662207358, 58997.65551839465, 59198.32441471572, 59398.99331103679, 59599.66220735786, 59800.33110367893, 60001.0], "num_solved": 62, "cmc_vals": [0.0, 0.01, 0.02, 0.03, 0.08, 0.08, 0.1, 0.1, 0.1, 0.1, 0.11, 0.12, 0.13, 0.14, 0.14, 0.17, 0.19, 0.2, 0.2, 0.21, 0.21, 0.21, 0.22, 0.22, 0.23, 0.23, 0.24, 0.25, 0.25, 0.25, 0.26, 0.26, 0.27, 0.28, 0.28, 0.28, 0.28, 0.28, 0.29, 0.29, 0.29, 0.29, 0.29, 0.29, 0.29, 0.29, 0.29, 0.29, 0.3, 0.3, 0.32, 0.34, 0.34, 0.35, 0.35, 0.36, 0.36, 0.36, 0.36, 0.36, 0.36, 0.37, 0.37, 0.37, 0.37, 0.37, 0.39, 0.39, 0.39, 0.39, 0.39, 0.4, 0.4, 0.4, 0.4, 0.4, 0.4, 0.4, 0.4, 0.41, 0.41, 0.41, 0.41, 0.41, 0.41, 0.42, 0.42, 0.42, 0.42, 0.43, 0.43, 0.44, 0.45, 0.45, 0.45, 0.46, 0.46, 0.47, 0.47, 0.48, 0.48, 0.49, 0.5, 0.5, 0.5, 0.5, 0.5, 0.5, 0.5, 0.5, 0.5, 0.5, 0.5, 0.5, 0.5, 0.5, 0.5, 0.5, 0.5, 0.5, 0.5, 0.5, 0.5, 0.5, 0.5, 0.5, 0.5, 0.5, 0.5, 0.5, 0.51, 0.51, 0.51, 0.52, 0.52, 0.52, 0.52, 0.52, 0.52, 0.52, 0.52, 0.52, 0.52, 0.52, 0.52, 0.52, 0.52, 0.52, 0.52, 0.52, 0.52, 0.52, 0.52, 0.52, 0.52, 0.52, 0.52, 0.52, 0.52, 0.52, 0.52, 0.52, 0.52, 0.52, 0.52, 0.52, 0.52, 0.52, 0.52, 0.52, 0.52, 0.52, 0.52, 0.52, 0.52, 0.52, 0.54, 0.54, 0.54, 0.54, 0.54, 0.54, 0.54, 0.54, 0.54, 0.54, 0.54, 0.54, 0.54, 0.54, 0.54, 0.54, 0.54, 0.54, 0.54, 0.54, 0.54, 0.54, 0.54, 0.54, 0.54, 0.54, 0.54, 0.54, 0.54, 0.55, 0.55, 0.56, 0.56, 0.56, 0.56, 0.57, 0.57, 0.57, 0.57, 0.57, 0.57, 0.57, 0.57, 0.57, 0.57, 0.57, 0.57, 0.57, 0.57, 0.57, 0.57, 0.57, 0.57, 0.57, 0.57, 0.57, 0.57, 0.57, 0.57, 0.57, 0.57, 0.57, 0.57, 0.57, 0.57, 0.57, 0.57, 0.57, 0.57, 0.57, 0.57, 0.57, 0.57, 0.57, 0.57, 0.58, 0.58, 0.59, 0.59, 0.59, 0.59, 0.6, 0.6, 0.6, 0.6, 0.6, 0.6, 0.6, 0.6, 0.6, 0.6, 0.6, 0.6, 0.6, 0.6, 0.6, 0.6, 0.6, 0.6, 0.61, 0.61, 0.61, 0.61, 0.61, 0.61, 0.61, 0.61, 0.61, 0.61, 0.61, 0.61, 0.61, 0.61, 0.61, 0.61, 0.61, 0.61, 0.61, 0.61, 0.61, 0.61, 0.62, 0.62, 0.62]}