{"calc_counters": [26654.07], "capture": "AGS", "cmc_iters": [1.0, 287.9297658862876, 574.8595317725752, 861.7892976588628, 1148.7190635451504, 1435.6488294314381, 1722.5785953177256, 2009.5083612040132, 2296.438127090301, 2583.3678929765883, 2870.2976588628762, 3157.2274247491637, 3444.157190635451, 3731.086956521739, 4018.0167224080265, 4304.946488294314, 4591.876254180602, 4878.80602006689, 5165.735785953177, 5452.665551839465, 5739.5953177257525, 6026.525083612039, 6313.454849498327, 6600.384615384615, 6887.314381270902, 7174.24414715719, 7461.173913043478, 7748.103678929766, 8035.033444816053, 8321.96321070234, 8608.892976588628, 8895.822742474917, 9182.752508361204, 9469.68227424749, 9756.61204013378, 10043.541806020066, 10330.471571906353, 10617.401337792642, 10904.33110367893, 11191.260869565216, 11478.190635451505, 11765.120401337792, 12052.050167224079, 12338.979933110368, 12625.909698996655, 12912.839464882942, 13199.76923076923, 13486.698996655517, 13773.628762541804, 14060.558528428093, 14347.48829431438, 14634.418060200669, 14921.347826086956, 15208.277591973243, 15495.207357859532, 15782.137123745819, 16069.066889632106, 16355.996655518395, 16642.92642140468, 16929.85618729097, 17216.785953177256, 17503.715719063544, 17790.645484949833, 18077.57525083612, 18364.505016722407, 18651.434782608696, 18938.36454849498, 19225.29431438127, 19512.22408026756, 19799.153846153844, 20086.083612040133, 20373.01337792642, 20659.943143812707, 20946.872909698995, 21233.802675585284, 21520.73244147157, 21807.66220735786, 22094.591973244147, 22381.521739130432, 22668.45150501672, 22955.38127090301, 23242.311036789295, 23529.240802675584, 23816.170568561873, 24103.100334448158, 24390.030100334447, 24676.959866220735, 24963.88963210702, 25250.81939799331, 25537.7491638796, 25824.678929765883, 26111.608695652172, 26398.53846153846, 26685.468227424746, 26972.397993311035, 27259.327759197324, 27546.25752508361, 27833.187290969898, 28120.117056856187, 28407.046822742475, 28693.97658862876, 28980.90635451505, 29267.836120401338, 29554.765886287623, 29841.695652173912, 30128.6254180602, 30415.555183946486, 30702.484949832775, 30989.414715719064, 31276.34448160535, 31563.274247491638, 31850.204013377926, 32137.13377926421, 32424.0635451505, 32710.99331103679, 32997.92307692308, 33284.85284280936, 33571.78260869565, 33858.71237458194, 34145.642140468226, 34432.57190635451, 34719.5016722408, 35006.43143812709, 35293.361204013374, 35580.29096989967, 35867.22073578595, 36154.15050167224, 36441.08026755853, 36728.010033444814, 37014.9397993311, 37301.86956521739, 37588.79933110368, 37875.72909698996, 38162.658862876255, 38449.58862876254, 38736.518394648825, 39023.44816053512, 39310.3779264214, 39597.30769230769, 39884.23745819398, 40171.167224080265, 40458.09698996655, 40745.02675585284, 41031.95652173913, 41318.88628762541, 41605.816053511706, 41892.74581939799, 42179.675585284276, 42466.60535117057, 42753.535117056854, 43040.46488294314, 43327.39464882943, 43614.32441471572, 43901.254180602, 44188.183946488294, 44475.11371237458, 44762.043478260865, 45048.97324414716, 45335.90301003344, 45622.83277591973, 45909.76254180602, 46196.692307692305, 46483.62207357859, 46770.55183946488, 47057.48160535117, 47344.41137123745, 47631.341137123745, 47918.27090301003, 48205.200668896316, 48492.13043478261, 48779.06020066889, 49065.98996655518, 49352.91973244147, 49639.849498327756, 49926.77926421404, 50213.70903010033, 50500.63879598662, 50787.568561872904, 51074.4983277592, 51361.42809364548, 51648.35785953177, 51935.28762541806, 52222.217391304344, 52509.14715719063, 52796.07692307692, 53083.00668896321, 53369.93645484949, 53656.866220735785, 53943.79598662207, 54230.725752508355, 54517.65551839465, 54804.58528428093, 55091.51505016722, 55378.44481605351, 55665.374581939795, 55952.30434782609, 56239.23411371237, 56526.16387959866, 56813.09364548495, 57100.023411371236, 57386.95317725752, 57673.88294314381, 57960.8127090301, 58247.742474916384, 58534.672240802676, 58821.60200668896, 59108.53177257525, 59395.46153846154, 59682.391304347824, 59969.32107023411, 60256.2508361204, 60543.18060200669, 60830.11036789297, 61117.040133779265, 61403.96989966555, 61690.899665551835, 61977.82943143813, 62264.75919732441, 62551.6889632107, 62838.61872909699, 63125.548494983275, 63412.47826086956, 63699.40802675585, 63986.33779264214, 64273.26755852842, 64560.197324414716, 64847.127090301, 65134.056856187286, 65420.98662207358, 65707.91638795986, 65994.84615384616, 66281.77591973243, 66568.70568561873, 66855.63545150502, 67142.5652173913, 67429.49498327759, 67716.42474916388, 68003.35451505016, 68290.28428093645, 68577.21404682274, 68864.14381270902, 69151.07357859531, 69438.0033444816, 69724.93311036789, 70011.86287625418, 70298.79264214047, 70585.72240802675, 70872.65217391304, 71159.58193979933, 71446.51170568561, 71733.4414715719, 72020.3712374582, 72307.30100334447, 72594.23076923077, 72881.16053511706, 73168.09030100334, 73455.02006688963, 73741.94983277592, 74028.8795986622, 74315.80936454849, 74602.73913043478, 74889.66889632106, 75176.59866220735, 75463.52842809365, 75750.45819397992, 76037.38795986622, 76324.31772575251, 76611.24749163879, 76898.17725752508, 77185.10702341137, 77472.03678929765, 77758.96655518394, 78045.89632107023, 78332.82608695651, 78619.7558528428, 78906.6856187291, 79193.61538461538, 79480.54515050167, 79767.47491638796, 80054.40468227424, 80341.33444816053, 80628.26421404682, 80915.1939799331, 81202.1237458194, 81489.05351170569, 81775.98327759196, 82062.91304347826, 82349.84280936455, 82636.77257525083, 82923.70234113712, 83210.63210702341, 83497.56187290969, 83784.49163879598, 84071.42140468227, 84358.35117056855, 84645.28093645484, 84932.21070234114, 85219.14046822742, 85506.07023411371, 85793.0], "num_solved": 100, "cmc_vals": [0.0, 0.0, 0.0, 0.0, 0.01, 0.01, 0.01, 0.01, 0.01, 0.01, 0.01, 0.02, 0.02, 0.03, 0.06, 0.06, 0.08, 0.08, 0.1, 0.11, 0.11, 0.11, 0.11, 0.12, 0.12, 0.12, 0.13, 0.13, 0.13, 0.13, 0.14, 0.14, 0.14, 0.14, 0.15, 0.16, 0.18, 0.18, 0.19, 0.21, 0.21, 0.22, 0.23, 0.24, 0.25, 0.26, 0.27, 0.27, 0.28, 0.29, 0.3, 0.33, 0.33, 0.34, 0.35, 0.37, 0.38, 0.38, 0.38, 0.38, 0.38, 0.39, 0.39, 0.39, 0.39, 0.39, 0.39, 0.4, 0.41, 0.42, 0.43, 0.43, 0.44, 0.44, 0.44, 0.46, 0.47, 0.49, 0.5, 0.5, 0.5, 0.51, 0.51, 0.51, 0.52, 0.52, 0.52, 0.52, 0.52, 0.52, 0.55, 0.55, 0.58, 0.58, 0.58, 0.58, 0.58, 0.58, 0.59, 0.59, 0.61, 0.61, 0.61, 0.62, 0.62, 0.62, 0.62, 0.62, 0.62, 0.63, 0.64, 0.66, 0.66, 0.66, 0.66, 0.67, 0.68, 0.69, 0.69, 0.69, 0.71, 0.71, 0.72, 0.72, 0.72, 0.72, 0.73, 0.73, 0.73, 0.74, 0.75, 0.75, 0.75, 0.75, 0.76, 0.76, 0.77, 0.77, 0.77, 0.77, 0.77, 0.77, 0.79, 0.79, 0.79, 0.81, 0.81, 0.82, 0.84, 0.84, 0.86, 0.86, 0.86, 0.86, 0.86, 0.86, 0.86, 0.87, 0.87, 0.87, 0.87, 0.88, 0.88, 0.88, 0.88, 0.88, 0.88, 0.88, 0.88, 0.88, 0.89, 0.89, 0.9, 0.9, 0.9, 0.9, 0.9, 0.91, 0.91, 0.91, 0.91, 0.91, 0.91, 0.91, 0.91, 0.91, 0.91, 0.91, 0.91, 0.92, 0.92, 0.92, 0.92, 0.92, 0.92, 0.92, 0.92, 0.92, 0.93, 0.93, 0.94, 0.94, 0.95, 0.95, 0.95, 0.95, 0.95, 0.95, 0.95, 0.95, 0.95, 0.95, 0.95, 0.95, 0.95, 0.95, 0.95, 0.95, 0.95, 0.95, 0.95, 0.95, 0.95, 0.95, 0.95, 0.95, 0.95, 0.95, 0.95, 0.95, 0.95, 0.95, 0.95, 0.95, 0.95, 0.95, 0.95, 0.95, 0.95, 0.96, 0.96, 0.96, 0.97, 0.97, 0.97, 0.97, 0.97, 0.98, 0.98, 0.98, 0.98, 0.98, 0.98, 0.98, 0.98, 0.98, 0.98, 0.98, 0.99, 0.99, 0.99, 0.99, 0.99, 0.99, 0.99, 0.99, 0.99, 0.99, 0.99, 0.99, 0.99, 0.99, 0.99, 0.99, 0.99, 0.99, 0.99, 0.99, 0.99, 0.99, 0.99, 0.99, 0.99, 0.99, 0.99, 0.99, 0.99, 0.99, 0.99, 0.99, 0.99, 0.99, 0.99, 0.99, 0.99, 0.99, 0.99, 0.99, 0.99, 1.0]}