{"calc_counters": [37436.760869565216], "capture": "CRS", "cmc_iters": [1.0, 502.70234113712377, 1004.4046822742475, 1506.1070234113713, 2007.809364548495, 2509.511705685619, 3011.2140468227426, 3512.9163879598664, 4014.61872909699, 4516.321070234114, 5018.023411371238, 5519.725752508361, 6021.428093645485, 6523.130434782609, 7024.832775919733, 7526.5351170568565, 8028.23745819398, 8529.939799331103, 9031.642140468228, 9533.344481605352, 10035.046822742475, 10536.749163879598, 11038.451505016723, 11540.153846153848, 12041.85618729097, 12543.558528428093, 13045.260869565218, 13546.963210702343, 14048.665551839465, 14550.367892976588, 15052.070234113713, 15553.772575250838, 16055.47491638796, 16557.177257525083, 17058.879598662206, 17560.581939799333, 18062.284280936456, 18563.98662207358, 19065.688963210705, 19567.391304347828, 20069.09364548495, 20570.795986622074, 21072.498327759196, 21574.200668896323, 22075.903010033446, 22577.60535117057, 23079.307692307695, 23581.010033444818, 24082.71237458194, 24584.414715719064, 25086.117056856187, 25587.819397993313, 26089.521739130436, 26591.22408026756, 27092.926421404685, 27594.628762541808, 28096.33110367893, 28598.033444816054, 29099.735785953177, 29601.438127090303, 30103.140468227426, 30604.84280936455, 31106.545150501675, 31608.2474916388, 32109.94983277592, 32611.652173913044, 33113.35451505017, 33615.05685618729, 34116.75919732441, 34618.46153846154, 35120.163879598666, 35621.866220735785, 36123.56856187291, 36625.27090301004, 37126.97324414716, 37628.67558528428, 38130.37792642141, 38632.08026755853, 39133.782608695656, 39635.484949832775, 40137.1872909699, 40638.88963210703, 41140.59197324415, 41642.29431438127, 42143.99665551839, 42645.69899665552, 43147.401337792646, 43649.103678929765, 44150.80602006689, 44652.50836120402, 45154.21070234114, 45655.913043478264, 46157.61538461539, 46659.31772575251, 47161.020066889636, 47662.722408026755, 48164.42474916388, 48666.12709030101, 49167.82943143813, 49669.531772575254, 50171.23411371237, 50672.9364548495, 51174.638795986626, 51676.341137123745, 52178.04347826087, 52679.745819398, 53181.44816053512, 53683.150501672244, 54184.85284280937, 54686.55518394649, 55188.257525083616, 55689.959866220735, 56191.66220735786, 56693.36454849499, 57195.06688963211, 57696.769230769234, 58198.47157190635, 58700.17391304348, 59201.876254180606, 59703.578595317726, 60205.28093645485, 60706.98327759198, 61208.6856187291, 61710.387959866224, 62212.09030100335, 62713.79264214047, 63215.4949832776, 63717.197324414716, 64218.89966555184, 64720.60200668897, 65222.30434782609, 65724.00668896321, 66225.70903010033, 66727.41137123747, 67229.11371237459, 67730.8160535117, 68232.51839464883, 68734.22073578596, 69235.92307692308, 69737.6254180602, 70239.32775919733, 70741.03010033445, 71242.73244147157, 71744.4347826087, 72246.13712374582, 72747.83946488294, 73249.54180602008, 73751.2441471572, 74252.94648829431, 74754.64882943145, 75256.35117056857, 75758.05351170569, 76259.75585284282, 76761.45819397994, 77263.16053511706, 77764.86287625418, 78266.56521739131, 78768.26755852843, 79269.96989966555, 79771.67224080268, 80273.3745819398, 80775.07692307692, 81276.77926421406, 81778.48160535117, 82280.1839464883, 82781.88628762543, 83283.58862876255, 83785.29096989967, 84286.99331103679, 84788.69565217392, 85290.39799331104, 85792.10033444816, 86293.80267558529, 86795.50501672241, 87297.20735785953, 87798.90969899666, 88300.61204013378, 88802.3143812709, 89304.01672240804, 89805.71906354516, 90307.42140468227, 90809.12374581941, 91310.82608695653, 91812.52842809365, 92314.23076923078, 92815.9331103679, 93317.63545150502, 93819.33779264214, 94321.04013377927, 94822.74247491639, 95324.44481605351, 95826.14715719064, 96327.84949832776, 96829.55183946488, 97331.25418060202, 97832.95652173914, 98334.65886287625, 98836.36120401339, 99338.06354515051, 99839.76588628763, 100341.46822742475, 100843.17056856188, 101344.872909699, 101846.57525083612, 102348.27759197325, 102849.97993311037, 103351.68227424749, 103853.38461538462, 104355.08695652174, 104856.78929765886, 105358.491638796, 105860.19397993312, 106361.89632107023, 106863.59866220737, 107365.30100334449, 107867.0033444816, 108368.70568561874, 108870.40802675586, 109372.11036789298, 109873.8127090301, 110375.51505016723, 110877.21739130435, 111378.91973244147, 111880.6220735786, 112382.32441471572, 112884.02675585284, 113385.72909698998, 113887.4314381271, 114389.13377926422, 114890.83612040135, 115392.53846153847, 115894.24080267559, 116395.9431438127, 116897.64548494984, 117399.34782608696, 117901.05016722408, 118402.75250836121, 118904.45484949833, 119406.15719063545, 119907.85953177258, 120409.5618729097, 120911.26421404682, 121412.96655518396, 121914.66889632108, 122416.3712374582, 122918.07357859533, 123419.77591973245, 123921.47826086957, 124423.1806020067, 124924.88294314382, 125426.58528428094, 125928.28762541806, 126429.9899665552, 126931.69230769231, 127433.39464882943, 127935.09698996657, 128436.79933110368, 128938.5016722408, 129440.20401337794, 129941.90635451506, 130443.60869565218, 130945.31103678931, 131447.01337792643, 131948.71571906356, 132450.41806020067, 132952.1204013378, 133453.82274247493, 133955.52508361204, 134457.22742474917, 134958.9297658863, 135460.6321070234, 135962.33444816055, 136464.03678929765, 136965.73913043478, 137467.44147157192, 137969.14381270902, 138470.84615384616, 138972.5484949833, 139474.2508361204, 139975.95317725753, 140477.65551839466, 140979.35785953177, 141481.0602006689, 141982.76254180603, 142484.46488294314, 142986.16722408027, 143487.8695652174, 143989.5719063545, 144491.27424749164, 144992.97658862878, 145494.67892976588, 145996.38127090302, 146498.08361204015, 146999.78595317726, 147501.4882943144, 148003.19063545152, 148504.89297658863, 149006.59531772576, 149508.2976588629, 150010.0], "num_solved": 46, "cmc_vals": [0.0, 0.0, 0.0, 0.0, 0.0, 0.0, 0.0, 0.0, 0.0, 0.0, 0.0, 0.0, 0.0, 0.01, 0.01, 0.01, 0.01, 0.01, 0.01, 0.01, 0.01, 0.01, 0.01, 0.01, 0.01, 0.01, 0.01, 0.01, 0.01, 0.01, 0.01, 0.01, 0.01, 0.01, 0.01, 0.01, 0.01, 0.01, 0.01, 0.01, 0.01, 0.01, 0.01, 0.01, 0.02, 0.02, 0.02, 0.02, 0.02, 0.03, 0.03, 0.03, 0.03, 0.04, 0.04, 0.04, 0.05, 0.05, 0.06, 0.08, 0.08, 0.12, 0.12, 0.12, 0.14, 0.14, 0.16, 0.17, 0.18, 0.18, 0.18, 0.19, 0.21, 0.24, 0.26, 0.26, 0.26, 0.26, 0.27, 0.28, 0.3, 0.3, 0.31, 0.31, 0.32, 0.32, 0.33, 0.34, 0.36, 0.37, 0.37, 0.37, 0.37, 0.39, 0.39, 0.39, 0.39, 0.41, 0.41, 0.41, 0.41, 0.43, 0.43, 0.43, 0.43, 0.43, 0.44, 0.44, 0.44, 0.44, 0.45, 0.45, 0.45, 0.45, 0.45, 0.45, 0.45, 0.45, 0.45, 0.45, 0.45, 0.45, 0.45, 0.45, 0.46, 0.46, 0.46, 0.46, 0.46, 0.46, 0.46, 0.46, 0.46, 0.46, 0.46, 0.46, 0.46, 0.46, 0.46, 0.46, 0.46, 0.46, 0.46, 0.46, 0.46, 0.46, 0.46, 0.46, 0.46, 0.46, 0.46, 0.46, 0.46, 0.46, 0.46, 0.46, 0.46, 0.46, 0.46, 0.46, 0.46, 0.46, 0.46, 0.46, 0.46, 0.46, 0.46, 0.46, 0.46, 0.46, 0.46, 0.46, 0.46, 0.46, 0.46, 0.46, 0.46, 0.46, 0.46, 0.46, 0.46, 0.46, 0.46, 0.46, 0.46, 0.46, 0.46, 0.46, 0.46, 0.46, 0.46, 0.46, 0.46, 0.46, 0.46, 0.46, 0.46, 0.46, 0.46, 0.46, 0.46, 0.46, 0.46, 0.46, 0.46, 0.46, 0.46, 0.46, 0.46, 0.46, 0.46, 0.46, 0.46, 0.46, 0.46, 0.46, 0.46, 0.46, 0.46, 0.46, 0.46, 0.46, 0.46, 0.46, 0.46, 0.46, 0.46, 0.46, 0.46, 0.46, 0.46, 0.46, 0.46, 0.46, 0.46, 0.46, 0.46, 0.46, 0.46, 0.46, 0.46, 0.46, 0.46, 0.46, 0.46, 0.46, 0.46, 0.46, 0.46, 0.46, 0.46, 0.46, 0.46, 0.46, 0.46, 0.46, 0.46, 0.46, 0.46, 0.46, 0.46, 0.46, 0.46, 0.46, 0.46, 0.46, 0.46, 0.46, 0.46, 0.46, 0.46, 0.46, 0.46, 0.46, 0.46, 0.46, 0.46, 0.46, 0.46, 0.46, 0.46, 0.46, 0.46, 0.46, 0.46, 0.46, 0.46, 0.46, 0.46, 0.46, 0.46, 0.46, 0.46, 0.46, 0.46, 0.46, 0.46, 0.46, 0.46, 0.46]}