{"calc_counters": [15994.11], "capture": "DIRECTl", "cmc_iters": [1.0, 330.9096989966555, 660.819397993311, 990.7290969899665, 1320.638795986622, 1650.5484949832776, 1980.458193979933, 2310.3678929765883, 2640.277591973244, 2970.1872909698995, 3300.096989966555, 3630.0066889632103, 3959.916387959866, 4289.826086956521, 4619.735785953177, 4949.645484949832, 5279.555183946488, 5609.4648829431435, 5939.374581939799, 6269.284280936455, 6599.19397993311, 6929.103678929765, 7259.013377926421, 7588.923076923076, 7918.832775919732, 8248.742474916387, 8578.652173913042, 8908.561872909699, 9238.471571906353, 9568.38127090301, 9898.290969899665, 10228.200668896321, 10558.110367892976, 10888.02006688963, 11217.929765886287, 11547.839464882942, 11877.749163879598, 12207.658862876253, 12537.56856187291, 12867.478260869564, 13197.38795986622, 13527.297658862875, 13857.20735785953, 14187.117056856187, 14517.026755852841, 14846.936454849498, 15176.846153846152, 15506.755852842809, 15836.665551839464, 16166.575250836118, 16496.484949832775, 16826.39464882943, 17156.304347826084, 17486.21404682274, 17816.123745819397, 18146.033444816054, 18475.943143812707, 18805.852842809363, 19135.76254180602, 19465.672240802673, 19795.58193979933, 20125.491638795986, 20455.401337792642, 20785.311036789295, 21115.22073578595, 21445.130434782608, 21775.04013377926, 22104.949832775917, 22434.859531772574, 22764.76923076923, 23094.678929765883, 23424.58862876254, 23754.498327759196, 24084.40802675585, 24414.317725752506, 24744.227424749162, 25074.13712374582, 25404.04682274247, 25733.95652173913, 26063.866220735785, 26393.77591973244, 26723.685618729094, 27053.59531772575, 27383.505016722407, 27713.41471571906, 28043.324414715717, 28373.234113712373, 28703.14381270903, 29033.053511705682, 29362.96321070234, 29692.872909698995, 30022.78260869565, 30352.692307692305, 30682.60200668896, 31012.511705685618, 31342.42140468227, 31672.331103678927, 32002.240802675584, 32332.150501672237, 32662.060200668893, 32991.96989966555, 33321.879598662206, 33651.78929765886, 33981.69899665552, 34311.60869565217, 34641.518394648825, 34971.42809364548, 35301.33779264214, 35631.247491638795, 35961.15719063545, 36291.06688963211, 36620.97658862876, 36950.88628762541, 37280.79598662207, 37610.70568561873, 37940.61538461538, 38270.52508361204, 38600.434782608696, 38930.344481605345, 39260.254180602, 39590.16387959866, 39920.073578595315, 40249.98327759197, 40579.89297658863, 40909.802675585284, 41239.71237458193, 41569.62207357859, 41899.53177257525, 42229.4414715719, 42559.35117056856, 42889.260869565216, 43219.17056856187, 43549.08026755852, 43878.98996655518, 44208.899665551835, 44538.80936454849, 44868.71906354515, 45198.628762541804, 45528.53846153846, 45858.44816053511, 46188.35785953177, 46518.26755852842, 46848.17725752508, 47178.086956521736, 47507.99665551839, 47837.90635451505, 48167.8160535117, 48497.725752508355, 48827.63545150501, 49157.54515050167, 49487.454849498325, 49817.36454849498, 50147.27424749164, 50477.18394648829, 50807.09364548494, 51137.0033444816, 51466.91304347826, 51796.82274247491, 52126.73244147157, 52456.642140468226, 52786.55183946488, 53116.46153846153, 53446.37123745819, 53776.280936454845, 54106.1906354515, 54436.10033444816, 54766.010033444814, 55095.91973244147, 55425.82943143812, 55755.73913043478, 56085.64882943143, 56415.55852842809, 56745.468227424746, 57075.3779264214, 57405.28762541806, 57735.19732441471, 58065.107023411365, 58395.01672240802, 58724.92642140468, 59054.836120401334, 59384.74581939799, 59714.65551839465, 60044.5652173913, 60374.47491638795, 60704.38461538461, 61034.294314381266, 61364.20401337792, 61694.11371237458, 62024.023411371236, 62353.933110367885, 62683.84280936454, 63013.7525083612, 63343.662207357855, 63673.57190635451, 64003.48160535117, 64333.391304347824, 64663.30100334447, 64993.21070234113, 65323.12040133779, 65653.03010033445, 65982.9397993311, 66312.84949832775, 66642.75919732441, 66972.66889632106, 67302.57859531773, 67632.48829431437, 67962.39799331104, 68292.30769230769, 68622.21739130434, 68952.127090301, 69282.03678929765, 69611.94648829431, 69941.85618729096, 70271.76588628763, 70601.67558528428, 70931.58528428093, 71261.49498327759, 71591.40468227424, 71921.3143812709, 72251.22408026755, 72581.13377926422, 72911.04347826086, 73240.95317725751, 73570.86287625418, 73900.77257525083, 74230.68227424749, 74560.59197324414, 74890.5016722408, 75220.41137123745, 75550.3210702341, 75880.23076923077, 76210.14046822742, 76540.05016722408, 76869.95986622073, 77199.86956521739, 77529.77926421404, 77859.68896321069, 78189.59866220735, 78519.508361204, 78849.41806020067, 79179.32775919732, 79509.23745819398, 79839.14715719063, 80169.05685618728, 80498.96655518394, 80828.87625418059, 81158.78595317726, 81488.6956521739, 81818.60535117057, 82148.51505016722, 82478.42474916387, 82808.33444816053, 83138.24414715718, 83468.15384615384, 83798.0635451505, 84127.97324414716, 84457.8829431438, 84787.79264214046, 85117.70234113712, 85447.61204013377, 85777.52173913043, 86107.43143812708, 86437.34113712375, 86767.2508361204, 87097.16053511704, 87427.07023411371, 87756.97993311036, 88086.88963210702, 88416.79933110367, 88746.70903010033, 89076.61872909698, 89406.52842809363, 89736.4381270903, 90066.34782608695, 90396.25752508361, 90726.16722408026, 91056.07692307692, 91385.98662207357, 91715.89632107022, 92045.80602006688, 92375.71571906353, 92705.6254180602, 93035.53511705685, 93365.44481605351, 93695.35451505016, 94025.26421404681, 94355.17391304347, 94685.08361204012, 95014.99331103679, 95344.90301003343, 95674.8127090301, 96004.72240802675, 96334.6321070234, 96664.54180602006, 96994.45150501671, 97324.36120401337, 97654.27090301002, 97984.18060200669, 98314.09030100334, 98644.0], "num_solved": 100, "cmc_vals": [0.0, 0.02, 0.15, 0.2, 0.24, 0.27, 0.3, 0.34, 0.35, 0.35, 0.38, 0.41, 0.43, 0.45, 0.48, 0.49, 0.49, 0.5, 0.51, 0.51, 0.52, 0.52, 0.52, 0.53, 0.54, 0.55, 0.55, 0.55, 0.56, 0.56, 0.57, 0.57, 0.58, 0.59, 0.59, 0.61, 0.62, 0.63, 0.63, 0.63, 0.65, 0.65, 0.67, 0.68, 0.7, 0.7, 0.7, 0.7, 0.7, 0.7, 0.7, 0.7, 0.7, 0.7, 0.7, 0.7, 0.71, 0.71, 0.71, 0.71, 0.71, 0.71, 0.71, 0.71, 0.71, 0.71, 0.71, 0.71, 0.71, 0.72, 0.73, 0.73, 0.73, 0.73, 0.73, 0.73, 0.73, 0.74, 0.74, 0.74, 0.74, 0.75, 0.76, 0.78, 0.78, 0.78, 0.78, 0.78, 0.79, 0.79, 0.8, 0.8, 0.8, 0.81, 0.81, 0.81, 0.82, 0.83, 0.84, 0.84, 0.84, 0.85, 0.85, 0.85, 0.85, 0.85, 0.85, 0.86, 0.86, 0.87, 0.87, 0.87, 0.87, 0.87, 0.87, 0.87, 0.87, 0.88, 0.88, 0.88, 0.88, 0.88, 0.88, 0.88, 0.88, 0.88, 0.88, 0.89, 0.89, 0.89, 0.89, 0.89, 0.89, 0.89, 0.89, 0.89, 0.89, 0.89, 0.89, 0.89, 0.9, 0.9, 0.9, 0.9, 0.91, 0.91, 0.92, 0.92, 0.92, 0.92, 0.92, 0.92, 0.92, 0.92, 0.92, 0.92, 0.92, 0.92, 0.92, 0.92, 0.92, 0.92, 0.93, 0.93, 0.93, 0.93, 0.93, 0.93, 0.93, 0.93, 0.93, 0.93, 0.93, 0.93, 0.93, 0.93, 0.93, 0.93, 0.93, 0.93, 0.93, 0.93, 0.93, 0.93, 0.93, 0.93, 0.93, 0.93, 0.93, 0.93, 0.93, 0.93, 0.93, 0.94, 0.94, 0.94, 0.94, 0.94, 0.94, 0.95, 0.95, 0.96, 0.96, 0.96, 0.96, 0.96, 0.96, 0.96, 0.96, 0.97, 0.97, 0.97, 0.97, 0.97, 0.97, 0.97, 0.97, 0.98, 0.98, 0.98, 0.98, 0.98, 0.98, 0.98, 0.98, 0.98, 0.98, 0.98, 0.98, 0.98, 0.98, 0.98, 0.98, 0.98, 0.98, 0.98, 0.98, 0.98, 0.98, 0.98, 0.98, 0.98, 0.98, 0.98, 0.98, 0.98, 0.98, 0.98, 0.98, 0.98, 0.98, 0.98, 0.98, 0.98, 0.98, 0.98, 0.98, 0.98, 0.98, 0.98, 0.98, 0.98, 0.98, 0.98, 0.98, 0.98, 0.98, 0.98, 0.98, 0.98, 0.98, 0.98, 0.98, 0.98, 0.98, 0.98, 0.98, 0.98, 0.98, 0.98, 0.99, 0.99, 0.99, 0.99, 0.99, 0.99, 0.99, 0.99, 0.99, 0.99, 0.99, 0.99, 0.99, 0.99, 0.99, 0.99, 0.99, 0.99, 0.99, 1.0]}