{"calc_counters": [41514.31914893617], "capture": "MLSL", "cmc_iters": [1.0, 502.67224080267556, 1004.3444816053511, 1506.0167224080267, 2007.6889632107022, 2509.3612040133776, 3011.0334448160534, 3512.705685618729, 4014.3779264214045, 4516.05016722408, 5017.722408026755, 5519.394648829431, 6021.066889632107, 6522.739130434782, 7024.411371237458, 7526.083612040134, 8027.755852842809, 8529.428093645485, 9031.10033444816, 9532.772575250836, 10034.44481605351, 10536.117056856187, 11037.789297658863, 11539.461538461537, 12041.133779264213, 12542.80602006689, 13044.478260869564, 13546.15050167224, 14047.822742474917, 14549.494983277591, 15051.167224080267, 15552.839464882942, 16054.511705685618, 16556.183946488294, 17057.85618729097, 17559.528428093643, 18061.20066889632, 18562.872909698995, 19064.54515050167, 19566.217391304348, 20067.88963210702, 20569.561872909697, 21071.234113712373, 21572.90635451505, 22074.578595317726, 22576.2508361204, 23077.923076923074, 23579.59531772575, 24081.267558528427, 24582.939799331103, 25084.61204013378, 25586.284280936452, 26087.95652173913, 26589.628762541804, 27091.30100334448, 27592.973244147157, 28094.645484949833, 28596.317725752506, 29097.989966555182, 29599.66220735786, 30101.334448160535, 30603.00668896321, 31104.678929765883, 31606.35117056856, 32108.023411371236, 32609.695652173912, 33111.36789297659, 33613.040133779265, 34114.71237458194, 34616.38461538462, 35118.056856187286, 35619.72909698996, 36121.40133779264, 36623.073578595315, 37124.74581939799, 37626.41806020067, 38128.09030100334, 38629.76254180602, 39131.434782608696, 39633.10702341137, 40134.77926421404, 40636.45150501672, 41138.123745819394, 41639.79598662207, 42141.468227424746, 42643.14046822742, 43144.8127090301, 43646.484949832775, 44148.15719063545, 44649.82943143813, 45151.5016722408, 45653.17391304347, 46154.84615384615, 46656.518394648825, 47158.1906354515, 47659.86287625418, 48161.535117056854, 48663.20735785953, 49164.879598662206, 49666.55183946488, 50168.22408026756, 50669.896321070235, 51171.568561872904, 51673.24080267558, 52174.91304347826, 52676.58528428093, 53178.25752508361, 53679.929765886285, 54181.60200668896, 54683.27424749164, 55184.946488294314, 55686.61872909699, 56188.29096989967, 56689.963210702335, 57191.63545150501, 57693.30769230769, 58194.979933110364, 58696.65217391304, 59198.32441471572, 59699.99665551839, 60201.66889632107, 60703.341137123745, 61205.01337792642, 61706.68561872909, 62208.35785953177, 62710.03010033444, 63211.70234113712, 63713.374581939795, 64215.04682274247, 64716.71906354515, 65218.391304347824, 65720.0635451505, 66221.73578595318, 66723.40802675585, 67225.08026755853, 67726.7525083612, 68228.42474916388, 68730.09698996655, 69231.76923076923, 69733.4414715719, 70235.11371237457, 70736.78595317726, 71238.45819397992, 71740.13043478261, 72241.80267558528, 72743.47491638796, 73245.14715719063, 73746.81939799331, 74248.49163879598, 74750.16387959867, 75251.83612040133, 75753.508361204, 76255.18060200669, 76756.85284280936, 77258.52508361204, 77760.19732441471, 78261.86956521739, 78763.54180602006, 79265.21404682274, 79766.88628762541, 80268.55852842808, 80770.23076923077, 81271.90301003343, 81773.57525083612, 82275.24749163879, 82776.91973244147, 83278.59197324414, 83780.26421404682, 84281.93645484949, 84783.60869565218, 85285.28093645484, 85786.95317725751, 86288.6254180602, 86790.29765886287, 87291.96989966555, 87793.64214046822, 88295.3143812709, 88796.98662207357, 89298.65886287625, 89800.33110367892, 90302.0033444816, 90803.67558528428, 91305.34782608695, 91807.02006688963, 92308.6923076923, 92810.36454849498, 93312.03678929765, 93813.70903010033, 94315.381270903, 94817.05351170569, 95318.72575250836, 95820.39799331104, 96322.07023411371, 96823.74247491638, 97325.41471571906, 97827.08695652173, 98328.75919732441, 98830.43143812708, 99332.10367892977, 99833.77591973243, 100335.44816053512, 100837.12040133779, 101338.79264214047, 101840.46488294314, 102342.13712374581, 102843.80936454849, 103345.48160535116, 103847.15384615384, 104348.82608695651, 104850.4983277592, 105352.17056856187, 105853.84280936455, 106355.51505016722, 106857.1872909699, 107358.85953177257, 107860.53177257524, 108362.20401337792, 108863.87625418059, 109365.54849498328, 109867.22073578594, 110368.89297658863, 110870.5652173913, 111372.23745819398, 111873.90969899665, 112375.58193979933, 112877.254180602, 113378.92642140467, 113880.59866220735, 114382.27090301002, 114883.9431438127, 115385.61538461538, 115887.28762541806, 116388.95986622073, 116890.63210702341, 117392.30434782608, 117893.97658862875, 118395.64882943143, 118897.3210702341, 119398.99331103679, 119900.66555183945, 120402.33779264214, 120904.0100334448, 121405.68227424749, 121907.35451505016, 122409.02675585284, 122910.69899665551, 123412.37123745818, 123914.04347826086, 124415.71571906353, 124917.38795986622, 125419.06020066889, 125920.73244147157, 126422.40468227424, 126924.07692307692, 127425.74916387959, 127927.42140468227, 128429.09364548494, 128930.76588628761, 129432.4381270903, 129934.11036789296, 130435.78260869565, 130937.45484949832, 131439.127090301, 131940.79933110368, 132442.47157190635, 132944.14381270902, 133445.8160535117, 133947.48829431436, 134449.16053511706, 134950.83277591973, 135452.5050167224, 135954.17725752507, 136455.84949832776, 136957.52173913043, 137459.1939799331, 137960.86622073577, 138462.53846153847, 138964.21070234114, 139465.8829431438, 139967.55518394648, 140469.22742474914, 140970.89966555184, 141472.5719063545, 141974.24414715718, 142475.91638795985, 142977.58862876255, 143479.26086956522, 143980.93311036789, 144482.60535117055, 144984.27759197322, 145485.94983277592, 145987.6220735786, 146489.29431438126, 146990.96655518393, 147492.63879598663, 147994.3110367893, 148495.98327759196, 148997.65551839463, 149499.32775919733, 150001.0], "num_solved": 94, "cmc_vals": [0.0, 0.05, 0.08, 0.08, 0.09, 0.12, 0.12, 0.14, 0.18, 0.19, 0.19, 0.2, 0.2, 0.22, 0.23, 0.24, 0.24, 0.24, 0.24, 0.25, 0.27, 0.27, 0.27, 0.28, 0.28, 0.3, 0.31, 0.31, 0.31, 0.31, 0.31, 0.32, 0.33, 0.33, 0.33, 0.33, 0.33, 0.33, 0.34, 0.34, 0.34, 0.34, 0.34, 0.35, 0.35, 0.36, 0.36, 0.36, 0.36, 0.37, 0.37, 0.37, 0.38, 0.39, 0.39, 0.41, 0.41, 0.41, 0.41, 0.41, 0.42, 0.43, 0.43, 0.43, 0.43, 0.45, 0.45, 0.46, 0.46, 0.48, 0.48, 0.48, 0.5, 0.51, 0.51, 0.51, 0.51, 0.54, 0.54, 0.54, 0.54, 0.54, 0.55, 0.55, 0.55, 0.56, 0.56, 0.56, 0.58, 0.58, 0.58, 0.58, 0.58, 0.58, 0.58, 0.59, 0.59, 0.59, 0.59, 0.59, 0.59, 0.59, 0.6, 0.6, 0.6, 0.6, 0.6, 0.6, 0.6, 0.6, 0.61, 0.62, 0.62, 0.62, 0.63, 0.64, 0.64, 0.65, 0.65, 0.65, 0.65, 0.65, 0.65, 0.65, 0.67, 0.67, 0.68, 0.68, 0.68, 0.69, 0.69, 0.69, 0.69, 0.69, 0.7, 0.7, 0.7, 0.71, 0.73, 0.74, 0.74, 0.75, 0.75, 0.75, 0.76, 0.76, 0.76, 0.76, 0.76, 0.76, 0.76, 0.76, 0.77, 0.77, 0.77, 0.77, 0.77, 0.78, 0.79, 0.8, 0.8, 0.8, 0.8, 0.8, 0.81, 0.81, 0.81, 0.81, 0.82, 0.82, 0.82, 0.82, 0.82, 0.82, 0.82, 0.83, 0.83, 0.83, 0.83, 0.83, 0.83, 0.83, 0.83, 0.84, 0.84, 0.84, 0.85, 0.85, 0.85, 0.85, 0.85, 0.85, 0.85, 0.85, 0.85, 0.85, 0.85, 0.85, 0.86, 0.86, 0.86, 0.86, 0.86, 0.86, 0.86, 0.86, 0.86, 0.86, 0.86, 0.86, 0.86, 0.86, 0.86, 0.86, 0.87, 0.87, 0.87, 0.87, 0.87, 0.87, 0.89, 0.9, 0.9, 0.9, 0.9, 0.9, 0.9, 0.9, 0.91, 0.92, 0.92, 0.92, 0.92, 0.92, 0.92, 0.92, 0.92, 0.92, 0.92, 0.92, 0.92, 0.92, 0.92, 0.92, 0.92, 0.92, 0.92, 0.92, 0.92, 0.92, 0.92, 0.92, 0.92, 0.92, 0.92, 0.92, 0.92, 0.92, 0.92, 0.92, 0.92, 0.92, 0.92, 0.92, 0.92, 0.92, 0.92, 0.92, 0.93, 0.93, 0.93, 0.93, 0.93, 0.93, 0.93, 0.93, 0.93, 0.93, 0.93, 0.93, 0.94, 0.94, 0.94, 0.94, 0.94, 0.94, 0.94, 0.94, 0.94, 0.94, 0.94, 0.94, 0.94, 0.94, 0.94, 0.94, 0.94, 0.94, 0.94, 0.94]}