{"calc_counters": [19157.728813559323], "capture": "Scipy DE", "cmc_iters": [1.0, 387.90635451505017, 774.8127090301003, 1161.7190635451504, 1548.6254180602007, 1935.531772575251, 2322.438127090301, 2709.344481605351, 3096.2508361204013, 3483.1571906354516, 3870.063545150502, 4256.969899665552, 4643.876254180602, 5030.782608695652, 5417.688963210702, 5804.5953177257525, 6191.501672240803, 6578.408026755853, 6965.314381270903, 7352.220735785953, 7739.127090301004, 8126.033444816054, 8512.939799331103, 8899.846153846154, 9286.752508361204, 9673.658862876255, 10060.565217391304, 10447.471571906355, 10834.377926421404, 11221.284280936456, 11608.190635451505, 11995.096989966556, 12382.003344481605, 12768.909698996655, 13155.816053511706, 13542.722408026755, 13929.628762541806, 14316.535117056856, 14703.441471571907, 15090.347826086956, 15477.254180602007, 15864.160535117056, 16251.066889632108, 16637.973244147157, 17024.879598662206, 17411.78595317726, 17798.69230769231, 18185.598662207358, 18572.505016722407, 18959.411371237456, 19346.31772575251, 19733.22408026756, 20120.130434782608, 20507.036789297657, 20893.94314381271, 21280.84949832776, 21667.75585284281, 22054.66220735786, 22441.56856187291, 22828.47491638796, 23215.38127090301, 23602.28762541806, 23989.193979933112, 24376.10033444816, 24763.00668896321, 25149.91304347826, 25536.81939799331, 25923.725752508362, 26310.63210702341, 26697.53846153846, 27084.44481605351, 27471.351170568563, 27858.257525083613, 28245.163879598662, 28632.07023411371, 29018.976588628764, 29405.882943143813, 29792.789297658863, 30179.695652173912, 30566.602006688965, 30953.508361204014, 31340.414715719064, 31727.321070234113, 32114.227424749162, 32501.133779264215, 32888.040133779265, 33274.946488294314, 33661.85284280936, 34048.75919732441, 34435.66555183946, 34822.57190635452, 35209.47826086957, 35596.38461538462, 35983.29096989967, 36370.197324414716, 36757.103678929765, 37144.010033444814, 37530.916387959864, 37917.82274247491, 38304.72909698997, 38691.63545150502, 39078.54180602007, 39465.44816053512, 39852.35451505017, 40239.260869565216, 40626.167224080265, 41013.073578595315, 41399.97993311037, 41786.88628762542, 42173.79264214047, 42560.69899665552, 42947.60535117057, 43334.51170568562, 43721.41806020067, 44108.32441471572, 44495.230769230766, 44882.13712374582, 45269.04347826087, 45655.94983277592, 46042.85618729097, 46429.76254180602, 46816.66889632107, 47203.57525083612, 47590.48160535117, 47977.387959866224, 48364.29431438127, 48751.20066889632, 49138.10702341137, 49525.01337792642, 49911.91973244147, 50298.82608695652, 50685.73244147157, 51072.63879598662, 51459.545150501675, 51846.451505016725, 52233.357859531774, 52620.26421404682, 53007.17056856187, 53394.07692307692, 53780.98327759197, 54167.88963210702, 54554.79598662208, 54941.70234113713, 55328.608695652176, 55715.515050167225, 56102.421404682274, 56489.327759197324, 56876.23411371237, 57263.14046822742, 57650.04682274247, 58036.95317725753, 58423.85953177258, 58810.76588628763, 59197.672240802676, 59584.578595317726, 59971.484949832775, 60358.391304347824, 60745.29765886287, 61132.20401337793, 61519.11036789298, 61906.01672240803, 62292.92307692308, 62679.82943143813, 63066.73578595318, 63453.642140468226, 63840.548494983275, 64227.454849498325, 64614.36120401338, 65001.26755852843, 65388.17391304348, 65775.08026755853, 66161.98662207359, 66548.89297658863, 66935.79933110368, 67322.70568561873, 67709.61204013378, 68096.51839464883, 68483.42474916388, 68870.33110367892, 69257.23745819398, 69644.14381270904, 70031.05016722408, 70417.95652173914, 70804.86287625418, 71191.76923076923, 71578.67558528428, 71965.58193979933, 72352.48829431437, 72739.39464882943, 73126.30100334449, 73513.20735785953, 73900.11371237459, 74287.02006688963, 74673.92642140469, 75060.83277591973, 75447.73913043478, 75834.64548494983, 76221.55183946488, 76608.45819397994, 76995.36454849498, 77382.27090301004, 77769.17725752508, 78156.08361204014, 78542.98996655518, 78929.89632107023, 79316.80267558529, 79703.70903010033, 80090.61538461539, 80477.52173913043, 80864.42809364549, 81251.33444816053, 81638.24080267559, 82025.14715719063, 82412.05351170569, 82798.95986622074, 83185.86622073578, 83572.77257525084, 83959.67892976588, 84346.58528428094, 84733.49163879598, 85120.39799331104, 85507.30434782608, 85894.21070234114, 86281.1170568562, 86668.02341137124, 87054.92976588629, 87441.83612040133, 87828.74247491639, 88215.64882943143, 88602.55518394649, 88989.46153846153, 89376.36789297659, 89763.27424749164, 90150.18060200669, 90537.08695652174, 90923.99331103679, 91310.89966555184, 91697.80602006688, 92084.71237458194, 92471.618729097, 92858.52508361204, 93245.4314381271, 93632.33779264214, 94019.2441471572, 94406.15050167224, 94793.0568561873, 95179.96321070234, 95566.86956521739, 95953.77591973245, 96340.68227424749, 96727.58862876255, 97114.49498327759, 97501.40133779265, 97888.30769230769, 98275.21404682274, 98662.12040133779, 99049.02675585284, 99435.9331103679, 99822.83946488294, 100209.745819398, 100596.65217391304, 100983.5585284281, 101370.46488294314, 101757.3712374582, 102144.27759197324, 102531.1839464883, 102918.09030100335, 103304.9966555184, 103691.90301003345, 104078.80936454849, 104465.71571906355, 104852.62207357859, 105239.52842809365, 105626.43478260869, 106013.34113712375, 106400.2474916388, 106787.15384615384, 107174.0602006689, 107560.96655518394, 107947.872909699, 108334.77926421404, 108721.6856187291, 109108.59197324415, 109495.4983277592, 109882.40468227425, 110269.3110367893, 110656.21739130435, 111043.1237458194, 111430.03010033445, 111816.93645484949, 112203.84280936455, 112590.7491638796, 112977.65551839465, 113364.5618729097, 113751.46822742475, 114138.3745819398, 114525.28093645484, 114912.1872909699, 115299.09364548494, 115686.0], "num_solved": 59, "cmc_vals": [0.0, 0.0, 0.0, 0.0, 0.0, 0.0, 0.0, 0.0, 0.0, 0.0, 0.01, 0.01, 0.01, 0.02, 0.02, 0.02, 0.03, 0.04, 0.04, 0.04, 0.04, 0.05, 0.05, 0.06, 0.07, 0.07, 0.07, 0.07, 0.07, 0.07, 0.09, 0.09, 0.09, 0.09, 0.1, 0.1, 0.11, 0.11, 0.13, 0.13, 0.13, 0.13, 0.14, 0.16, 0.16, 0.18, 0.21, 0.24, 0.27, 0.3, 0.31, 0.33, 0.34, 0.36, 0.38, 0.39, 0.41, 0.42, 0.42, 0.43, 0.44, 0.46, 0.47, 0.49, 0.5, 0.5, 0.5, 0.52, 0.53, 0.53, 0.54, 0.54, 0.54, 0.54, 0.54, 0.54, 0.54, 0.54, 0.55, 0.56, 0.57, 0.57, 0.57, 0.57, 0.57, 0.58, 0.58, 0.58, 0.58, 0.58, 0.58, 0.58, 0.58, 0.58, 0.58, 0.58, 0.58, 0.58, 0.58, 0.58, 0.58, 0.59, 0.59, 0.59, 0.59, 0.59, 0.59, 0.59, 0.59, 0.59, 0.59, 0.59, 0.59, 0.59, 0.59, 0.59, 0.59, 0.59, 0.59, 0.59, 0.59, 0.59, 0.59, 0.59, 0.59, 0.59, 0.59, 0.59, 0.59, 0.59, 0.59, 0.59, 0.59, 0.59, 0.59, 0.59, 0.59, 0.59, 0.59, 0.59, 0.59, 0.59, 0.59, 0.59, 0.59, 0.59, 0.59, 0.59, 0.59, 0.59, 0.59, 0.59, 0.59, 0.59, 0.59, 0.59, 0.59, 0.59, 0.59, 0.59, 0.59, 0.59, 0.59, 0.59, 0.59, 0.59, 0.59, 0.59, 0.59, 0.59, 0.59, 0.59, 0.59, 0.59, 0.59, 0.59, 0.59, 0.59, 0.59, 0.59, 0.59, 0.59, 0.59, 0.59, 0.59, 0.59, 0.59, 0.59, 0.59, 0.59, 0.59, 0.59, 0.59, 0.59, 0.59, 0.59, 0.59, 0.59, 0.59, 0.59, 0.59, 0.59, 0.59, 0.59, 0.59, 0.59, 0.59, 0.59, 0.59, 0.59, 0.59, 0.59, 0.59, 0.59, 0.59, 0.59, 0.59, 0.59, 0.59, 0.59, 0.59, 0.59, 0.59, 0.59, 0.59, 0.59, 0.59, 0.59, 0.59, 0.59, 0.59, 0.59, 0.59, 0.59, 0.59, 0.59, 0.59, 0.59, 0.59, 0.59, 0.59, 0.59, 0.59, 0.59, 0.59, 0.59, 0.59, 0.59, 0.59, 0.59, 0.59, 0.59, 0.59, 0.59, 0.59, 0.59, 0.59, 0.59, 0.59, 0.59, 0.59, 0.59, 0.59, 0.59, 0.59, 0.59, 0.59, 0.59, 0.59, 0.59, 0.59, 0.59, 0.59, 0.59, 0.59, 0.59, 0.59, 0.59, 0.59, 0.59, 0.59, 0.59, 0.59, 0.59, 0.59, 0.59, 0.59, 0.59, 0.59, 0.59, 0.59, 0.59, 0.59, 0.59, 0.59, 0.59, 0.59, 0.59, 0.59, 0.59]}