{"calc_counters": [21417.897435897437], "capture": "Simulated annealing", "cmc_iters": [1.0, 503.0535117056856, 1005.1070234113712, 1507.1605351170567, 2009.2140468227424, 2511.267558528428, 3013.3210702341134, 3515.374581939799, 4017.4280936454848, 4519.48160535117, 5021.535117056856, 5523.588628762542, 6025.642140468227, 6527.695652173913, 7029.749163879598, 7531.802675585284, 8033.8561872909695, 8535.909698996655, 9037.96321070234, 9540.016722408027, 10042.070234113711, 10544.123745819397, 11046.177257525083, 11548.23076923077, 12050.284280936454, 12552.33779264214, 13054.391304347826, 13556.44481605351, 14058.498327759196, 14560.551839464883, 15062.605351170569, 15564.658862876253, 16066.712374581939, 16568.765886287623, 17070.81939799331, 17572.872909698995, 18074.92642140468, 18576.979933110368, 19079.033444816054, 19581.08695652174, 20083.140468227422, 20585.19397993311, 21087.247491638795, 21589.30100334448, 22091.354515050167, 22593.408026755853, 23095.46153846154, 23597.51505016722, 24099.568561872908, 24601.622073578594, 25103.67558528428, 25605.729096989966, 26107.782608695652, 26609.836120401338, 27111.88963210702, 27613.943143812707, 28115.996655518393, 28618.05016722408, 29120.103678929765, 29622.15719063545, 30124.210702341137, 30626.26421404682, 31128.317725752506, 31630.371237458192, 32132.424749163878, 32634.478260869564, 33136.53177257525, 33638.58528428093, 34140.63879598662, 34642.692307692305, 35144.74581939799, 35646.79933110368, 36148.85284280936, 36650.90635451505, 37152.959866220735, 37655.01337792642, 38157.06688963211, 38659.120401337794, 39161.17391304348, 39663.22742474916, 40165.280936454845, 40667.33444816053, 41169.38795986622, 41671.4414715719, 42173.49498327759, 42675.548494983275, 43177.60200668896, 43679.65551839465, 44181.70903010033, 44683.76254180602, 45185.816053511706, 45687.86956521739, 46189.92307692308, 46691.97658862876, 47194.03010033444, 47696.08361204013, 48198.137123745815, 48700.1906354515, 49202.24414715719, 49704.29765886287, 50206.35117056856, 50708.404682274246, 51210.45819397993, 51712.51170568562, 52214.565217391304, 52716.61872909699, 53218.672240802676, 53720.725752508355, 54222.77926421404, 54724.83277591973, 55226.88628762541, 55728.9397993311, 56230.993311036786, 56733.04682274247, 57235.10033444816, 57737.153846153844, 58239.20735785953, 58741.260869565216, 59243.3143812709, 59745.36789297659, 60247.421404682274, 60749.47491638795, 61251.52842809364, 61753.581939799325, 62255.63545150501, 62757.6889632107, 63259.742474916384, 63761.79598662207, 64263.849498327756, 64765.90301003344, 65267.95652173913, 65770.0100334448, 66272.0635451505, 66774.11705685618, 67276.17056856187, 67778.22408026755, 68280.27759197324, 68782.33110367892, 69284.38461538461, 69786.4381270903, 70288.49163879598, 70790.54515050167, 71292.59866220735, 71794.65217391304, 72296.70568561873, 72798.75919732441, 73300.8127090301, 73802.86622073578, 74304.91973244147, 74806.97324414716, 75309.02675585284, 75811.08026755853, 76313.13377926422, 76815.1872909699, 77317.24080267559, 77819.29431438127, 78321.34782608696, 78823.40133779263, 79325.45484949832, 79827.508361204, 80329.56187290969, 80831.61538461538, 81333.66889632106, 81835.72240802675, 82337.77591973243, 82839.82943143812, 83341.8829431438, 83843.93645484949, 84345.98996655518, 84848.04347826086, 85350.09698996655, 85852.15050167224, 86354.20401337792, 86856.25752508361, 87358.3110367893, 87860.36454849498, 88362.41806020067, 88864.47157190635, 89366.52508361204, 89868.57859531773, 90370.63210702341, 90872.6856187291, 91374.73913043478, 91876.79264214047, 92378.84615384616, 92880.89966555183, 93382.95317725751, 93885.0066889632, 94387.06020066889, 94889.11371237457, 95391.16722408026, 95893.22073578594, 96395.27424749163, 96897.32775919732, 97399.381270903, 97901.43478260869, 98403.48829431437, 98905.54180602006, 99407.59531772575, 99909.64882943143, 100411.70234113712, 100913.7558528428, 101415.80936454849, 101917.86287625418, 102419.91638795986, 102921.96989966555, 103424.02341137124, 103926.07692307692, 104428.13043478261, 104930.1839464883, 105432.23745819398, 105934.29096989967, 106436.34448160535, 106938.39799331104, 107440.45150501671, 107942.5050167224, 108444.55852842808, 108946.61204013377, 109448.66555183945, 109950.71906354514, 110452.77257525083, 110954.82608695651, 111456.8795986622, 111958.93311036789, 112460.98662207357, 112963.04013377926, 113465.09364548494, 113967.14715719063, 114469.20066889632, 114971.254180602, 115473.30769230769, 115975.36120401337, 116477.41471571906, 116979.46822742475, 117481.52173913043, 117983.57525083612, 118485.6287625418, 118987.68227424749, 119489.73578595318, 119991.78929765886, 120493.84280936455, 120995.89632107023, 121497.9498327759, 122000.00334448159, 122502.05685618728, 123004.11036789296, 123506.16387959865, 124008.21739130434, 124510.27090301002, 125012.32441471571, 125514.3779264214, 126016.43143812708, 126518.48494983277, 127020.53846153845, 127522.59197324414, 128024.64548494983, 128526.69899665551, 129028.7525083612, 129530.80602006688, 130032.85953177257, 130534.91304347826, 131036.96655518394, 131539.0200668896, 132041.0735785953, 132543.127090301, 133045.18060200667, 133547.23411371236, 134049.28762541804, 134551.34113712373, 135053.39464882942, 135555.4481605351, 136057.5016722408, 136559.55518394648, 137061.60869565216, 137563.66220735785, 138065.71571906353, 138567.76923076922, 139069.8227424749, 139571.8762541806, 140073.92976588628, 140575.98327759196, 141078.03678929765, 141580.09030100334, 142082.14381270902, 142584.1973244147, 143086.2508361204, 143588.30434782608, 144090.35785953177, 144592.41137123745, 145094.46488294314, 145596.51839464883, 146098.5719063545, 146600.6254180602, 147102.67892976588, 147604.73244147157, 148106.78595317726, 148608.83946488294, 149110.89297658863, 149612.9464882943, 150115.0], "num_solved": 78, "cmc_vals": [0.0, 0.06, 0.17, 0.18, 0.19, 0.2, 0.23, 0.24, 0.25, 0.28, 0.28, 0.28, 0.29, 0.29, 0.29, 0.29, 0.33, 0.34, 0.37, 0.38, 0.38, 0.38, 0.38, 0.38, 0.38, 0.39, 0.39, 0.39, 0.39, 0.39, 0.39, 0.44, 0.46, 0.46, 0.47, 0.48, 0.48, 0.48, 0.48, 0.49, 0.49, 0.5, 0.52, 0.52, 0.53, 0.54, 0.55, 0.55, 0.55, 0.55, 0.55, 0.55, 0.55, 0.55, 0.56, 0.57, 0.57, 0.57, 0.57, 0.57, 0.57, 0.58, 0.58, 0.59, 0.59, 0.59, 0.59, 0.59, 0.61, 0.61, 0.61, 0.61, 0.61, 0.62, 0.63, 0.63, 0.64, 0.64, 0.64, 0.65, 0.67, 0.67, 0.67, 0.67, 0.67, 0.67, 0.67, 0.67, 0.68, 0.68, 0.68, 0.68, 0.68, 0.68, 0.69, 0.69, 0.69, 0.69, 0.69, 0.69, 0.69, 0.7, 0.7, 0.71, 0.71, 0.71, 0.71, 0.71, 0.71, 0.71, 0.71, 0.71, 0.71, 0.71, 0.71, 0.72, 0.72, 0.72, 0.72, 0.72, 0.73, 0.73, 0.73, 0.73, 0.73, 0.73, 0.73, 0.73, 0.73, 0.73, 0.73, 0.73, 0.73, 0.73, 0.73, 0.73, 0.73, 0.73, 0.73, 0.73, 0.73, 0.73, 0.73, 0.74, 0.74, 0.74, 0.74, 0.74, 0.74, 0.74, 0.74, 0.74, 0.74, 0.74, 0.74, 0.74, 0.74, 0.74, 0.74, 0.74, 0.74, 0.74, 0.74, 0.74, 0.74, 0.74, 0.74, 0.74, 0.74, 0.74, 0.74, 0.74, 0.74, 0.74, 0.74, 0.74, 0.74, 0.74, 0.74, 0.74, 0.74, 0.74, 0.74, 0.74, 0.74, 0.74, 0.74, 0.74, 0.74, 0.75, 0.75, 0.75, 0.75, 0.75, 0.75, 0.75, 0.75, 0.75, 0.75, 0.75, 0.76, 0.76, 0.76, 0.76, 0.76, 0.76, 0.76, 0.76, 0.76, 0.76, 0.76, 0.76, 0.76, 0.76, 0.76, 0.76, 0.76, 0.76, 0.76, 0.76, 0.76, 0.76, 0.76, 0.76, 0.77, 0.77, 0.77, 0.77, 0.77, 0.77, 0.77, 0.77, 0.77, 0.77, 0.77, 0.77, 0.77, 0.77, 0.77, 0.77, 0.77, 0.77, 0.77, 0.77, 0.77, 0.77, 0.77, 0.77, 0.77, 0.77, 0.77, 0.77, 0.77, 0.77, 0.77, 0.77, 0.77, 0.77, 0.77, 0.77, 0.77, 0.77, 0.77, 0.77, 0.77, 0.77, 0.77, 0.77, 0.77, 0.77, 0.77, 0.77, 0.77, 0.77, 0.77, 0.77, 0.77, 0.77, 0.77, 0.77, 0.77, 0.78, 0.78, 0.78, 0.78, 0.78, 0.78, 0.78, 0.78, 0.78, 0.78, 0.78, 0.78, 0.78, 0.78, 0.78, 0.78, 0.78, 0.78, 0.78]}