{"calc_counters": [5956.941860465116], "capture": "Scipy DE", "cmc_iters": [1.0, 51.66220735785953, 102.32441471571906, 152.9866220735786, 203.64882943143812, 254.31103678929765, 304.9732441471572, 355.6354515050167, 406.29765886287623, 456.95986622073576, 507.6220735785953, 558.2842809364548, 608.9464882943143, 659.6086956521739, 710.2709030100334, 760.9331103678929, 811.5953177257525, 862.257525083612, 912.9197324414715, 963.581939799331, 1014.2441471571906, 1064.9063545150502, 1115.5685618729096, 1166.230769230769, 1216.8929765886287, 1267.5551839464883, 1318.2173913043478, 1368.8795986622072, 1419.5418060200668, 1470.2040133779265, 1520.8662207357859, 1571.5284280936453, 1622.190635451505, 1672.8528428093646, 1723.515050167224, 1774.1772575250834, 1824.839464882943, 1875.5016722408027, 1926.163879598662, 1976.8260869565215, 2027.4882943143812, 2078.150501672241, 2128.8127090301005, 2179.4749163879596, 2230.1371237458193, 2280.799331103679, 2331.461538461538, 2382.1237458193978, 2432.7859531772574, 2483.448160535117, 2534.1103678929767, 2584.772575250836, 2635.4347826086955, 2686.096989966555, 2736.7591973244143, 2787.421404682274, 2838.0836120401336, 2888.7458193979933, 2939.408026755853, 2990.070234113712, 3040.7324414715717, 3091.3946488294314, 3142.0568561872906, 3192.71906354515, 3243.38127090301, 3294.0434782608695, 3344.705685618729, 3395.3678929765883, 3446.030100334448, 3496.6923076923076, 3547.354515050167, 3598.0167224080265, 3648.678929765886, 3699.3411371237457, 3750.0033444816054, 3800.6655518394646, 3851.327759197324, 3901.989966555184, 3952.652173913043, 4003.3143812709027, 4053.9765886287623, 4104.6387959866215, 4155.301003344482, 4205.963210702341, 4256.625418060201, 4307.28762541806, 4357.949832775919, 4408.612040133779, 4459.274247491639, 4509.936454849498, 4560.598662207358, 4611.260869565217, 4661.923076923076, 4712.585284280936, 4763.2474916387955, 4813.909698996656, 4864.571906354515, 4915.234113712374, 4965.896321070234, 5016.558528428093, 5067.220735785953, 5117.882943143813, 5168.545150501672, 5219.207357859532, 5269.869565217391, 5320.53177257525, 5371.19397993311, 5421.8561872909695, 5472.518394648829, 5523.180602006689, 5573.842809364548, 5624.505016722408, 5675.167224080267, 5725.829431438126, 5776.491638795987, 5827.153846153846, 5877.816053511706, 5928.478260869565, 5979.140468227424, 6029.802675585284, 6080.4648829431435, 6131.127090301003, 6181.789297658863, 6232.451505016722, 6283.113712374581, 6333.775919732441, 6384.4381270903, 6435.1003344481605, 6485.76254180602, 6536.424749163879, 6587.086956521739, 6637.749163879598, 6688.411371237458, 6739.0735785953175, 6789.735785953177, 6840.397993311037, 6891.060200668896, 6941.722408026755, 6992.384615384615, 7043.046822742474, 7093.709030100334, 7144.371237458194, 7195.033444816053, 7245.695652173913, 7296.357859531772, 7347.020066889631, 7397.6822742474915, 7448.344481605351, 7499.006688963211, 7549.66889632107, 7600.331103678929, 7650.993311036789, 7701.655518394648, 7752.317725752508, 7802.979933110368, 7853.642140468227, 7904.304347826086, 7954.966555183946, 8005.628762541805, 8056.2909698996655, 8106.953177257525, 8157.615384615384, 8208.277591973243, 8258.939799331103, 8309.602006688963, 8360.264214046822, 8410.926421404682, 8461.588628762542, 8512.250836120402, 8562.91304347826, 8613.57525083612, 8664.23745819398, 8714.899665551839, 8765.561872909699, 8816.224080267559, 8866.886287625417, 8917.548494983277, 8968.210702341137, 9018.872909698995, 9069.535117056856, 9120.197324414716, 9170.859531772574, 9221.521739130434, 9272.183946488294, 9322.846153846152, 9373.508361204013, 9424.170568561873, 9474.832775919733, 9525.494983277591, 9576.157190635451, 9626.819397993311, 9677.48160535117, 9728.14381270903, 9778.80602006689, 9829.468227424748, 9880.130434782608, 9930.792642140468, 9981.454849498326, 10032.117056856187, 10082.779264214047, 10133.441471571907, 10184.103678929765, 10234.765886287625, 10285.428093645485, 10336.090301003343, 10386.752508361204, 10437.414715719064, 10488.076923076922, 10538.739130434782, 10589.401337792642, 10640.0635451505, 10690.72575250836, 10741.38795986622, 10792.050167224079, 10842.712374581939, 10893.3745819398, 10944.036789297657, 10994.698996655517, 11045.361204013378, 11096.023411371238, 11146.685618729096, 11197.347826086956, 11248.010033444816, 11298.672240802674, 11349.334448160535, 11399.996655518395, 11450.658862876253, 11501.321070234113, 11551.983277591973, 11602.645484949831, 11653.307692307691, 11703.969899665552, 11754.632107023412, 11805.29431438127, 11855.95652173913, 11906.61872909699, 11957.280936454848, 12007.943143812709, 12058.605351170569, 12109.267558528427, 12159.929765886287, 12210.591973244147, 12261.254180602005, 12311.916387959865, 12362.578595317726, 12413.240802675584, 12463.903010033444, 12514.565217391304, 12565.227424749162, 12615.889632107022, 12666.551839464883, 12717.214046822743, 12767.8762541806, 12818.538461538461, 12869.200668896321, 12919.86287625418, 12970.52508361204, 13021.1872909699, 13071.849498327758, 13122.511705685618, 13173.173913043478, 13223.836120401336, 13274.498327759196, 13325.160535117056, 13375.822742474917, 13426.484949832775, 13477.147157190635, 13527.809364548495, 13578.471571906353, 13629.133779264213, 13679.795986622074, 13730.458193979932, 13781.120401337792, 13831.782608695652, 13882.44481605351, 13933.10702341137, 13983.76923076923, 14034.431438127089, 14085.093645484949, 14135.755852842809, 14186.418060200667, 14237.080267558527, 14287.742474916387, 14338.404682274248, 14389.066889632106, 14439.729096989966, 14490.391304347826, 14541.053511705684, 14591.715719063544, 14642.377926421404, 14693.040133779263, 14743.702341137123, 14794.364548494983, 14845.026755852841, 14895.688963210701, 14946.351170568561, 14997.013377926422, 15047.67558528428, 15098.33779264214, 15149.0], "num_solved": 86, "cmc_vals": [0.0, 0.0, 0.0, 0.0, 0.0, 0.0, 0.0, 0.0, 0.0, 0.0, 0.0, 0.0, 0.0, 0.0, 0.0, 0.0, 0.0, 0.0, 0.0, 0.0, 0.01, 0.01, 0.01, 0.01, 0.01, 0.01, 0.01, 0.01, 0.01, 0.02, 0.02, 0.02, 0.02, 0.02, 0.02, 0.02, 0.03, 0.03, 0.03, 0.04, 0.04, 0.05, 0.05, 0.05, 0.05, 0.05, 0.05, 0.05, 0.05, 0.06, 0.06, 0.06, 0.06, 0.06, 0.06, 0.06, 0.06, 0.06, 0.07, 0.09, 0.09, 0.09, 0.09, 0.09, 0.09, 0.1, 0.1, 0.1, 0.1, 0.11, 0.13, 0.13, 0.13, 0.13, 0.13, 0.13, 0.13, 0.13, 0.14, 0.15, 0.16, 0.17, 0.17, 0.18, 0.18, 0.2, 0.2, 0.2, 0.2, 0.2, 0.2, 0.23, 0.23, 0.23, 0.24, 0.25, 0.25, 0.25, 0.26, 0.26, 0.28, 0.28, 0.29, 0.29, 0.31, 0.33, 0.33, 0.34, 0.36, 0.36, 0.36, 0.38, 0.4, 0.42, 0.42, 0.42, 0.43, 0.44, 0.44, 0.46, 0.46, 0.47, 0.47, 0.47, 0.49, 0.49, 0.5, 0.5, 0.5, 0.5, 0.51, 0.54, 0.54, 0.56, 0.57, 0.58, 0.6, 0.6, 0.6, 0.6, 0.61, 0.62, 0.62, 0.62, 0.63, 0.65, 0.65, 0.67, 0.67, 0.69, 0.7, 0.7, 0.71, 0.72, 0.72, 0.72, 0.72, 0.72, 0.73, 0.73, 0.73, 0.73, 0.73, 0.73, 0.73, 0.73, 0.73, 0.73, 0.73, 0.73, 0.73, 0.75, 0.76, 0.77, 0.77, 0.77, 0.78, 0.78, 0.78, 0.8, 0.8, 0.81, 0.81, 0.81, 0.81, 0.82, 0.82, 0.82, 0.82, 0.82, 0.82, 0.82, 0.82, 0.82, 0.83, 0.83, 0.83, 0.84, 0.84, 0.84, 0.84, 0.84, 0.84, 0.84, 0.84, 0.84, 0.84, 0.84, 0.84, 0.84, 0.84, 0.84, 0.84, 0.84, 0.84, 0.84, 0.84, 0.84, 0.84, 0.85, 0.85, 0.85, 0.85, 0.85, 0.85, 0.85, 0.85, 0.85, 0.85, 0.85, 0.86, 0.86, 0.86, 0.86, 0.86, 0.86, 0.86, 0.86, 0.86, 0.86, 0.86, 0.86, 0.86, 0.86, 0.86, 0.86, 0.86, 0.86, 0.86, 0.86, 0.86, 0.86, 0.86, 0.86, 0.86, 0.86, 0.86, 0.86, 0.86, 0.86, 0.86, 0.86, 0.86, 0.86, 0.86, 0.86, 0.86, 0.86, 0.86, 0.86, 0.86, 0.86, 0.86, 0.86, 0.86, 0.86, 0.86, 0.86, 0.86, 0.86, 0.86, 0.86, 0.86, 0.86, 0.86, 0.86, 0.86, 0.86, 0.86, 0.86, 0.86, 0.86, 0.86, 0.86, 0.86, 0.86, 0.86, 0.86, 0.86, 0.86]}