{"calc_counters": [7098.454545454545], "capture": "Simple", "cmc_iters": [1.0, 51.16722408026756, 101.33444816053512, 151.5016722408027, 201.66889632107024, 251.83612040133778, 302.0033444816054, 352.1705685618729, 402.33779264214047, 452.505016722408, 502.67224080267556, 552.8394648829432, 603.0066889632108, 653.1739130434783, 703.3411371237459, 753.5083612040133, 803.6755852842809, 853.8428093645485, 904.010033444816, 954.1772575250836, 1004.3444816053511, 1054.5117056856188, 1104.6789297658863, 1154.8461538461538, 1205.0133779264215, 1255.180602006689, 1305.3478260869565, 1355.515050167224, 1405.6822742474917, 1455.8494983277592, 1506.0167224080267, 1556.1839464882944, 1606.3511705685619, 1656.5183946488294, 1706.685618729097, 1756.8528428093646, 1807.020066889632, 1857.1872909698998, 1907.3545150501673, 1957.5217391304348, 2007.6889632107022, 2057.85618729097, 2108.0234113712377, 2158.190635451505, 2208.3578595317726, 2258.5250836120404, 2308.6923076923076, 2358.8595317725753, 2409.026755852843, 2459.1939799331103, 2509.361204013378, 2559.5284280936453, 2609.695652173913, 2659.8628762541807, 2710.030100334448, 2760.1973244147157, 2810.3645484949834, 2860.5317725752507, 2910.6989966555184, 2960.866220735786, 3011.0334448160534, 3061.200668896321, 3111.367892976589, 3161.535117056856, 3211.7023411371238, 3261.8695652173915, 3312.0367892976587, 3362.2040133779265, 3412.371237458194, 3462.5384615384614, 3512.705685618729, 3562.872909698997, 3613.040133779264, 3663.207357859532, 3713.3745819397996, 3763.541806020067, 3813.7090301003345, 3863.8762541806022, 3914.0434782608695, 3964.210702341137, 4014.3779264214045, 4064.545150501672, 4114.71237458194, 4164.879598662207, 4215.046822742475, 4265.214046822743, 4315.38127090301, 4365.548494983278, 4415.715719063545, 4465.882943143813, 4516.050167224081, 4566.217391304348, 4616.384615384615, 4666.551839464883, 4716.719063545151, 4766.886287625418, 4817.053511705686, 4867.220735785953, 4917.387959866221, 4967.555183946488, 5017.722408026756, 5067.889632107023, 5118.056856187291, 5168.224080267559, 5218.391304347826, 5268.558528428093, 5318.725752508361, 5368.892976588629, 5419.060200668896, 5469.227424749164, 5519.394648829431, 5569.561872909699, 5619.729096989967, 5669.896321070234, 5720.063545150501, 5770.2307692307695, 5820.397993311037, 5870.565217391304, 5920.732441471572, 5970.8996655518395, 6021.066889632107, 6071.234113712375, 6121.401337792642, 6171.568561872909, 6221.735785953178, 6271.903010033445, 6322.070234113712, 6372.23745819398, 6422.4046822742475, 6472.571906354515, 6522.739130434783, 6572.90635451505, 6623.0735785953175, 6673.240802675586, 6723.408026755853, 6773.57525083612, 6823.742474916388, 6873.909698996656, 6924.076923076923, 6974.244147157191, 7024.411371237458, 7074.578595317726, 7124.745819397994, 7174.913043478261, 7225.080267558528, 7275.247491638796, 7325.414715719064, 7375.581939799331, 7425.749163879599, 7475.916387959866, 7526.083612040134, 7576.250836120402, 7626.418060200669, 7676.585284280936, 7726.7525083612045, 7776.919732441472, 7827.086956521739, 7877.254180602007, 7927.421404682274, 7977.588628762542, 8027.755852842809, 8077.923076923077, 8128.090301003344, 8178.257525083612, 8228.42474916388, 8278.591973244147, 8328.759197324414, 8378.926421404682, 8429.09364548495, 8479.260869565218, 8529.428093645485, 8579.595317725752, 8629.76254180602, 8679.929765886287, 8730.096989966556, 8780.264214046823, 8830.43143812709, 8880.598662207358, 8930.765886287625, 8980.933110367892, 9031.100334448161, 9081.267558528429, 9131.434782608696, 9181.602006688963, 9231.76923076923, 9281.936454849498, 9332.103678929767, 9382.270903010034, 9432.438127090301, 9482.605351170569, 9532.772575250836, 9582.939799331103, 9633.107023411372, 9683.27424749164, 9733.441471571907, 9783.608695652174, 9833.775919732441, 9883.943143812709, 9934.110367892976, 9984.277591973245, 10034.444816053512, 10084.61204013378, 10134.779264214047, 10184.946488294314, 10235.113712374581, 10285.28093645485, 10335.448160535117, 10385.615384615385, 10435.782608695652, 10485.94983277592, 10536.117056856187, 10586.284280936456, 10636.451505016723, 10686.61872909699, 10736.785953177257, 10786.953177257525, 10837.120401337792, 10887.287625418061, 10937.454849498328, 10987.622073578596, 11037.789297658863, 11087.95652173913, 11138.123745819397, 11188.290969899666, 11238.458193979934, 11288.6254180602, 11338.792642140468, 11388.959866220735, 11439.127090301003, 11489.294314381272, 11539.461538461539, 11589.628762541806, 11639.795986622074, 11689.96321070234, 11740.130434782608, 11790.297658862877, 11840.464882943144, 11890.632107023412, 11940.799331103679, 11990.966555183946, 12041.133779264213, 12091.301003344483, 12141.46822742475, 12191.635451505017, 12241.802675585284, 12291.969899665552, 12342.137123745819, 12392.304347826088, 12442.471571906355, 12492.638795986622, 12542.80602006689, 12592.973244147157, 12643.140468227424, 12693.307692307693, 12743.47491638796, 12793.642140468228, 12843.809364548495, 12893.976588628762, 12944.14381270903, 12994.311036789297, 13044.478260869566, 13094.645484949833, 13144.8127090301, 13194.979933110368, 13245.147157190635, 13295.314381270902, 13345.481605351171, 13395.648829431439, 13445.816053511706, 13495.983277591973, 13546.15050167224, 13596.317725752508, 13646.484949832777, 13696.652173913044, 13746.819397993311, 13796.986622073578, 13847.153846153846, 13897.321070234113, 13947.488294314382, 13997.65551839465, 14047.822742474917, 14097.989966555184, 14148.157190635451, 14198.324414715718, 14248.491638795987, 14298.658862876255, 14348.826086956522, 14398.99331103679, 14449.160535117056, 14499.327759197324, 14549.494983277593, 14599.66220735786, 14649.829431438127, 14699.996655518395, 14750.163879598662, 14800.33110367893, 14850.498327759198, 14900.665551839465, 14950.832775919733, 15001.0], "num_solved": 33, "cmc_vals": [0.0, 0.0, 0.0, 0.0, 0.0, 0.0, 0.0, 0.0, 0.0, 0.0, 0.01, 0.01, 0.01, 0.01, 0.01, 0.01, 0.01, 0.01, 0.01, 0.01, 0.01, 0.01, 0.01, 0.01, 0.01, 0.01, 0.01, 0.01, 0.02, 0.02, 0.02, 0.02, 0.02, 0.02, 0.02, 0.03, 0.03, 0.03, 0.03, 0.03, 0.03, 0.03, 0.03, 0.03, 0.03, 0.04, 0.04, 0.05, 0.05, 0.06, 0.06, 0.06, 0.06, 0.06, 0.06, 0.06, 0.06, 0.06, 0.06, 0.06, 0.06, 0.06, 0.06, 0.07, 0.07, 0.07, 0.07, 0.07, 0.07, 0.07, 0.07, 0.07, 0.08, 0.08, 0.08, 0.08, 0.08, 0.08, 0.08, 0.08, 0.08, 0.08, 0.08, 0.09, 0.09, 0.09, 0.09, 0.09, 0.09, 0.1, 0.11, 0.11, 0.11, 0.11, 0.12, 0.13, 0.13, 0.13, 0.13, 0.13, 0.13, 0.13, 0.13, 0.13, 0.13, 0.13, 0.13, 0.13, 0.13, 0.13, 0.13, 0.13, 0.13, 0.13, 0.13, 0.13, 0.13, 0.13, 0.13, 0.13, 0.13, 0.13, 0.13, 0.13, 0.13, 0.13, 0.13, 0.13, 0.13, 0.13, 0.13, 0.13, 0.13, 0.14, 0.14, 0.14, 0.14, 0.14, 0.14, 0.14, 0.14, 0.14, 0.14, 0.14, 0.15, 0.15, 0.16, 0.17, 0.17, 0.17, 0.17, 0.17, 0.17, 0.17, 0.17, 0.17, 0.17, 0.17, 0.17, 0.17, 0.17, 0.17, 0.18, 0.18, 0.18, 0.19, 0.2, 0.2, 0.2, 0.2, 0.2, 0.2, 0.2, 0.2, 0.22, 0.22, 0.22, 0.22, 0.22, 0.22, 0.22, 0.22, 0.22, 0.22, 0.22, 0.22, 0.22, 0.22, 0.22, 0.22, 0.23, 0.23, 0.24, 0.24, 0.24, 0.24, 0.24, 0.24, 0.24, 0.24, 0.24, 0.24, 0.24, 0.24, 0.24, 0.24, 0.24, 0.25, 0.25, 0.25, 0.25, 0.25, 0.25, 0.25, 0.25, 0.25, 0.26, 0.26, 0.26, 0.27, 0.28, 0.28, 0.28, 0.28, 0.28, 0.28, 0.28, 0.28, 0.28, 0.29, 0.29, 0.29, 0.3, 0.3, 0.31, 0.31, 0.31, 0.31, 0.31, 0.31, 0.31, 0.31, 0.31, 0.31, 0.31, 0.31, 0.31, 0.31, 0.31, 0.31, 0.31, 0.31, 0.32, 0.32, 0.32, 0.32, 0.32, 0.32, 0.32, 0.32, 0.32, 0.32, 0.32, 0.32, 0.32, 0.32, 0.32, 0.32, 0.32, 0.32, 0.32, 0.32, 0.32, 0.32, 0.32, 0.32, 0.32, 0.32, 0.32, 0.32, 0.32, 0.32, 0.33, 0.33, 0.33, 0.33, 0.33, 0.33, 0.33, 0.33, 0.33, 0.33, 0.33, 0.33, 0.33, 0.33, 0.33, 0.33, 0.33, 0.33]}