{"calc_counters": [13113.4], "capture": "AGS", "cmc_iters": [1.0, 238.01003344481606, 475.0200668896321, 712.0301003344482, 949.0401337792642, 1186.0501672240803, 1423.0602006688964, 1660.0702341137123, 1897.0802675585285, 2134.0903010033444, 2371.1003344481605, 2608.1103678929767, 2845.120401337793, 3082.130434782609, 3319.1404682274247, 3556.150501672241, 3793.160535117057, 4030.170568561873, 4267.180602006689, 4504.190635451505, 4741.200668896321, 4978.210702341137, 5215.220735785953, 5452.2307692307695, 5689.240802675586, 5926.250836120402, 6163.260869565218, 6400.270903010033, 6637.280936454849, 6874.2909698996655, 7111.301003344482, 7348.311036789298, 7585.321070234114, 7822.33110367893, 8059.341137123746, 8296.351170568561, 8533.361204013378, 8770.371237458194, 9007.38127090301, 9244.391304347826, 9481.401337792642, 9718.411371237458, 9955.421404682274, 10192.43143812709, 10429.441471571907, 10666.451505016723, 10903.461538461539, 11140.471571906355, 11377.481605351171, 11614.491638795987, 11851.501672240804, 12088.51170568562, 12325.521739130436, 12562.531772575252, 12799.541806020066, 13036.551839464883, 13273.561872909699, 13510.571906354515, 13747.581939799331, 13984.591973244147, 14221.602006688963, 14458.61204013378, 14695.622073578596, 14932.632107023412, 15169.642140468228, 15406.652173913044, 15643.66220735786, 15880.672240802676, 16117.682274247492, 16354.692307692309, 16591.702341137123, 16828.71237458194, 17065.722408026755, 17302.732441471573, 17539.742474916387, 17776.752508361205, 18013.76254180602, 18250.772575250838, 18487.782608695652, 18724.79264214047, 18961.802675585284, 19198.812709030102, 19435.822742474917, 19672.832775919735, 19909.84280936455, 20146.852842809367, 20383.86287625418, 20620.872909698995, 20857.882943143813, 21094.892976588628, 21331.903010033446, 21568.91304347826, 21805.923076923078, 22042.933110367892, 22279.94314381271, 22516.953177257525, 22753.963210702343, 22990.973244147157, 23227.983277591975, 23464.99331103679, 23702.003344481607, 23939.01337792642, 24176.02341137124, 24413.033444816054, 24650.04347826087, 24887.053511705686, 25124.063545150504, 25361.07357859532, 25598.083612040133, 25835.09364548495, 26072.103678929765, 26309.113712374583, 26546.123745819397, 26783.133779264215, 27020.14381270903, 27257.153846153848, 27494.163879598662, 27731.17391304348, 27968.183946488294, 28205.193979933112, 28442.204013377926, 28679.214046822744, 28916.22408026756, 29153.234113712377, 29390.24414715719, 29627.25418060201, 29864.264214046823, 30101.27424749164, 30338.284280936456, 30575.29431438127, 30812.304347826088, 31049.314381270902, 31286.32441471572, 31523.334448160535, 31760.344481605352, 31997.354515050167, 32234.364548494985, 32471.3745819398, 32708.384615384617, 32945.39464882943, 33182.404682274246, 33419.41471571907, 33656.42474916388, 33893.434782608696, 34130.44481605351, 34367.45484949833, 34604.464882943146, 34841.47491638796, 35078.484949832775, 35315.4949832776, 35552.50501672241, 35789.515050167225, 36026.52508361204, 36263.535117056854, 36500.545150501675, 36737.55518394649, 36974.565217391304, 37211.57525083612, 37448.58528428094, 37685.595317725754, 37922.60535117057, 38159.61538461538, 38396.625418060205, 38633.63545150502, 38870.64548494983, 39107.65551839465, 39344.66555183947, 39581.67558528428, 39818.6856187291, 40055.69565217391, 40292.705685618734, 40529.71571906355, 40766.72575250836, 41003.73578595318, 41240.74581939799, 41477.75585284281, 41714.76588628763, 41951.77591973244, 42188.785953177256, 42425.79598662208, 42662.80602006689, 42899.816053511706, 43136.82608695652, 43373.83612040134, 43610.846153846156, 43847.85618729097, 44084.866220735785, 44321.876254180606, 44558.88628762542, 44795.896321070235, 45032.90635451505, 45269.91638795987, 45506.926421404685, 45743.9364548495, 45980.946488294314, 46217.95652173913, 46454.96655518395, 46691.976588628764, 46928.98662207358, 47165.99665551839, 47403.006688963214, 47640.01672240803, 47877.02675585284, 48114.03678929766, 48351.04682274248, 48588.05685618729, 48825.06688963211, 49062.07692307692, 49299.08695652174, 49536.09698996656, 49773.10702341137, 50010.11705685619, 50247.12709030101, 50484.13712374582, 50721.14715719064, 50958.15719063545, 51195.167224080265, 51432.17725752509, 51669.1872909699, 51906.197324414716, 52143.20735785953, 52380.21739130435, 52617.227424749166, 52854.23745819398, 53091.247491638795, 53328.257525083616, 53565.26755852843, 53802.277591973245, 54039.28762541806, 54276.29765886288, 54513.307692307695, 54750.31772575251, 54987.327759197324, 55224.337792642145, 55461.34782608696, 55698.357859531774, 55935.36789297659, 56172.3779264214, 56409.387959866224, 56646.39799331104, 56883.40802675585, 57120.41806020067, 57357.42809364549, 57594.4381270903, 57831.44816053512, 58068.45819397993, 58305.46822742475, 58542.47826086957, 58779.48829431438, 59016.4983277592, 59253.50836120402, 59490.51839464883, 59727.52842809365, 59964.53846153846, 60201.54849498328, 60438.5585284281, 60675.56856187291, 60912.578595317726, 61149.58862876254, 61386.59866220736, 61623.608695652176, 61860.61872909699, 62097.628762541804, 62334.638795986626, 62571.64882943144, 62808.658862876255, 63045.66889632107, 63282.67892976589, 63519.688963210705, 63756.69899665552, 63993.70903010033, 64230.719063545155, 64467.72909698997, 64704.739130434784, 64941.7491638796, 65178.75919732442, 65415.769230769234, 65652.77926421406, 65889.78929765886, 66126.79933110368, 66363.80936454849, 66600.81939799331, 66837.82943143813, 67074.83946488294, 67311.84949832776, 67548.85953177257, 67785.86956521739, 68022.87959866221, 68259.88963210702, 68496.89966555184, 68733.90969899666, 68970.91973244147, 69207.92976588629, 69444.9397993311, 69681.94983277592, 69918.95986622074, 70155.96989966555, 70392.97993311037, 70629.9899665552, 70867.0], "num_solved": 100, "cmc_vals": [0.0, 0.01, 0.02, 0.02, 0.03, 0.05, 0.07, 0.07, 0.07, 0.08, 0.1, 0.12, 0.13, 0.13, 0.13, 0.13, 0.15, 0.15, 0.16, 0.16, 0.16, 0.17, 0.19, 0.2, 0.2, 0.21, 0.21, 0.24, 0.26, 0.27, 0.28, 0.3, 0.32, 0.33, 0.34, 0.37, 0.38, 0.39, 0.41, 0.43, 0.44, 0.44, 0.47, 0.5, 0.5, 0.52, 0.53, 0.55, 0.56, 0.57, 0.58, 0.61, 0.62, 0.62, 0.63, 0.64, 0.65, 0.65, 0.66, 0.7, 0.72, 0.74, 0.74, 0.74, 0.75, 0.77, 0.77, 0.77, 0.78, 0.79, 0.79, 0.79, 0.79, 0.79, 0.79, 0.79, 0.81, 0.81, 0.81, 0.81, 0.82, 0.83, 0.83, 0.83, 0.83, 0.83, 0.85, 0.85, 0.86, 0.87, 0.87, 0.87, 0.88, 0.88, 0.89, 0.89, 0.89, 0.89, 0.89, 0.89, 0.89, 0.9, 0.91, 0.91, 0.91, 0.91, 0.92, 0.92, 0.92, 0.92, 0.92, 0.92, 0.93, 0.93, 0.93, 0.93, 0.93, 0.94, 0.94, 0.94, 0.94, 0.94, 0.94, 0.94, 0.94, 0.94, 0.94, 0.94, 0.94, 0.94, 0.94, 0.94, 0.94, 0.94, 0.94, 0.94, 0.94, 0.94, 0.94, 0.94, 0.94, 0.94, 0.94, 0.94, 0.94, 0.94, 0.94, 0.94, 0.94, 0.94, 0.94, 0.94, 0.94, 0.94, 0.94, 0.94, 0.94, 0.94, 0.94, 0.94, 0.94, 0.94, 0.94, 0.94, 0.94, 0.94, 0.94, 0.94, 0.94, 0.94, 0.94, 0.94, 0.94, 0.94, 0.94, 0.94, 0.94, 0.94, 0.94, 0.94, 0.94, 0.94, 0.94, 0.94, 0.95, 0.95, 0.95, 0.95, 0.95, 0.95, 0.95, 0.96, 0.96, 0.96, 0.96, 0.96, 0.96, 0.96, 0.96, 0.96, 0.97, 0.97, 0.97, 0.97, 0.97, 0.97, 0.97, 0.97, 0.97, 0.97, 0.97, 0.97, 0.97, 0.97, 0.97, 0.97, 0.98, 0.98, 0.98, 0.98, 0.99, 0.99, 0.99, 0.99, 0.99, 0.99, 0.99, 0.99, 0.99, 0.99, 0.99, 0.99, 0.99, 0.99, 0.99, 0.99, 0.99, 0.99, 0.99, 0.99, 0.99, 0.99, 0.99, 0.99, 0.99, 0.99, 0.99, 0.99, 0.99, 0.99, 0.99, 0.99, 0.99, 0.99, 0.99, 0.99, 0.99, 0.99, 0.99, 0.99, 0.99, 0.99, 0.99, 0.99, 0.99, 0.99, 0.99, 0.99, 0.99, 0.99, 0.99, 0.99, 0.99, 0.99, 0.99, 0.99, 0.99, 0.99, 0.99, 0.99, 0.99, 0.99, 0.99, 0.99, 0.99, 0.99, 0.99, 0.99, 0.99, 0.99, 0.99, 0.99, 0.99, 0.99, 0.99, 0.99, 0.99, 0.99, 0.99, 1.0]}