{"calc_counters": [55596.07070707071], "capture": "DIRECTl", "cmc_iters": [1.0, 837.1505016722408, 1673.3010033444816, 2509.4515050167224, 3345.6020066889632, 4181.752508361204, 5017.903010033445, 5854.053511705686, 6690.2040133779265, 7526.354515050167, 8362.505016722407, 9198.65551839465, 10034.80602006689, 10870.95652173913, 11707.107023411372, 12543.257525083613, 13379.408026755853, 14215.558528428093, 15051.709030100334, 15887.859531772576, 16724.010033444814, 17560.16053511706, 18396.3110367893, 19232.46153846154, 20068.61204013378, 20904.76254180602, 21740.91304347826, 22577.0635451505, 23413.214046822744, 24249.364548494985, 25085.515050167225, 25921.665551839465, 26757.816053511706, 27593.966555183946, 28430.117056856187, 29266.267558528427, 30102.418060200667, 30938.56856187291, 31774.71906354515, 32610.869565217392, 33447.02006688963, 34283.17056856187, 35119.32107023412, 35955.47157190635, 36791.6220735786, 37627.772575250834, 38463.92307692308, 39300.073578595315, 40136.22408026756, 40972.3745819398, 41808.52508361204, 42644.67558528428, 43480.82608695652, 44316.976588628764, 45153.127090301, 45989.277591973245, 46825.42809364549, 47661.578595317726, 48497.72909698997, 49333.879598662206, 50170.03010033445, 51006.18060200669, 51842.33110367893, 52678.48160535117, 53514.63210702341, 54350.782608695656, 55186.93311036789, 56023.083612040136, 56859.23411371237, 57695.38461538462, 58531.535117056854, 59367.6856187291, 60203.836120401334, 61039.98662207358, 61876.13712374582, 62712.28762541806, 63548.4381270903, 64384.58862876254, 65220.739130434784, 66056.88963210702, 66893.04013377926, 67729.19063545151, 68565.34113712375, 69401.49163879598, 70237.64214046823, 71073.79264214047, 71909.9431438127, 72746.09364548494, 73582.2441471572, 74418.39464882943, 75254.54515050167, 76090.69565217392, 76926.84615384616, 77762.9966555184, 78599.14715719063, 79435.29765886288, 80271.44816053512, 81107.59866220735, 81943.7491638796, 82779.89966555184, 83616.05016722408, 84452.20066889632, 85288.35117056857, 86124.5016722408, 86960.65217391304, 87796.80267558529, 88632.95317725753, 89469.10367892977, 90305.254180602, 91141.40468227425, 91977.55518394649, 92813.70568561873, 93649.85618729098, 94486.00668896321, 95322.15719063545, 96158.30769230769, 96994.45819397994, 97830.60869565218, 98666.75919732441, 99502.90969899665, 100339.0602006689, 101175.21070234114, 102011.36120401337, 102847.51170568563, 103683.66220735786, 104519.8127090301, 105355.96321070234, 106192.11371237459, 107028.26421404682, 107864.41471571906, 108700.56521739131, 109536.71571906355, 110372.86622073578, 111209.01672240802, 112045.16722408027, 112881.31772575251, 113717.46822742475, 114553.618729097, 115389.76923076923, 116225.91973244147, 117062.07023411371, 117898.22073578596, 118734.3712374582, 119570.52173913043, 120406.67224080267, 121242.82274247492, 122078.97324414716, 122915.1237458194, 123751.27424749164, 124587.42474916388, 125423.57525083612, 126259.72575250836, 127095.8762541806, 127932.02675585284, 128768.17725752508, 129604.32775919733, 130440.47826086957, 131276.6287625418, 132112.77926421404, 132948.92976588628, 133785.08026755851, 134621.23076923078, 135457.38127090302, 136293.53177257525, 137129.6822742475, 137965.83277591973, 138801.98327759196, 139638.1337792642, 140474.28428093647, 141310.4347826087, 142146.58528428094, 142982.73578595318, 143818.8862876254, 144655.03678929765, 145491.1872909699, 146327.33779264215, 147163.4882943144, 147999.63879598663, 148835.78929765886, 149671.9397993311, 150508.09030100334, 151344.24080267557, 152180.39130434784, 153016.54180602008, 153852.6923076923, 154688.84280936455, 155524.9933110368, 156361.14381270902, 157197.29431438126, 158033.44481605352, 158869.59531772576, 159705.745819398, 160541.89632107023, 161378.04682274247, 162214.1973244147, 163050.34782608695, 163886.4983277592, 164722.64882943145, 165558.79933110368, 166394.94983277592, 167231.10033444816, 168067.2508361204, 168903.40133779263, 169739.5518394649, 170575.70234113713, 171411.85284280937, 172248.0033444816, 173084.15384615384, 173920.30434782608, 174756.45484949832, 175592.60535117058, 176428.75585284282, 177264.90635451506, 178101.0568561873, 178937.20735785953, 179773.35785953177, 180609.508361204, 181445.65886287627, 182281.8093645485, 183117.95986622074, 183954.11036789298, 184790.26086956522, 185626.41137123745, 186462.5618729097, 187298.71237458196, 188134.8628762542, 188971.01337792643, 189807.16387959867, 190643.3143812709, 191479.46488294314, 192315.61538461538, 193151.7658862876, 193987.91638795988, 194824.06688963211, 195660.21739130435, 196496.3678929766, 197332.51839464883, 198168.66889632106, 199004.8193979933, 199840.96989966556, 200677.1204013378, 201513.27090301004, 202349.42140468227, 203185.5719063545, 204021.72240802675, 204857.87290969898, 205694.02341137125, 206530.1739130435, 207366.32441471572, 208202.47491638796, 209038.6254180602, 209874.77591973243, 210710.92642140467, 211547.07692307694, 212383.22742474917, 213219.3779264214, 214055.52842809365, 214891.67892976588, 215727.82943143812, 216563.97993311036, 217400.13043478262, 218236.28093645486, 219072.4314381271, 219908.58193979933, 220744.73244147157, 221580.8829431438, 222417.03344481604, 223253.1839464883, 224089.33444816055, 224925.48494983278, 225761.63545150502, 226597.78595317726, 227433.9364548495, 228270.08695652173, 229106.237458194, 229942.38795986623, 230778.53846153847, 231614.6889632107, 232450.83946488294, 233286.98996655518, 234123.14046822742, 234959.29096989968, 235795.44147157192, 236631.59197324415, 237467.7424749164, 238303.89297658863, 239140.04347826086, 239976.1939799331, 240812.34448160534, 241648.4949832776, 242484.64548494984, 243320.79598662208, 244156.9464882943, 244993.09698996655, 245829.2474916388, 246665.39799331102, 247501.5484949833, 248337.69899665553, 249173.84949832776, 250010.0], "num_solved": 99, "cmc_vals": [0.0, 0.0, 0.02, 0.11, 0.15, 0.21, 0.25, 0.3, 0.34, 0.37, 0.38, 0.39, 0.41, 0.41, 0.41, 0.42, 0.42, 0.44, 0.44, 0.44, 0.44, 0.45, 0.46, 0.46, 0.47, 0.48, 0.48, 0.48, 0.49, 0.49, 0.49, 0.5, 0.5, 0.5, 0.5, 0.5, 0.51, 0.51, 0.52, 0.52, 0.52, 0.52, 0.52, 0.53, 0.53, 0.56, 0.57, 0.57, 0.58, 0.58, 0.59, 0.6, 0.6, 0.6, 0.6, 0.6, 0.6, 0.6, 0.6, 0.6, 0.6, 0.6, 0.61, 0.61, 0.61, 0.62, 0.62, 0.63, 0.64, 0.65, 0.65, 0.65, 0.65, 0.66, 0.66, 0.66, 0.66, 0.66, 0.66, 0.66, 0.66, 0.66, 0.66, 0.67, 0.67, 0.67, 0.67, 0.68, 0.68, 0.68, 0.68, 0.69, 0.69, 0.69, 0.7, 0.7, 0.7, 0.7, 0.71, 0.71, 0.71, 0.71, 0.71, 0.71, 0.71, 0.71, 0.71, 0.71, 0.72, 0.73, 0.73, 0.73, 0.74, 0.74, 0.74, 0.74, 0.75, 0.76, 0.77, 0.77, 0.77, 0.77, 0.78, 0.78, 0.78, 0.78, 0.79, 0.79, 0.79, 0.79, 0.8, 0.8, 0.8, 0.8, 0.8, 0.8, 0.8, 0.81, 0.81, 0.82, 0.82, 0.82, 0.82, 0.82, 0.82, 0.82, 0.82, 0.82, 0.82, 0.82, 0.83, 0.83, 0.84, 0.84, 0.84, 0.84, 0.84, 0.84, 0.84, 0.84, 0.84, 0.84, 0.84, 0.84, 0.84, 0.84, 0.84, 0.85, 0.85, 0.85, 0.85, 0.86, 0.87, 0.88, 0.88, 0.88, 0.88, 0.88, 0.88, 0.88, 0.88, 0.88, 0.88, 0.89, 0.89, 0.89, 0.89, 0.89, 0.89, 0.89, 0.89, 0.89, 0.89, 0.89, 0.89, 0.89, 0.89, 0.89, 0.91, 0.91, 0.91, 0.91, 0.91, 0.91, 0.91, 0.91, 0.91, 0.91, 0.91, 0.91, 0.91, 0.91, 0.91, 0.91, 0.91, 0.92, 0.92, 0.92, 0.92, 0.92, 0.92, 0.92, 0.92, 0.92, 0.92, 0.93, 0.93, 0.93, 0.93, 0.94, 0.94, 0.94, 0.94, 0.94, 0.94, 0.94, 0.94, 0.94, 0.94, 0.94, 0.94, 0.94, 0.94, 0.94, 0.94, 0.94, 0.95, 0.95, 0.95, 0.95, 0.95, 0.95, 0.95, 0.95, 0.95, 0.95, 0.96, 0.96, 0.96, 0.96, 0.96, 0.96, 0.97, 0.97, 0.97, 0.97, 0.97, 0.97, 0.98, 0.98, 0.98, 0.98, 0.98, 0.98, 0.98, 0.98, 0.98, 0.98, 0.98, 0.98, 0.98, 0.98, 0.98, 0.98, 0.98, 0.98, 0.99, 0.99, 0.99, 0.99, 0.99, 0.99, 0.99, 0.99, 0.99, 0.99, 0.99, 0.99, 0.99, 0.99]}