{"calc_counters": [80220.10638297872], "capture": "MLSL", "cmc_iters": [1.0, 837.1204013377926, 1673.2408026755852, 2509.3612040133776, 3345.4816053511704, 4181.602006688963, 5017.722408026755, 5853.842809364548, 6689.963210702341, 7526.083612040134, 8362.204013377926, 9198.324414715718, 10034.44481605351, 10870.565217391304, 11706.685618729096, 12542.80602006689, 13378.926421404682, 14215.046822742474, 15051.167224080267, 15887.28762541806, 16723.408026755853, 17559.528428093643, 18395.648829431437, 19231.76923076923, 20067.88963210702, 20904.010033444814, 21740.130434782608, 22576.2508361204, 23412.371237458192, 24248.491638795986, 25084.61204013378, 25920.73244147157, 26756.852842809363, 27592.973244147157, 28429.093645484947, 29265.21404682274, 30101.334448160535, 30937.454849498325, 31773.57525083612, 32609.695652173912, 33445.816053511706, 34281.9364548495, 35118.056856187286, 35954.17725752508, 36790.29765886287, 37626.41806020067, 38462.53846153846, 39298.658862876255, 40134.77926421404, 40970.899665551835, 41807.02006688963, 42643.14046822742, 43479.260869565216, 44315.38127090301, 45151.5016722408, 45987.62207357859, 46823.742474916384, 47659.86287625418, 48495.98327759197, 49332.103678929765, 50168.22408026756, 51004.344481605345, 51840.46488294314, 52676.58528428093, 53512.70568561873, 54348.82608695652, 55184.946488294314, 56021.06688963211, 56857.187290969894, 57693.30769230769, 58529.42809364548, 59365.548494983275, 60201.66889632107, 61037.78929765886, 61873.90969899665, 62710.03010033444, 63546.15050167224, 64382.27090301003, 65218.391304347824, 66054.51170568561, 66890.63210702341, 67726.7525083612, 68562.872909699, 69398.99331103679, 70235.11371237457, 71071.23411371237, 71907.35451505016, 72743.47491638796, 73579.59531772575, 74415.71571906355, 75251.83612040133, 76087.95652173912, 76924.07692307692, 77760.19732441471, 78596.31772575251, 79432.4381270903, 80268.55852842808, 81104.67892976588, 81940.79933110367, 82776.91973244147, 83613.04013377926, 84449.16053511706, 85285.28093645484, 86121.40133779263, 86957.52173913043, 87793.64214046822, 88629.76254180602, 89465.8829431438, 90302.0033444816, 91138.1237458194, 91974.24414715718, 92810.36454849498, 93646.48494983277, 94482.60535117057, 95318.72575250836, 96154.84615384616, 96990.96655518394, 97827.08695652173, 98663.20735785953, 99499.32775919732, 100335.44816053512, 101171.5685618729, 102007.68896321069, 102843.80936454849, 103679.92976588628, 104516.05016722408, 105352.17056856187, 106188.29096989967, 107024.41137123745, 107860.53177257524, 108696.65217391304, 109532.77257525083, 110368.89297658863, 111205.01337792641, 112041.13377926422, 112877.254180602, 113713.37458193979, 114549.49498327759, 115385.61538461538, 116221.73578595318, 117057.85618729096, 117893.97658862875, 118730.09698996655, 119566.21739130434, 120402.33779264214, 121238.45819397992, 122074.57859531773, 122910.69899665551, 123746.8193979933, 124582.9397993311, 125419.06020066889, 126255.18060200669, 127091.30100334447, 127927.42140468227, 128763.54180602006, 129599.66220735785, 130435.78260869565, 131271.90301003345, 132108.02341137122, 132944.14381270902, 133780.26421404682, 134616.3846153846, 135452.5050167224, 136288.6254180602, 137124.745819398, 137960.86622073577, 138796.98662207357, 139633.10702341137, 140469.22742474914, 141305.34782608695, 142141.46822742475, 142977.58862876255, 143813.70903010032, 144649.82943143812, 145485.94983277592, 146322.0702341137, 147158.1906354515, 147994.3110367893, 148830.4314381271, 149666.55183946487, 150502.67224080267, 151338.79264214047, 152174.91304347824, 153011.03344481604, 153847.15384615384, 154683.27424749164, 155519.39464882942, 156355.51505016722, 157191.63545150502, 158027.7558528428, 158863.8762541806, 159699.9966555184, 160536.11705685616, 161372.23745819397, 162208.35785953177, 163044.47826086957, 163880.59866220734, 164716.71906354514, 165552.83946488294, 166388.9598662207, 167225.08026755851, 168061.20066889632, 168897.32107023412, 169733.4414715719, 170569.5618729097, 171405.6822742475, 172241.80267558526, 173077.92307692306, 173914.04347826086, 174750.16387959867, 175586.28428093644, 176422.40468227424, 177258.52508361204, 178094.6454849498, 178930.7658862876, 179766.8862876254, 180603.0066889632, 181439.127090301, 182275.2474916388, 183111.3678929766, 183947.48829431436, 184783.60869565216, 185619.72909698996, 186455.84949832776, 187291.96989966554, 188128.09030100334, 188964.21070234114, 189800.3311036789, 190636.4515050167, 191472.5719063545, 192308.6923076923, 193144.81270903008, 193980.93311036789, 194817.0535117057, 195653.17391304346, 196489.29431438126, 197325.41471571906, 198161.53511705683, 198997.65551839463, 199833.77591973243, 200669.89632107023, 201506.016722408, 202342.1371237458, 203178.2575250836, 204014.37792642138, 204850.49832775918, 205686.61872909698, 206522.73913043478, 207358.85953177256, 208194.97993311036, 209031.10033444816, 209867.22073578593, 210703.34113712373, 211539.46153846153, 212375.58193979933, 213211.7023411371, 214047.8227424749, 214883.9431438127, 215720.06354515048, 216556.18394648828, 217392.30434782608, 218228.42474916388, 219064.54515050165, 219900.66555183945, 220736.78595317726, 221572.90635451503, 222409.02675585283, 223245.14715719063, 224081.26755852843, 224917.3879598662, 225753.508361204, 226589.6287625418, 227425.74916387958, 228261.86956521738, 229097.98996655518, 229934.11036789298, 230770.23076923075, 231606.35117056855, 232442.47157190635, 233278.59197324413, 234114.71237458193, 234950.83277591973, 235786.9531772575, 236623.0735785953, 237459.1939799331, 238295.3143812709, 239131.43478260867, 239967.55518394648, 240803.67558528428, 241639.79598662205, 242475.91638795985, 243312.03678929765, 244148.15719063545, 244984.27759197322, 245820.39799331102, 246656.51839464883, 247492.6387959866, 248328.7591973244, 249164.8795986622, 250001.0], "num_solved": 94, "cmc_vals": [0.0, 0.03, 0.04, 0.05, 0.06, 0.06, 0.07, 0.08, 0.08, 0.09, 0.09, 0.1, 0.1, 0.1, 0.1, 0.13, 0.14, 0.16, 0.16, 0.16, 0.17, 0.18, 0.18, 0.18, 0.18, 0.18, 0.18, 0.18, 0.18, 0.18, 0.21, 0.22, 0.22, 0.22, 0.22, 0.22, 0.22, 0.22, 0.22, 0.23, 0.23, 0.24, 0.26, 0.26, 0.26, 0.26, 0.28, 0.28, 0.28, 0.28, 0.28, 0.29, 0.29, 0.29, 0.29, 0.3, 0.3, 0.31, 0.31, 0.32, 0.33, 0.35, 0.37, 0.37, 0.38, 0.38, 0.4, 0.4, 0.4, 0.4, 0.4, 0.41, 0.42, 0.43, 0.43, 0.43, 0.43, 0.43, 0.43, 0.43, 0.43, 0.44, 0.44, 0.44, 0.44, 0.44, 0.44, 0.45, 0.47, 0.48, 0.48, 0.51, 0.51, 0.51, 0.52, 0.53, 0.53, 0.54, 0.55, 0.55, 0.56, 0.56, 0.56, 0.56, 0.57, 0.57, 0.57, 0.57, 0.58, 0.58, 0.59, 0.59, 0.59, 0.59, 0.59, 0.6, 0.61, 0.62, 0.62, 0.65, 0.65, 0.65, 0.66, 0.66, 0.66, 0.66, 0.67, 0.67, 0.67, 0.67, 0.67, 0.67, 0.67, 0.68, 0.68, 0.68, 0.68, 0.69, 0.69, 0.69, 0.69, 0.69, 0.69, 0.69, 0.69, 0.69, 0.7, 0.71, 0.72, 0.73, 0.73, 0.73, 0.75, 0.75, 0.76, 0.76, 0.76, 0.76, 0.76, 0.76, 0.76, 0.76, 0.76, 0.76, 0.76, 0.76, 0.76, 0.76, 0.77, 0.77, 0.77, 0.79, 0.79, 0.79, 0.79, 0.79, 0.79, 0.79, 0.8, 0.8, 0.8, 0.8, 0.8, 0.8, 0.8, 0.8, 0.81, 0.81, 0.82, 0.82, 0.83, 0.83, 0.83, 0.84, 0.85, 0.85, 0.86, 0.86, 0.86, 0.86, 0.86, 0.86, 0.86, 0.86, 0.86, 0.86, 0.86, 0.86, 0.87, 0.87, 0.88, 0.88, 0.88, 0.88, 0.88, 0.88, 0.88, 0.89, 0.9, 0.9, 0.9, 0.9, 0.9, 0.9, 0.9, 0.9, 0.9, 0.9, 0.9, 0.9, 0.9, 0.9, 0.9, 0.9, 0.9, 0.9, 0.9, 0.9, 0.9, 0.9, 0.9, 0.9, 0.9, 0.9, 0.9, 0.9, 0.9, 0.9, 0.9, 0.9, 0.9, 0.9, 0.9, 0.9, 0.9, 0.9, 0.9, 0.9, 0.91, 0.91, 0.91, 0.91, 0.91, 0.91, 0.91, 0.91, 0.91, 0.91, 0.91, 0.91, 0.91, 0.91, 0.91, 0.92, 0.92, 0.92, 0.93, 0.93, 0.93, 0.93, 0.93, 0.93, 0.93, 0.93, 0.93, 0.93, 0.93, 0.93, 0.94, 0.94, 0.94, 0.94, 0.94, 0.94, 0.94, 0.94, 0.94, 0.94, 0.94, 0.94]}