{"calc_counters": [68048.01369863014], "capture": "Simulated annealing", "cmc_iters": [1.0, 837.3979933110368, 1673.7959866220735, 2510.1939799331103, 3346.591973244147, 4182.989966555184, 5019.387959866221, 5855.785953177257, 6692.183946488294, 7528.581939799331, 8364.979933110368, 9201.377926421404, 10037.775919732441, 10874.173913043478, 11710.571906354515, 12546.969899665552, 13383.367892976588, 14219.765886287625, 15056.163879598662, 15892.561872909699, 16728.959866220735, 17565.357859531774, 18401.75585284281, 19238.153846153844, 20074.551839464883, 20910.94983277592, 21747.347826086956, 22583.74581939799, 23420.14381270903, 24256.541806020068, 25092.939799331103, 25929.337792642138, 26765.735785953177, 27602.133779264215, 28438.53177257525, 29274.929765886285, 30111.327759197324, 30947.725752508362, 31784.123745819397, 32620.521739130432, 33456.91973244147, 34293.31772575251, 35129.71571906355, 35966.11371237458, 36802.51170568562, 37638.90969899666, 38475.30769230769, 39311.70568561873, 40148.103678929765, 40984.5016722408, 41820.89966555184, 42657.29765886287, 43493.69565217391, 44330.09364548495, 45166.49163879598, 46002.88963210702, 46839.28762541806, 47675.6856187291, 48512.083612040136, 49348.48160535117, 50184.879598662206, 51021.277591973245, 51857.675585284276, 52694.073578595315, 53530.47157190635, 54366.86956521739, 55203.26755852843, 56039.66555183946, 56876.0635451505, 57712.46153846154, 58548.85953177257, 59385.25752508361, 60221.65551839465, 61058.053511705686, 61894.451505016725, 62730.849498327756, 63567.247491638795, 64403.64548494983, 65240.043478260865, 66076.4414715719, 66912.83946488294, 67749.23745819398, 68585.63545150502, 69422.03344481606, 70258.4314381271, 71094.82943143812, 71931.22742474916, 72767.6254180602, 73604.02341137124, 74440.42140468227, 75276.81939799331, 76113.21739130435, 76949.61538461538, 77786.01337792641, 78622.41137123745, 79458.80936454849, 80295.20735785953, 81131.60535117057, 81968.0033444816, 82804.40133779265, 83640.79933110368, 84477.19732441471, 85313.59531772575, 86149.99331103679, 86986.39130434782, 87822.78929765886, 88659.1872909699, 89495.58528428094, 90331.98327759196, 91168.381270903, 92004.77926421404, 92841.17725752508, 93677.57525083612, 94513.97324414716, 95350.3712374582, 96186.76923076923, 97023.16722408027, 97859.5652173913, 98695.96321070234, 99532.36120401337, 100368.75919732441, 101205.15719063545, 102041.55518394649, 102877.95317725753, 103714.35117056855, 104550.74916387959, 105387.14715719063, 106223.54515050167, 107059.9431438127, 107896.34113712375, 108732.73913043478, 109569.13712374582, 110405.53511705686, 111241.93311036789, 112078.33110367892, 112914.72909698996, 113751.127090301, 114587.52508361204, 115423.92307692308, 116260.32107023412, 117096.71906354514, 117933.11705685618, 118769.51505016722, 119605.91304347826, 120442.3110367893, 121278.70903010033, 122115.10702341137, 122951.50501672241, 123787.90301003345, 124624.30100334447, 125460.69899665551, 126297.09698996655, 127133.49498327759, 127969.89297658863, 128806.29096989967, 129642.6889632107, 130479.08695652173, 131315.48494983278, 132151.8829431438, 132988.28093645486, 133824.67892976588, 134661.0769230769, 135497.47491638796, 136333.87290969898, 137170.27090301004, 138006.66889632106, 138843.06688963211, 139679.46488294314, 140515.8628762542, 141352.26086956522, 142188.65886287624, 143025.0568561873, 143861.45484949832, 144697.85284280937, 145534.2508361204, 146370.64882943145, 147207.04682274247, 148043.4448160535, 148879.84280936455, 149716.24080267557, 150552.63879598663, 151389.03678929765, 152225.4347826087, 153061.83277591973, 153898.23076923075, 154734.6287625418, 155571.02675585283, 156407.42474916388, 157243.8227424749, 158080.22073578596, 158916.61872909698, 159753.01672240804, 160589.41471571906, 161425.81270903008, 162262.21070234114, 163098.60869565216, 163935.0066889632, 164771.40468227424, 165607.8026755853, 166444.20066889632, 167280.59866220737, 168116.9966555184, 168953.39464882942, 169789.79264214047, 170626.1906354515, 171462.58862876255, 172298.98662207357, 173135.38461538462, 173971.78260869565, 174808.18060200667, 175644.57859531773, 176480.97658862875, 177317.3745819398, 178153.77257525083, 178990.17056856188, 179826.5685618729, 180662.96655518393, 181499.36454849498, 182335.762541806, 183172.16053511706, 184008.55852842808, 184844.95652173914, 185681.35451505016, 186517.7525083612, 187354.15050167224, 188190.54849498326, 189026.9464882943, 189863.34448160534, 190699.7424749164, 191536.14046822742, 192372.53846153847, 193208.9364548495, 194045.33444816055, 194881.73244147157, 195718.1304347826, 196554.52842809365, 197390.92642140467, 198227.32441471572, 199063.72240802675, 199900.1204013378, 200736.51839464883, 201572.91638795985, 202409.3143812709, 203245.71237458193, 204082.11036789298, 204918.508361204, 205754.90635451506, 206591.30434782608, 207427.7023411371, 208264.10033444816, 209100.49832775918, 209936.89632107023, 210773.29431438126, 211609.6923076923, 212446.09030100334, 213282.4882943144, 214118.8862876254, 214955.28428093644, 215791.6822742475, 216628.08026755851, 217464.47826086957, 218300.8762541806, 219137.27424749164, 219973.67224080267, 220810.07023411372, 221646.46822742475, 222482.86622073577, 223319.26421404682, 224155.66220735785, 224992.0602006689, 225828.45819397992, 226664.85618729098, 227501.254180602, 228337.65217391303, 229174.05016722408, 230010.4481605351, 230846.84615384616, 231683.24414715718, 232519.64214046823, 233356.04013377926, 234192.43812709028, 235028.83612040133, 235865.23411371236, 236701.6321070234, 237538.03010033444, 238374.4280936455, 239210.8260869565, 240047.22408026757, 240883.6220735786, 241720.0200668896, 242556.41806020067, 243392.8160535117, 244229.21404682274, 245065.61204013377, 245902.01003344482, 246738.40802675585, 247574.8060200669, 248411.20401337792, 249247.60200668895, 250084.0], "num_solved": 73, "cmc_vals": [0.0, 0.05, 0.11, 0.13, 0.13, 0.13, 0.13, 0.15, 0.16, 0.16, 0.2, 0.21, 0.21, 0.21, 0.21, 0.22, 0.23, 0.24, 0.24, 0.28, 0.29, 0.29, 0.29, 0.29, 0.3, 0.3, 0.31, 0.32, 0.34, 0.35, 0.35, 0.35, 0.35, 0.36, 0.36, 0.36, 0.36, 0.36, 0.36, 0.36, 0.37, 0.37, 0.38, 0.38, 0.4, 0.4, 0.4, 0.4, 0.4, 0.4, 0.4, 0.4, 0.41, 0.41, 0.41, 0.41, 0.41, 0.41, 0.41, 0.41, 0.41, 0.41, 0.41, 0.42, 0.42, 0.42, 0.42, 0.42, 0.43, 0.44, 0.44, 0.45, 0.45, 0.45, 0.45, 0.45, 0.45, 0.45, 0.46, 0.46, 0.46, 0.46, 0.46, 0.46, 0.46, 0.46, 0.46, 0.46, 0.46, 0.46, 0.46, 0.46, 0.46, 0.46, 0.46, 0.46, 0.46, 0.46, 0.47, 0.47, 0.47, 0.47, 0.47, 0.47, 0.47, 0.48, 0.49, 0.49, 0.49, 0.49, 0.49, 0.49, 0.51, 0.51, 0.51, 0.51, 0.51, 0.51, 0.51, 0.51, 0.52, 0.52, 0.53, 0.54, 0.54, 0.54, 0.54, 0.54, 0.54, 0.54, 0.54, 0.55, 0.55, 0.55, 0.55, 0.55, 0.55, 0.55, 0.55, 0.55, 0.55, 0.55, 0.55, 0.56, 0.56, 0.56, 0.56, 0.58, 0.58, 0.58, 0.58, 0.58, 0.59, 0.59, 0.59, 0.59, 0.6, 0.6, 0.6, 0.6, 0.6, 0.6, 0.6, 0.6, 0.6, 0.6, 0.6, 0.6, 0.6, 0.6, 0.6, 0.6, 0.6, 0.6, 0.6, 0.6, 0.6, 0.6, 0.6, 0.6, 0.6, 0.6, 0.6, 0.6, 0.6, 0.6, 0.6, 0.6, 0.6, 0.6, 0.6, 0.6, 0.6, 0.62, 0.62, 0.62, 0.62, 0.62, 0.62, 0.62, 0.62, 0.62, 0.62, 0.62, 0.63, 0.63, 0.63, 0.63, 0.63, 0.63, 0.63, 0.64, 0.64, 0.64, 0.64, 0.64, 0.64, 0.64, 0.64, 0.64, 0.64, 0.64, 0.64, 0.64, 0.64, 0.64, 0.64, 0.64, 0.64, 0.64, 0.64, 0.64, 0.64, 0.64, 0.64, 0.65, 0.65, 0.65, 0.65, 0.65, 0.65, 0.65, 0.65, 0.65, 0.65, 0.65, 0.65, 0.66, 0.66, 0.66, 0.66, 0.66, 0.66, 0.66, 0.66, 0.66, 0.66, 0.66, 0.66, 0.66, 0.66, 0.66, 0.66, 0.66, 0.68, 0.68, 0.68, 0.68, 0.68, 0.68, 0.7, 0.7, 0.7, 0.71, 0.71, 0.71, 0.71, 0.71, 0.71, 0.71, 0.71, 0.71, 0.72, 0.72, 0.72, 0.72, 0.72, 0.72, 0.72, 0.72, 0.73, 0.73, 0.73, 0.73, 0.73, 0.73, 0.73, 0.73, 0.73, 0.73]}