{"calc_counters": [113129.0824742268], "capture": "AGS", "cmc_iters": [1.0, 2007.6889632107022, 4014.3779264214045, 6021.066889632107, 8027.755852842809, 10034.44481605351, 12041.133779264213, 14047.822742474917, 16054.511705685618, 18061.20066889632, 20067.88963210702, 22074.578595317726, 24081.267558528427, 26087.95652173913, 28094.645484949833, 30101.334448160535, 32108.023411371236, 34114.71237458194, 36121.40133779264, 38128.09030100334, 40134.77926421404, 42141.468227424746, 44148.15719063545, 46154.84615384615, 48161.535117056854, 50168.22408026756, 52174.91304347826, 54181.60200668896, 56188.29096989967, 58194.979933110364, 60201.66889632107, 62208.35785953177, 64215.04682274247, 66221.73578595318, 68228.42474916388, 70235.11371237457, 72241.80267558528, 74248.49163879598, 76255.18060200669, 78261.86956521739, 80268.55852842808, 82275.24749163879, 84281.93645484949, 86288.6254180602, 88295.3143812709, 90302.0033444816, 92308.6923076923, 94315.381270903, 96322.07023411371, 98328.75919732441, 100335.44816053512, 102342.13712374581, 104348.82608695651, 106355.51505016722, 108362.20401337792, 110368.89297658863, 112375.58193979933, 114382.27090301002, 116388.95986622073, 118395.64882943143, 120402.33779264214, 122409.02675585284, 124415.71571906353, 126422.40468227424, 128429.09364548494, 130435.78260869565, 132442.47157190635, 134449.16053511706, 136455.84949832776, 138462.53846153847, 140469.22742474914, 142475.91638795985, 144482.60535117055, 146489.29431438126, 148495.98327759196, 150502.67224080267, 152509.36120401337, 154516.05016722408, 156522.73913043478, 158529.4280936455, 160536.11705685616, 162542.80602006687, 164549.49498327757, 166556.18394648828, 168562.87290969898, 170569.5618729097, 172576.2508361204, 174582.9397993311, 176589.6287625418, 178596.3177257525, 180603.0066889632, 182609.6956521739, 184616.3846153846, 186623.0735785953, 188629.762541806, 190636.4515050167, 192643.14046822742, 194649.82943143812, 196656.51839464883, 198663.20735785953, 200669.89632107023, 202676.58528428094, 204683.27424749162, 206689.96321070232, 208696.65217391303, 210703.34113712373, 212710.03010033444, 214716.71906354514, 216723.40802675585, 218730.09698996655, 220736.78595317726, 222743.47491638796, 224750.16387959867, 226756.85284280934, 228763.54180602005, 230770.23076923075, 232776.91973244146, 234783.60869565216, 236790.29765886287, 238796.98662207357, 240803.67558528428, 242810.36454849498, 244817.0535117057, 246823.74247491636, 248830.43143812707, 250837.12040133777, 252843.80936454848, 254850.49832775918, 256857.1872909699, 258863.8762541806, 260870.5652173913, 262877.254180602, 264883.9431438127, 266890.6321070234, 268897.3210702341, 270904.0100334448, 272910.6989966555, 274917.3879598662, 276924.07692307694, 278930.7658862876, 280937.4548494983, 282944.143812709, 284950.8327759197, 286957.52173913043, 288964.2107023411, 290970.89966555184, 292977.5886287625, 294984.27759197325, 296990.9665551839, 298997.65551839466, 301004.34448160534, 303011.033444816, 305017.72240802675, 307024.4113712374, 309031.10033444816, 311037.78929765883, 313044.47826086957, 315051.16722408024, 317057.856187291, 319064.54515050165, 321071.23411371233, 323077.92307692306, 325084.61204013374, 327091.3010033445, 329097.98996655515, 331104.6789297659, 333111.36789297656, 335118.0568561873, 337124.74581939797, 339131.4347826087, 341138.1237458194, 343144.81270903005, 345151.5016722408, 347158.19063545146, 349164.8795986622, 351171.5685618729, 353178.2575250836, 355184.9464882943, 357191.635451505, 359198.3244147157, 361205.0133779264, 363211.7023411371, 365218.3913043478, 367225.0802675585, 369231.7692307692, 371238.4581939799, 373245.1471571906, 375251.83612040133, 377258.525083612, 379265.21404682274, 381271.9030100334, 383278.59197324415, 385285.28093645483, 387291.9698996655, 389298.65886287624, 391305.3478260869, 393312.03678929765, 395318.7257525083, 397325.41471571906, 399332.10367892974, 401338.79264214047, 403345.48160535115, 405352.1705685619, 407358.85953177256, 409365.54849498323, 411372.23745819397, 413378.92642140464, 415385.6153846154, 417392.30434782605, 419398.9933110368, 421405.68227424746, 423412.3712374582, 425419.0602006689, 427425.7491638796, 429432.4381270903, 431439.12709030096, 433445.8160535117, 435452.50501672237, 437459.1939799331, 439465.8829431438, 441472.5719063545, 443479.2608695652, 445485.9498327759, 447492.6387959866, 449499.32775919733, 451506.016722408, 453512.7056856187, 455519.3946488294, 457526.0836120401, 459532.7725752508, 461539.4615384615, 463546.15050167224, 465552.8394648829, 467559.52842809365, 469566.2173913043, 471572.906354515, 473579.59531772573, 475586.2842809364, 477592.97324414714, 479599.6622073578, 481606.35117056855, 483613.0401337792, 485619.72909698996, 487626.41806020064, 489633.1070234114, 491639.79598662205, 493646.4849498327, 495653.17391304346, 497659.86287625413, 499666.55183946487, 501673.24080267554, 503679.9297658863, 505686.61872909695, 507693.3076923077, 509699.99665551836, 511706.6856187291, 513713.3745819398, 515720.06354515045, 517726.7525083612, 519733.44147157186, 521740.1304347826, 523746.81939799327, 525753.508361204, 527760.1973244147, 529766.8862876254, 531773.5752508361, 533780.2642140468, 535786.9531772574, 537793.6421404682, 539800.3311036789, 541807.0200668896, 543813.7090301003, 545820.397993311, 547827.0869565217, 549833.7759197324, 551840.4648829431, 553847.1538461539, 555853.8428093645, 557860.5317725752, 559867.2207357859, 561873.9096989966, 563880.5986622074, 565887.287625418, 567893.9765886287, 569900.6655518394, 571907.3545150502, 573914.0434782609, 575920.7324414715, 577927.4214046822, 579934.1103678929, 581940.7993311037, 583947.4882943144, 585954.177257525, 587960.8662207357, 589967.5551839465, 591974.2441471572, 593980.9331103679, 595987.6220735785, 597994.3110367893, 600001.0], "num_solved": 97, "cmc_vals": [0.0, 0.0, 0.0, 0.0, 0.01, 0.02, 0.02, 0.03, 0.03, 0.05, 0.06, 0.07, 0.11, 0.14, 0.15, 0.18, 0.18, 0.2, 0.2, 0.21, 0.22, 0.24, 0.26, 0.27, 0.27, 0.29, 0.29, 0.31, 0.33, 0.36, 0.37, 0.37, 0.38, 0.41, 0.41, 0.43, 0.43, 0.44, 0.48, 0.5, 0.53, 0.53, 0.53, 0.54, 0.54, 0.55, 0.56, 0.57, 0.59, 0.59, 0.59, 0.59, 0.59, 0.59, 0.61, 0.63, 0.64, 0.64, 0.64, 0.65, 0.66, 0.68, 0.68, 0.68, 0.68, 0.68, 0.68, 0.68, 0.68, 0.7, 0.7, 0.7, 0.7, 0.71, 0.71, 0.72, 0.72, 0.74, 0.75, 0.75, 0.75, 0.75, 0.75, 0.75, 0.76, 0.77, 0.77, 0.77, 0.79, 0.8, 0.8, 0.8, 0.81, 0.81, 0.81, 0.81, 0.81, 0.81, 0.81, 0.81, 0.81, 0.82, 0.82, 0.83, 0.83, 0.83, 0.84, 0.85, 0.85, 0.85, 0.85, 0.86, 0.86, 0.87, 0.87, 0.87, 0.87, 0.87, 0.87, 0.87, 0.87, 0.87, 0.87, 0.87, 0.87, 0.88, 0.88, 0.88, 0.88, 0.88, 0.88, 0.88, 0.88, 0.88, 0.88, 0.89, 0.89, 0.89, 0.89, 0.89, 0.89, 0.89, 0.89, 0.89, 0.89, 0.89, 0.89, 0.89, 0.89, 0.89, 0.89, 0.89, 0.89, 0.9, 0.9, 0.9, 0.9, 0.9, 0.9, 0.91, 0.91, 0.91, 0.91, 0.91, 0.91, 0.91, 0.91, 0.91, 0.91, 0.91, 0.91, 0.91, 0.91, 0.92, 0.92, 0.92, 0.92, 0.93, 0.93, 0.93, 0.93, 0.93, 0.93, 0.93, 0.93, 0.93, 0.93, 0.94, 0.94, 0.94, 0.94, 0.94, 0.94, 0.94, 0.94, 0.94, 0.94, 0.94, 0.94, 0.94, 0.94, 0.94, 0.94, 0.94, 0.94, 0.94, 0.94, 0.94, 0.94, 0.94, 0.94, 0.94, 0.94, 0.94, 0.94, 0.94, 0.94, 0.95, 0.95, 0.95, 0.95, 0.95, 0.95, 0.95, 0.95, 0.96, 0.96, 0.96, 0.96, 0.96, 0.96, 0.96, 0.96, 0.96, 0.96, 0.96, 0.96, 0.96, 0.96, 0.96, 0.96, 0.96, 0.96, 0.97, 0.97, 0.97, 0.97, 0.97, 0.97, 0.97, 0.97, 0.97, 0.97, 0.97, 0.97, 0.97, 0.97, 0.97, 0.97, 0.97, 0.97, 0.97, 0.97, 0.97, 0.97, 0.97, 0.97, 0.97, 0.97, 0.97, 0.97, 0.97, 0.97, 0.97, 0.97, 0.97, 0.97, 0.97, 0.97, 0.97, 0.97, 0.97, 0.97, 0.97, 0.97, 0.97, 0.97, 0.97, 0.97, 0.97, 0.97, 0.97, 0.97, 0.97, 0.97, 0.97, 0.97, 0.97, 0.97, 0.97]}