{"calc_counters": [165192.7619047619], "capture": "CRS", "cmc_iters": [1.0, 2007.71237458194, 4014.42474916388, 6021.13712374582, 8027.84949832776, 10034.5618729097, 12041.27424749164, 14047.986622073578, 16054.69899665552, 18061.41137123746, 20068.1237458194, 22074.836120401338, 24081.54849498328, 26088.26086956522, 28094.973244147157, 30101.685618729098, 32108.39799331104, 34115.11036789298, 36121.82274247492, 38128.53511705686, 40135.2474916388, 42141.959866220735, 44148.672240802676, 46155.38461538462, 48162.09698996656, 50168.8093645485, 52175.52173913044, 54182.23411371238, 56188.946488294314, 58195.658862876255, 60202.371237458196, 62209.083612040136, 64215.79598662208, 66222.50836120402, 68229.22073578596, 70235.9331103679, 72242.64548494984, 74249.35785953178, 76256.07023411372, 78262.78260869566, 80269.4949832776, 82276.20735785953, 84282.91973244147, 86289.63210702341, 88296.34448160535, 90303.0568561873, 92309.76923076923, 94316.48160535117, 96323.19397993312, 98329.90635451506, 100336.618729097, 102343.33110367894, 104350.04347826088, 106356.75585284282, 108363.46822742476, 110370.1806020067, 112376.89297658863, 114383.60535117057, 116390.31772575251, 118397.03010033445, 120403.74247491639, 122410.45484949833, 124417.16722408027, 126423.87959866221, 128430.59197324415, 130437.3043478261, 132444.01672240804, 134450.72909698996, 136457.44147157192, 138464.15384615384, 140470.8662207358, 142477.57859531773, 144484.29096989968, 146491.0033444816, 148497.71571906356, 150504.4280936455, 152511.14046822744, 154517.85284280937, 156524.56521739133, 158531.27759197325, 160537.9899665552, 162544.70234113713, 164551.41471571906, 166558.12709030102, 168564.83946488294, 170571.5518394649, 172578.26421404682, 174584.97658862878, 176591.6889632107, 178598.40133779266, 180605.1137123746, 182611.82608695654, 184618.53846153847, 186625.25083612042, 188631.96321070235, 190638.6755852843, 192645.38795986623, 194652.10033444816, 196658.8127090301, 198665.52508361204, 200672.237458194, 202678.94983277592, 204685.66220735788, 206692.3745819398, 208699.08695652176, 210705.79933110368, 212712.51170568564, 214719.22408026757, 216725.93645484952, 218732.64882943145, 220739.3612040134, 222746.07357859533, 224752.78595317726, 226759.4983277592, 228766.21070234114, 230772.9230769231, 232779.63545150502, 234786.34782608697, 236793.0602006689, 238799.77257525086, 240806.48494983278, 242813.19732441474, 244819.90969899666, 246826.62207357862, 248833.33444816055, 250840.0468227425, 252846.75919732443, 254853.47157190638, 256860.1839464883, 258866.89632107023, 260873.6086956522, 262880.3210702341, 264887.0334448161, 266893.745819398, 268900.4581939799, 270907.1705685619, 272913.88294314384, 274920.5953177258, 276927.3076923077, 278934.02006688964, 280940.7324414716, 282947.44481605355, 284954.15719063545, 286960.8695652174, 288967.58193979936, 290974.29431438126, 292981.0066889632, 294987.71906354517, 296994.4314381271, 299001.143812709, 301007.856187291, 303014.56856187293, 305021.2809364549, 307027.9933110368, 309034.70568561874, 311041.4180602007, 313048.13043478265, 315054.84280936455, 317061.5551839465, 319068.26755852846, 321074.9799331104, 323081.6923076923, 325088.40468227427, 327095.1170568562, 329101.8294314381, 331108.5418060201, 333115.25418060203, 335121.966555184, 337128.6789297659, 339135.39130434784, 341142.1036789298, 343148.81605351175, 345155.52842809365, 347162.2408026756, 349168.95317725756, 351175.6655518395, 353182.3779264214, 355189.09030100337, 357195.8026755853, 359202.5150501672, 361209.2274247492, 363215.9397993311, 365222.6521739131, 367229.364548495, 369236.07692307694, 371242.7892976589, 373249.50167224085, 375256.21404682274, 377262.9264214047, 379269.63879598666, 381276.3511705686, 383283.0635451505, 385289.77591973246, 387296.4882943144, 389303.2006688963, 391309.9130434783, 393316.6254180602, 395323.3377926422, 397330.0501672241, 399336.76254180603, 401343.474916388, 403350.18729096995, 405356.89966555184, 407363.6120401338, 409370.32441471575, 411377.0367892977, 413383.7491638796, 415390.46153846156, 417397.1739130435, 419403.8862876254, 421410.59866220737, 423417.3110367893, 425424.0234113713, 427430.7357859532, 429437.44816053513, 431444.1605351171, 433450.87290969904, 435457.58528428094, 437464.2976588629, 439471.01003344485, 441477.7224080268, 443484.4347826087, 445491.14715719066, 447497.8595317726, 449504.5719063545, 451511.28428093647, 453517.9966555184, 455524.7090301004, 457531.4214046823, 459538.13377926423, 461544.8461538462, 463551.55852842814, 465558.27090301004, 467564.983277592, 469571.69565217395, 471578.4080267559, 473585.1204013378, 475591.83277591976, 477598.5451505017, 479605.25752508367, 481611.96989966556, 483618.6822742475, 485625.3946488295, 487632.1070234114, 489638.8193979933, 491645.5317725753, 493652.24414715724, 495658.95652173914, 497665.6688963211, 499672.38127090305, 501679.093645485, 503685.8060200669, 505692.51839464885, 507699.2307692308, 509705.94314381276, 511712.65551839466, 513719.3678929766, 515726.0802675586, 517732.79264214047, 519739.5050167224, 521746.2173913044, 523752.92976588634, 525759.6421404682, 527766.3545150502, 529773.0668896321, 531779.7792642141, 533786.491638796, 535793.204013378, 537799.9163879598, 539806.6287625418, 541813.3411371238, 543820.0535117057, 545826.7658862877, 547833.4782608696, 549840.1906354516, 551846.9030100334, 553853.6153846154, 555860.3277591973, 557867.0401337793, 559873.7525083612, 561880.4648829432, 563887.1772575252, 565893.8896321071, 567900.602006689, 569907.3143812709, 571914.0267558529, 573920.7391304348, 575927.4515050168, 577934.1638795987, 579940.8762541807, 581947.5886287625, 583954.3010033445, 585961.0133779264, 587967.7257525084, 589974.4381270903, 591981.1505016723, 593987.8628762543, 595994.5752508362, 598001.287625418, 600008.0], "num_solved": 42, "cmc_vals": [0.0, 0.0, 0.0, 0.0, 0.0, 0.0, 0.0, 0.0, 0.0, 0.0, 0.0, 0.0, 0.0, 0.0, 0.0, 0.0, 0.0, 0.0, 0.0, 0.0, 0.0, 0.0, 0.0, 0.0, 0.0, 0.0, 0.0, 0.0, 0.0, 0.0, 0.0, 0.0, 0.0, 0.0, 0.0, 0.0, 0.0, 0.0, 0.0, 0.0, 0.0, 0.0, 0.0, 0.0, 0.0, 0.0, 0.0, 0.0, 0.0, 0.0, 0.0, 0.0, 0.0, 0.01, 0.01, 0.01, 0.01, 0.02, 0.02, 0.02, 0.03, 0.04, 0.04, 0.04, 0.05, 0.06, 0.08, 0.08, 0.08, 0.09, 0.1, 0.11, 0.12, 0.14, 0.16, 0.16, 0.17, 0.17, 0.18, 0.19, 0.2, 0.21, 0.23, 0.24, 0.24, 0.24, 0.24, 0.24, 0.28, 0.29, 0.3, 0.3, 0.31, 0.33, 0.36, 0.37, 0.38, 0.38, 0.38, 0.38, 0.38, 0.38, 0.38, 0.38, 0.39, 0.39, 0.39, 0.39, 0.39, 0.4, 0.41, 0.41, 0.41, 0.41, 0.41, 0.41, 0.41, 0.41, 0.41, 0.41, 0.41, 0.41, 0.41, 0.41, 0.41, 0.41, 0.41, 0.41, 0.41, 0.41, 0.41, 0.41, 0.41, 0.41, 0.41, 0.41, 0.41, 0.41, 0.41, 0.41, 0.41, 0.41, 0.41, 0.41, 0.41, 0.41, 0.41, 0.41, 0.41, 0.41, 0.41, 0.41, 0.41, 0.41, 0.41, 0.41, 0.41, 0.41, 0.41, 0.41, 0.41, 0.41, 0.41, 0.41, 0.42, 0.42, 0.42, 0.42, 0.42, 0.42, 0.42, 0.42, 0.42, 0.42, 0.42, 0.42, 0.42, 0.42, 0.42, 0.42, 0.42, 0.42, 0.42, 0.42, 0.42, 0.42, 0.42, 0.42, 0.42, 0.42, 0.42, 0.42, 0.42, 0.42, 0.42, 0.42, 0.42, 0.42, 0.42, 0.42, 0.42, 0.42, 0.42, 0.42, 0.42, 0.42, 0.42, 0.42, 0.42, 0.42, 0.42, 0.42, 0.42, 0.42, 0.42, 0.42, 0.42, 0.42, 0.42, 0.42, 0.42, 0.42, 0.42, 0.42, 0.42, 0.42, 0.42, 0.42, 0.42, 0.42, 0.42, 0.42, 0.42, 0.42, 0.42, 0.42, 0.42, 0.42, 0.42, 0.42, 0.42, 0.42, 0.42, 0.42, 0.42, 0.42, 0.42, 0.42, 0.42, 0.42, 0.42, 0.42, 0.42, 0.42, 0.42, 0.42, 0.42, 0.42, 0.42, 0.42, 0.42, 0.42, 0.42, 0.42, 0.42, 0.42, 0.42, 0.42, 0.42, 0.42, 0.42, 0.42, 0.42, 0.42, 0.42, 0.42, 0.42, 0.42, 0.42, 0.42, 0.42, 0.42, 0.42, 0.42, 0.42, 0.42, 0.42, 0.42, 0.42, 0.42, 0.42, 0.42, 0.42, 0.42, 0.42, 0.42, 0.42, 0.42, 0.42, 0.42]}