{"calc_counters": [66327.42], "capture": "DIRECT", "cmc_iters": [1.0, 1643.7224080267558, 3286.4448160535117, 4929.167224080267, 6571.889632107023, 8214.61204013378, 9857.334448160535, 11500.056856187291, 13142.779264214047, 14785.501672240802, 16428.22408026756, 18070.946488294314, 19713.66889632107, 21356.391304347824, 22999.113712374583, 24641.836120401338, 26284.558528428093, 27927.28093645485, 29570.003344481604, 31212.725752508362, 32855.44816053512, 34498.17056856187, 36140.89297658863, 37783.61538461538, 39426.33779264214, 41069.06020066889, 42711.78260869565, 44354.50501672241, 45997.227424749166, 47639.94983277592, 49282.672240802676, 50925.39464882943, 52568.11705685619, 54210.83946488294, 55853.5618729097, 57496.28428093645, 59139.00668896321, 60781.72909698996, 62424.451505016725, 64067.17391304348, 65709.89632107023, 67352.61872909698, 68995.34113712375, 70638.06354515051, 72280.78595317726, 73923.50836120402, 75566.23076923077, 77208.95317725753, 78851.67558528428, 80494.39799331104, 82137.12040133779, 83779.84280936455, 85422.5652173913, 87065.28762541806, 88708.01003344482, 90350.73244147157, 91993.45484949833, 93636.17725752508, 95278.89966555184, 96921.62207357859, 98564.34448160535, 100207.0668896321, 101849.78929765886, 103492.51170568561, 105135.23411371237, 106777.95652173914, 108420.67892976588, 110063.40133779265, 111706.1237458194, 113348.84615384616, 114991.5685618729, 116634.29096989967, 118277.01337792641, 119919.73578595318, 121562.45819397992, 123205.18060200669, 124847.90301003345, 126490.6254180602, 128133.34782608696, 129776.07023411371, 131418.79264214047, 133061.51505016722, 134704.23745819397, 136346.95986622074, 137989.6822742475, 139632.40468227424, 141275.12709030102, 142917.84949832776, 144560.5719063545, 146203.29431438126, 147846.01672240804, 149488.73913043478, 151131.46153846153, 152774.18394648828, 154416.90635451506, 156059.6287625418, 157702.35117056855, 159345.07357859533, 160987.79598662208, 162630.51839464883, 164273.24080267557, 165915.96321070235, 167558.6856187291, 169201.40802675585, 170844.1304347826, 172486.85284280937, 174129.57525083612, 175772.29765886287, 177415.02006688964, 179057.7424749164, 180700.46488294314, 182343.1872909699, 183985.90969899666, 185628.6321070234, 187271.35451505016, 188914.0769230769, 190556.79933110368, 192199.52173913043, 193842.24414715718, 195484.96655518396, 197127.6889632107, 198770.41137123745, 200413.1337792642, 202055.85618729098, 203698.57859531773, 205341.30100334447, 206984.02341137122, 208626.745819398, 210269.46822742475, 211912.1906354515, 213554.91304347827, 215197.63545150502, 216840.35785953177, 218483.08026755851, 220125.8026755853, 221768.52508361204, 223411.2474916388, 225053.96989966554, 226696.6923076923, 228339.41471571906, 229982.1371237458, 231624.85953177258, 233267.58193979933, 234910.30434782608, 236553.02675585283, 238195.7491638796, 239838.47157190635, 241481.1939799331, 243123.91638795985, 244766.63879598663, 246409.36120401337, 248052.08361204012, 249694.8060200669, 251337.52842809365, 252980.2508361204, 254622.97324414714, 256265.69565217392, 257908.41806020067, 259551.14046822742, 261193.86287625416, 262836.58528428094, 264479.3076923077, 266122.03010033444, 267764.7525083612, 269407.47491638793, 271050.19732441474, 272692.9197324415, 274335.64214046823, 275978.364548495, 277621.0869565217, 279263.8093645485, 280906.5317725752, 282549.25418060203, 284191.9765886288, 285834.6989966555, 287477.4214046823, 289120.143812709, 290762.86622073577, 292405.5886287625, 294048.31103678927, 295691.0334448161, 297333.7558528428, 298976.47826086957, 300619.2006688963, 302261.92307692306, 303904.6454849498, 305547.36789297656, 307190.09030100337, 308832.8127090301, 310475.53511705686, 312118.2575250836, 313760.97993311036, 315403.7023411371, 317046.42474916385, 318689.14715719066, 320331.8695652174, 321974.59197324415, 323617.3143812709, 325260.03678929765, 326902.7591973244, 328545.48160535115, 330188.2040133779, 331830.9264214047, 333473.64882943145, 335116.3712374582, 336759.09364548494, 338401.8160535117, 340044.53846153844, 341687.2608695652, 343329.983277592, 344972.70568561874, 346615.4280936455, 348258.15050167224, 349900.872909699, 351543.59531772573, 353186.3177257525, 354829.0401337793, 356471.76254180603, 358114.4849498328, 359757.20735785953, 361399.9297658863, 363042.652173913, 364685.3745819398, 366328.0969899665, 367970.8193979933, 369613.5418060201, 371256.2642140468, 372898.9866220736, 374541.7090301003, 376184.43143812707, 377827.1538461538, 379469.8762541806, 381112.59866220737, 382755.3210702341, 384398.04347826086, 386040.7658862876, 387683.48829431436, 389326.2107023411, 390968.9331103679, 392611.65551839466, 394254.3779264214, 395897.10033444816, 397539.8227424749, 399182.54515050165, 400825.2675585284, 402467.98996655515, 404110.71237458196, 405753.4347826087, 407396.15719063545, 409038.8795986622, 410681.60200668895, 412324.3244147157, 413967.04682274244, 415609.76923076925, 417252.491638796, 418895.21404682274, 420537.9364548495, 422180.65886287624, 423823.381270903, 425466.10367892974, 427108.82608695654, 428751.5484949833, 430394.27090301004, 432036.9933110368, 433679.71571906353, 435322.4381270903, 436965.16053511703, 438607.88294314384, 440250.6053511706, 441893.32775919733, 443536.0501672241, 445178.7725752508, 446821.4949832776, 448464.2173913043, 450106.93979933107, 451749.6622073579, 453392.3846153846, 455035.1070234114, 456677.8294314381, 458320.55183946487, 459963.2742474916, 461605.99665551836, 463248.71906354517, 464891.4414715719, 466534.16387959867, 468176.8862876254, 469819.60869565216, 471462.3311036789, 473105.05351170566, 474747.77591973246, 476390.4983277592, 478033.22073578596, 479675.9431438127, 481318.66555183945, 482961.3879598662, 484604.11036789295, 486246.8327759197, 487889.5551839465, 489532.27759197325, 491175.0], "num_solved": 100, "cmc_vals": [0.0, 0.1, 0.15, 0.18, 0.21, 0.21, 0.23, 0.23, 0.24, 0.28, 0.31, 0.32, 0.33, 0.35, 0.35, 0.37, 0.43, 0.45, 0.46, 0.47, 0.48, 0.49, 0.5, 0.5, 0.51, 0.51, 0.53, 0.54, 0.55, 0.55, 0.56, 0.57, 0.58, 0.58, 0.59, 0.59, 0.6, 0.6, 0.61, 0.62, 0.63, 0.63, 0.64, 0.65, 0.65, 0.65, 0.65, 0.65, 0.67, 0.67, 0.67, 0.68, 0.69, 0.7, 0.7, 0.71, 0.71, 0.72, 0.72, 0.73, 0.73, 0.73, 0.75, 0.75, 0.76, 0.76, 0.76, 0.76, 0.77, 0.77, 0.78, 0.8, 0.82, 0.82, 0.82, 0.83, 0.83, 0.83, 0.83, 0.83, 0.84, 0.84, 0.85, 0.85, 0.85, 0.87, 0.87, 0.87, 0.87, 0.87, 0.88, 0.89, 0.9, 0.92, 0.92, 0.92, 0.92, 0.92, 0.92, 0.92, 0.92, 0.92, 0.92, 0.92, 0.92, 0.92, 0.94, 0.95, 0.95, 0.95, 0.95, 0.95, 0.95, 0.95, 0.95, 0.96, 0.96, 0.96, 0.96, 0.96, 0.96, 0.96, 0.96, 0.96, 0.96, 0.96, 0.96, 0.96, 0.96, 0.96, 0.96, 0.96, 0.96, 0.96, 0.96, 0.96, 0.96, 0.96, 0.96, 0.96, 0.96, 0.96, 0.96, 0.96, 0.96, 0.96, 0.96, 0.96, 0.96, 0.96, 0.96, 0.97, 0.97, 0.97, 0.97, 0.97, 0.97, 0.97, 0.97, 0.97, 0.97, 0.97, 0.97, 0.97, 0.97, 0.97, 0.97, 0.97, 0.97, 0.97, 0.97, 0.97, 0.97, 0.97, 0.97, 0.97, 0.97, 0.97, 0.98, 0.98, 0.98, 0.98, 0.98, 0.98, 0.98, 0.98, 0.98, 0.99, 0.99, 0.99, 0.99, 0.99, 0.99, 0.99, 0.99, 0.99, 0.99, 0.99, 0.99, 0.99, 0.99, 0.99, 0.99, 0.99, 0.99, 0.99, 0.99, 0.99, 0.99, 0.99, 0.99, 0.99, 0.99, 0.99, 0.99, 0.99, 0.99, 0.99, 0.99, 0.99, 0.99, 0.99, 0.99, 0.99, 0.99, 0.99, 0.99, 0.99, 0.99, 0.99, 0.99, 0.99, 0.99, 0.99, 0.99, 0.99, 0.99, 0.99, 0.99, 0.99, 0.99, 0.99, 0.99, 0.99, 0.99, 0.99, 0.99, 0.99, 0.99, 0.99, 0.99, 0.99, 0.99, 0.99, 0.99, 0.99, 0.99, 0.99, 0.99, 0.99, 0.99, 0.99, 0.99, 0.99, 0.99, 0.99, 0.99, 0.99, 0.99, 0.99, 0.99, 0.99, 0.99, 0.99, 0.99, 0.99, 0.99, 0.99, 0.99, 0.99, 0.99, 0.99, 0.99, 0.99, 0.99, 0.99, 0.99, 0.99, 0.99, 0.99, 0.99, 0.99, 0.99, 0.99, 0.99, 0.99, 0.99, 0.99, 0.99, 1.0]}