{"calc_counters": [116973.09523809524], "capture": "SDA", "cmc_iters": [1.0, 2008.1538461538462, 4015.3076923076924, 6022.461538461539, 8029.615384615385, 10036.76923076923, 12043.923076923078, 14051.076923076924, 16058.23076923077, 18065.384615384617, 20072.53846153846, 22079.69230769231, 24086.846153846156, 26094.0, 28101.153846153848, 30108.30769230769, 32115.46153846154, 34122.61538461538, 36129.769230769234, 38136.92307692308, 40144.07692307692, 42151.23076923077, 44158.38461538462, 46165.53846153846, 48172.69230769231, 50179.846153846156, 52187.0, 54194.153846153844, 56201.307692307695, 58208.46153846154, 60215.61538461538, 62222.769230769234, 64229.92307692308, 66237.07692307692, 68244.23076923077, 70251.38461538461, 72258.53846153847, 74265.69230769231, 76272.84615384616, 78280.0, 80287.15384615384, 82294.30769230769, 84301.46153846155, 86308.61538461539, 88315.76923076923, 90322.92307692308, 92330.07692307692, 94337.23076923077, 96344.38461538462, 98351.53846153847, 100358.69230769231, 102365.84615384616, 104373.0, 106380.15384615384, 108387.30769230769, 110394.46153846155, 112401.61538461539, 114408.76923076923, 116415.92307692308, 118423.07692307692, 120430.23076923077, 122437.38461538462, 124444.53846153847, 126451.69230769231, 128458.84615384616, 130466.0, 132473.15384615384, 134480.3076923077, 136487.46153846153, 138494.61538461538, 140501.76923076922, 142508.9230769231, 144516.07692307694, 146523.23076923078, 148530.38461538462, 150537.53846153847, 152544.6923076923, 154551.84615384616, 156559.0, 158566.15384615384, 160573.3076923077, 162580.46153846153, 164587.61538461538, 166594.76923076922, 168601.9230769231, 170609.07692307694, 172616.23076923078, 174623.38461538462, 176630.53846153847, 178637.6923076923, 180644.84615384616, 182652.0, 184659.15384615384, 186666.3076923077, 188673.46153846153, 190680.61538461538, 192687.76923076925, 194694.9230769231, 196702.07692307694, 198709.23076923078, 200716.38461538462, 202723.53846153847, 204730.6923076923, 206737.84615384616, 208745.0, 210752.15384615384, 212759.3076923077, 214766.46153846153, 216773.61538461538, 218780.76923076925, 220787.9230769231, 222795.07692307694, 224802.23076923078, 226809.38461538462, 228816.53846153847, 230823.6923076923, 232830.84615384616, 234838.0, 236845.15384615384, 238852.3076923077, 240859.46153846153, 242866.61538461538, 244873.76923076925, 246880.9230769231, 248888.07692307694, 250895.23076923078, 252902.38461538462, 254909.53846153847, 256916.6923076923, 258923.84615384616, 260931.0, 262938.1538461539, 264945.3076923077, 266952.46153846156, 268959.6153846154, 270966.76923076925, 272973.92307692306, 274981.07692307694, 276988.23076923075, 278995.3846153846, 281002.53846153844, 283009.6923076923, 285016.8461538462, 287024.0, 289031.1538461539, 291038.3076923077, 293045.46153846156, 295052.6153846154, 297059.76923076925, 299066.92307692306, 301074.07692307694, 303081.23076923075, 305088.3846153846, 307095.53846153844, 309102.6923076923, 311109.8461538462, 313117.0, 315124.1538461539, 317131.3076923077, 319138.46153846156, 321145.6153846154, 323152.76923076925, 325159.92307692306, 327167.07692307694, 329174.23076923075, 331181.3846153846, 333188.53846153844, 335195.6923076923, 337202.8461538462, 339210.0, 341217.1538461539, 343224.3076923077, 345231.46153846156, 347238.6153846154, 349245.76923076925, 351252.92307692306, 353260.07692307694, 355267.23076923075, 357274.3846153846, 359281.53846153844, 361288.6923076923, 363295.8461538462, 365303.0, 367310.1538461539, 369317.3076923077, 371324.46153846156, 373331.6153846154, 375338.76923076925, 377345.92307692306, 379353.07692307694, 381360.23076923075, 383367.3846153846, 385374.5384615385, 387381.6923076923, 389388.8461538462, 391396.0, 393403.1538461539, 395410.3076923077, 397417.46153846156, 399424.6153846154, 401431.76923076925, 403438.92307692306, 405446.07692307694, 407453.23076923075, 409460.3846153846, 411467.5384615385, 413474.6923076923, 415481.8461538462, 417489.0, 419496.1538461539, 421503.3076923077, 423510.46153846156, 425517.6153846154, 427524.76923076925, 429531.92307692306, 431539.07692307694, 433546.23076923075, 435553.3846153846, 437560.5384615385, 439567.6923076923, 441574.8461538462, 443582.0, 445589.1538461539, 447596.3076923077, 449603.46153846156, 451610.6153846154, 453617.76923076925, 455624.92307692306, 457632.07692307694, 459639.23076923075, 461646.3846153846, 463653.5384615385, 465660.6923076923, 467667.8461538462, 469675.0, 471682.1538461539, 473689.3076923077, 475696.46153846156, 477703.6153846154, 479710.76923076925, 481717.92307692306, 483725.07692307694, 485732.23076923075, 487739.3846153846, 489746.5384615385, 491753.6923076923, 493760.8461538462, 495768.0, 497775.1538461539, 499782.3076923077, 501789.46153846156, 503796.6153846154, 505803.76923076925, 507810.92307692306, 509818.07692307694, 511825.23076923075, 513832.3846153846, 515839.5384615385, 517846.6923076923, 519853.8461538462, 521861.0, 523868.1538461539, 525875.3076923077, 527882.4615384615, 529889.6153846154, 531896.7692307692, 533903.9230769231, 535911.0769230769, 537918.2307692308, 539925.3846153846, 541932.5384615385, 543939.6923076924, 545946.8461538461, 547954.0, 549961.1538461539, 551968.3076923077, 553975.4615384615, 555982.6153846154, 557989.7692307692, 559996.9230769231, 562004.0769230769, 564011.2307692308, 566018.3846153846, 568025.5384615385, 570032.6923076924, 572039.8461538461, 574047.0, 576054.1538461539, 578061.3076923077, 580068.4615384615, 582075.6153846154, 584082.7692307692, 586089.9230769231, 588097.0769230769, 590104.2307692308, 592111.3846153846, 594118.5384615385, 596125.6923076924, 598132.8461538461, 600140.0], "num_solved": 84, "cmc_vals": [0.0, 0.15, 0.17, 0.17, 0.22, 0.24, 0.27, 0.29, 0.29, 0.29, 0.3, 0.3, 0.32, 0.33, 0.34, 0.35, 0.35, 0.37, 0.4, 0.4, 0.4, 0.4, 0.41, 0.45, 0.45, 0.45, 0.45, 0.46, 0.47, 0.47, 0.47, 0.47, 0.47, 0.48, 0.48, 0.49, 0.49, 0.49, 0.5, 0.5, 0.5, 0.51, 0.51, 0.51, 0.52, 0.52, 0.52, 0.52, 0.52, 0.52, 0.53, 0.54, 0.54, 0.54, 0.55, 0.56, 0.56, 0.56, 0.56, 0.56, 0.56, 0.56, 0.56, 0.56, 0.56, 0.56, 0.57, 0.57, 0.57, 0.57, 0.57, 0.58, 0.58, 0.58, 0.58, 0.58, 0.58, 0.58, 0.58, 0.58, 0.58, 0.59, 0.59, 0.59, 0.59, 0.6, 0.6, 0.6, 0.61, 0.61, 0.61, 0.62, 0.63, 0.63, 0.63, 0.64, 0.64, 0.65, 0.65, 0.65, 0.65, 0.65, 0.65, 0.65, 0.66, 0.66, 0.66, 0.66, 0.67, 0.67, 0.67, 0.67, 0.67, 0.67, 0.67, 0.69, 0.69, 0.69, 0.7, 0.7, 0.7, 0.7, 0.7, 0.7, 0.7, 0.7, 0.7, 0.7, 0.7, 0.7, 0.7, 0.7, 0.7, 0.7, 0.7, 0.7, 0.7, 0.7, 0.71, 0.71, 0.71, 0.71, 0.72, 0.72, 0.72, 0.72, 0.72, 0.72, 0.72, 0.72, 0.72, 0.72, 0.72, 0.72, 0.72, 0.72, 0.73, 0.73, 0.73, 0.73, 0.73, 0.73, 0.73, 0.73, 0.73, 0.73, 0.73, 0.73, 0.73, 0.73, 0.74, 0.74, 0.74, 0.74, 0.74, 0.74, 0.75, 0.75, 0.75, 0.77, 0.77, 0.77, 0.77, 0.77, 0.78, 0.78, 0.78, 0.78, 0.78, 0.78, 0.78, 0.78, 0.78, 0.78, 0.78, 0.78, 0.78, 0.78, 0.78, 0.78, 0.78, 0.78, 0.79, 0.79, 0.79, 0.79, 0.79, 0.79, 0.79, 0.79, 0.79, 0.79, 0.79, 0.79, 0.79, 0.79, 0.79, 0.79, 0.79, 0.79, 0.79, 0.79, 0.8, 0.8, 0.8, 0.8, 0.8, 0.8, 0.8, 0.8, 0.8, 0.8, 0.8, 0.8, 0.8, 0.8, 0.8, 0.8, 0.8, 0.81, 0.81, 0.81, 0.81, 0.81, 0.81, 0.81, 0.81, 0.81, 0.82, 0.82, 0.82, 0.82, 0.82, 0.82, 0.82, 0.82, 0.82, 0.82, 0.82, 0.82, 0.82, 0.82, 0.82, 0.82, 0.82, 0.82, 0.82, 0.82, 0.82, 0.82, 0.82, 0.82, 0.82, 0.82, 0.82, 0.82, 0.82, 0.82, 0.82, 0.83, 0.83, 0.83, 0.83, 0.83, 0.83, 0.83, 0.84, 0.84, 0.84, 0.84, 0.84, 0.84, 0.84, 0.84, 0.84, 0.84, 0.84, 0.84, 0.84, 0.84]}