{"calc_counters": [17008.61], "capture": "AGS", "cmc_iters": [1.0, 741.2140468227425, 1481.428093645485, 2221.6421404682274, 2961.85618729097, 3702.0702341137126, 4442.284280936455, 5182.498327759197, 5922.71237458194, 6662.9264214046825, 7403.140468227425, 8143.354515050168, 8883.56856187291, 9623.782608695652, 10363.996655518395, 11104.210702341137, 11844.42474916388, 12584.638795986622, 13324.852842809365, 14065.066889632108, 14805.28093645485, 15545.494983277593, 16285.709030100335, 17025.923076923078, 17766.13712374582, 18506.351170568563, 19246.565217391304, 19986.77926421405, 20726.99331103679, 21467.207357859534, 22207.421404682274, 22947.63545150502, 23687.84949832776, 24428.0635451505, 25168.277591973245, 25908.491638795986, 26648.70568561873, 27388.91973244147, 28129.133779264215, 28869.347826086956, 29609.5618729097, 30349.77591973244, 31089.989966555186, 31830.204013377926, 32570.41806020067, 33310.63210702341, 34050.846153846156, 34791.0602006689, 35531.27424749164, 36271.48829431438, 37011.70234113713, 37751.916387959864, 38492.13043478261, 39232.34448160535, 39972.5585284281, 40712.772575250834, 41452.98662207358, 42193.20066889632, 42933.41471571907, 43673.628762541804, 44413.84280936455, 45154.05685618729, 45894.27090301004, 46634.484949832775, 47374.69899665552, 48114.913043478264, 48855.127090301, 49595.341137123745, 50335.55518394649, 51075.769230769234, 51815.98327759197, 52556.197324414716, 53296.41137123746, 54036.625418060205, 54776.83946488294, 55517.053511705686, 56257.26755852843, 56997.481605351175, 57737.69565217391, 58477.90969899666, 59218.1237458194, 59958.33779264214, 60698.55183946488, 61438.76588628763, 62178.97993311037, 62919.19397993311, 63659.40802675585, 64399.6220735786, 65139.83612040134, 65880.05016722408, 66620.26421404682, 67360.47826086957, 68100.69230769231, 68840.90635451506, 69581.1204013378, 70321.33444816053, 71061.54849498328, 71801.76254180602, 72541.97658862876, 73282.19063545151, 74022.40468227425, 74762.618729097, 75502.83277591973, 76243.04682274247, 76983.26086956522, 77723.47491638796, 78463.6889632107, 79203.90301003345, 79944.1170568562, 80684.33110367894, 81424.54515050167, 82164.75919732441, 82904.97324414716, 83645.1872909699, 84385.40133779265, 85125.61538461539, 85865.82943143813, 86606.04347826086, 87346.25752508361, 88086.47157190635, 88826.6856187291, 89566.89966555184, 90307.11371237459, 91047.32775919733, 91787.54180602008, 92527.7558528428, 93267.96989966555, 94008.1839464883, 94748.39799331104, 95488.61204013378, 96228.82608695653, 96969.04013377927, 97709.254180602, 98449.46822742475, 99189.68227424749, 99929.89632107023, 100670.11036789298, 101410.32441471572, 102150.53846153847, 102890.75250836121, 103630.96655518394, 104371.18060200669, 105111.39464882943, 105851.60869565218, 106591.82274247492, 107332.03678929766, 108072.25083612041, 108812.46488294314, 109552.67892976588, 110292.89297658863, 111033.10702341137, 111773.32107023412, 112513.53511705686, 113253.7491638796, 113993.96321070235, 114734.17725752508, 115474.39130434782, 116214.60535117057, 116954.81939799331, 117695.03344481606, 118435.2474916388, 119175.46153846155, 119915.67558528428, 120655.88963210702, 121396.10367892977, 122136.31772575251, 122876.53177257525, 123616.745819398, 124356.95986622074, 125097.17391304349, 125837.38795986622, 126577.60200668896, 127317.8160535117, 128058.03010033445, 128798.2441471572, 129538.45819397994, 130278.67224080268, 131018.88628762541, 131759.10033444816, 132499.3143812709, 133239.52842809365, 133979.7424749164, 134719.95652173914, 135460.17056856188, 136200.38461538462, 136940.59866220737, 137680.8127090301, 138421.02675585286, 139161.2408026756, 139901.45484949832, 140641.66889632106, 141381.8829431438, 142122.09698996655, 142862.3110367893, 143602.52508361204, 144342.73913043478, 145082.95317725753, 145823.16722408027, 146563.38127090302, 147303.59531772576, 148043.8093645485, 148784.02341137125, 149524.237458194, 150264.45150501674, 151004.66555183945, 151744.8795986622, 152485.09364548494, 153225.3076923077, 153965.52173913043, 154705.73578595318, 155445.94983277592, 156186.16387959867, 156926.3779264214, 157666.59197324415, 158406.8060200669, 159147.02006688964, 159887.2341137124, 160627.44816053513, 161367.66220735788, 162107.8762541806, 162848.09030100334, 163588.30434782608, 164328.51839464883, 165068.73244147157, 165808.9464882943, 166549.16053511706, 167289.3745819398, 168029.58862876255, 168769.8026755853, 169510.01672240804, 170250.23076923078, 170990.44481605352, 171730.65886287627, 172470.872909699, 173211.08695652173, 173951.30100334447, 174691.51505016722, 175431.72909698996, 176171.9431438127, 176912.15719063545, 177652.3712374582, 178392.58528428094, 179132.79933110368, 179873.01337792643, 180613.22742474917, 181353.44147157192, 182093.65551839466, 182833.8695652174, 183574.08361204015, 184314.29765886287, 185054.5117056856, 185794.72575250836, 186534.9397993311, 187275.15384615384, 188015.3678929766, 188755.58193979933, 189495.79598662208, 190236.01003344482, 190976.22408026757, 191716.4381270903, 192456.65217391305, 193196.8662207358, 193937.08026755854, 194677.2943143813, 195417.508361204, 196157.72240802675, 196897.9364548495, 197638.15050167224, 198378.36454849498, 199118.57859531773, 199858.79264214047, 200599.0066889632, 201339.22073578596, 202079.4347826087, 202819.64882943145, 203559.8628762542, 204300.07692307694, 205040.29096989968, 205780.50501672243, 206520.71906354514, 207260.93311036789, 208001.14715719063, 208741.36120401337, 209481.57525083612, 210221.78929765886, 210962.0033444816, 211702.21739130435, 212442.4314381271, 213182.64548494984, 213922.85953177258, 214663.07357859533, 215403.28762541807, 216143.50167224082, 216883.71571906356, 217623.92976588628, 218364.14381270902, 219104.35785953177, 219844.5719063545, 220584.78595317726, 221325.0], "num_solved": 100, "cmc_vals": [0.0, 0.02, 0.06, 0.11, 0.16, 0.19, 0.22, 0.24, 0.26, 0.3, 0.34, 0.37, 0.41, 0.43, 0.47, 0.53, 0.56, 0.56, 0.57, 0.58, 0.58, 0.61, 0.66, 0.68, 0.7, 0.72, 0.74, 0.76, 0.77, 0.79, 0.8, 0.83, 0.84, 0.85, 0.85, 0.85, 0.85, 0.85, 0.86, 0.86, 0.86, 0.86, 0.86, 0.86, 0.86, 0.86, 0.86, 0.88, 0.88, 0.9, 0.91, 0.91, 0.92, 0.92, 0.92, 0.92, 0.93, 0.94, 0.94, 0.94, 0.94, 0.94, 0.94, 0.94, 0.96, 0.96, 0.96, 0.96, 0.96, 0.96, 0.96, 0.96, 0.96, 0.96, 0.96, 0.96, 0.96, 0.96, 0.96, 0.96, 0.96, 0.96, 0.96, 0.97, 0.97, 0.98, 0.98, 0.98, 0.98, 0.98, 0.98, 0.99, 0.99, 0.99, 0.99, 0.99, 0.99, 0.99, 0.99, 0.99, 0.99, 0.99, 0.99, 0.99, 0.99, 0.99, 0.99, 0.99, 0.99, 0.99, 0.99, 0.99, 0.99, 0.99, 0.99, 0.99, 0.99, 0.99, 0.99, 0.99, 0.99, 0.99, 0.99, 0.99, 0.99, 0.99, 0.99, 0.99, 0.99, 0.99, 0.99, 0.99, 0.99, 0.99, 0.99, 0.99, 0.99, 0.99, 0.99, 0.99, 0.99, 0.99, 0.99, 0.99, 0.99, 0.99, 0.99, 0.99, 0.99, 0.99, 0.99, 0.99, 0.99, 0.99, 0.99, 0.99, 0.99, 0.99, 0.99, 0.99, 0.99, 0.99, 0.99, 0.99, 0.99, 0.99, 0.99, 0.99, 0.99, 0.99, 0.99, 0.99, 0.99, 0.99, 0.99, 0.99, 0.99, 0.99, 0.99, 0.99, 0.99, 0.99, 0.99, 0.99, 0.99, 0.99, 0.99, 0.99, 0.99, 0.99, 0.99, 0.99, 0.99, 0.99, 0.99, 0.99, 0.99, 0.99, 0.99, 0.99, 0.99, 0.99, 0.99, 0.99, 0.99, 0.99, 0.99, 0.99, 0.99, 0.99, 0.99, 0.99, 0.99, 0.99, 0.99, 0.99, 0.99, 0.99, 0.99, 0.99, 0.99, 0.99, 0.99, 0.99, 0.99, 0.99, 0.99, 0.99, 0.99, 0.99, 0.99, 0.99, 0.99, 0.99, 0.99, 0.99, 0.99, 0.99, 0.99, 0.99, 0.99, 0.99, 0.99, 0.99, 0.99, 0.99, 0.99, 0.99, 0.99, 0.99, 0.99, 0.99, 0.99, 0.99, 0.99, 0.99, 0.99, 0.99, 0.99, 0.99, 0.99, 0.99, 0.99, 0.99, 0.99, 0.99, 0.99, 0.99, 0.99, 0.99, 0.99, 0.99, 0.99, 0.99, 0.99, 0.99, 0.99, 0.99, 0.99, 0.99, 0.99, 0.99, 0.99, 0.99, 0.99, 0.99, 0.99, 0.99, 0.99, 0.99, 0.99, 0.99, 0.99, 0.99, 0.99, 0.99, 0.99, 0.99, 0.99, 1.0]}