{"calc_counters": [87563.88311688312], "capture": "CRS", "cmc_iters": [1.0, 2007.715719063545, 4014.43143812709, 6021.147157190635, 8027.86287625418, 10034.578595317726, 12041.29431438127, 14048.010033444816, 16054.72575250836, 18061.441471571907, 20068.15719063545, 22074.872909698995, 24081.58862876254, 26088.304347826084, 28095.020066889632, 30101.735785953177, 32108.45150501672, 34115.167224080265, 36121.88294314381, 38128.598662207354, 40135.3143812709, 42142.03010033444, 44148.74581939799, 46155.46153846154, 48162.17725752508, 50168.89297658863, 52175.60869565217, 54182.32441471572, 56189.040133779265, 58195.755852842805, 60202.47157190635, 62209.187290969894, 64215.90301003344, 66222.61872909698, 68229.33444816053, 70236.05016722408, 72242.76588628763, 74249.48160535116, 76256.19732441471, 78262.91304347826, 80269.6287625418, 82276.34448160535, 84283.06020066889, 86289.77591973243, 88296.49163879598, 90303.20735785953, 92309.92307692308, 94316.63879598661, 96323.35451505016, 98330.07023411371, 100336.78595317726, 102343.5016722408, 104350.21739130434, 106356.93311036789, 108363.64882943143, 110370.36454849498, 112377.08026755853, 114383.79598662206, 116390.51170568561, 118397.22742474916, 120403.9431438127, 122410.65886287625, 124417.37458193979, 126424.09030100334, 128430.80602006688, 130437.52173913043, 132444.23745819397, 134450.95317725753, 136457.66889632106, 138464.3846153846, 140471.10033444816, 142477.8160535117, 144484.53177257525, 146491.2474916388, 148497.96321070232, 150504.67892976588, 152511.39464882942, 154518.11036789298, 156524.8260869565, 158531.54180602005, 160538.2575250836, 162544.97324414714, 164551.6889632107, 166558.40468227424, 168565.12040133777, 170571.83612040133, 172578.55183946487, 174585.26755852843, 176591.98327759196, 178598.6989966555, 180605.41471571906, 182612.1304347826, 184618.84615384616, 186625.5618729097, 188632.27759197322, 190638.9933110368, 192645.70903010032, 194652.42474916388, 196659.14046822742, 198665.85618729095, 200672.5719063545, 202679.28762541804, 204686.0033444816, 206692.71906354514, 208699.43478260867, 210706.15050167224, 212712.86622073577, 214719.58193979933, 216726.29765886287, 218733.0133779264, 220739.72909698996, 222746.4448160535, 224753.16053511706, 226759.8762541806, 228766.59197324413, 230773.3076923077, 232780.02341137122, 234786.73913043478, 236793.45484949832, 238800.17056856185, 240806.8862876254, 242813.60200668895, 244820.3177257525, 246827.03344481604, 248833.74916387958, 250840.46488294314, 252847.18060200667, 254853.89632107023, 256860.61204013377, 258867.3277591973, 260874.04347826086, 262880.7591973244, 264887.47491638793, 266894.19063545146, 268900.90635451506, 270907.6220735786, 272914.3377926421, 274921.05351170566, 276927.7692307692, 278934.4849498328, 280941.2006688963, 282947.91638795985, 284954.6321070234, 286961.3478260869, 288968.0635451505, 290974.77926421404, 292981.4949832776, 294988.2107023411, 296994.92642140464, 299001.64214046823, 301008.35785953177, 303015.0735785953, 305021.78929765883, 307028.50501672237, 309035.22073578596, 311041.9364548495, 313048.652173913, 315055.36789297656, 317062.0836120401, 319068.7993311037, 321075.5150501672, 323082.23076923075, 325088.9464882943, 327095.6622073578, 329102.3779264214, 331109.09364548494, 333115.8093645485, 335122.525083612, 337129.24080267554, 339135.95652173914, 341142.67224080267, 343149.3879598662, 345156.10367892974, 347162.81939799327, 349169.53511705686, 351176.2508361204, 353182.9665551839, 355189.68227424746, 357196.397993311, 359203.1137123746, 361209.8294314381, 363216.54515050165, 365223.2608695652, 367229.9765886287, 369236.6923076923, 371243.40802675585, 373250.1237458194, 375256.8394648829, 377263.55518394645, 379270.27090301004, 381276.9866220736, 383283.7023411371, 385290.41806020064, 387297.1337792642, 389303.84949832776, 391310.5652173913, 393317.28093645483, 395323.99665551836, 397330.7123745819, 399337.4280936455, 401344.143812709, 403350.85953177256, 405357.5752508361, 407364.2909698996, 409371.0066889632, 411377.72240802675, 413384.4381270903, 415391.1538461538, 417397.86956521735, 419404.58528428094, 421411.3010033445, 423418.016722408, 425424.73244147154, 427431.4481605351, 429438.16387959867, 431444.8795986622, 433451.59531772573, 435458.31103678927, 437465.0267558528, 439471.7424749164, 441478.4581939799, 443485.17391304346, 445491.889632107, 447498.6053511705, 449505.3210702341, 451512.03678929765, 453518.7525083612, 455525.4682274247, 457532.18394648825, 459538.89966555184, 461545.6153846154, 463552.3311036789, 465559.04682274244, 467565.762541806, 469572.47826086957, 471579.1939799331, 473585.90969899663, 475592.62541806017, 477599.3411371237, 479606.0568561873, 481612.7725752508, 483619.48829431436, 485626.2040133779, 487632.9197324414, 489639.635451505, 491646.35117056855, 493653.0668896321, 495659.7826086956, 497666.49832775915, 499673.21404682274, 501679.9297658863, 503686.6454849498, 505693.36120401334, 507700.0769230769, 509706.79264214047, 511713.508361204, 513720.22408026754, 515726.93979933107, 517733.6555183946, 519740.3712374582, 521747.0869565217, 523753.80267558526, 525760.5183946488, 527767.2341137123, 529773.9498327759, 531780.6655518394, 533787.3812709029, 535794.0969899666, 537800.8127090301, 539807.5284280936, 541814.2441471572, 543820.9598662207, 545827.6755852842, 547834.3913043478, 549841.1070234113, 551847.8227424748, 553854.5384615384, 555861.254180602, 557867.9698996656, 559874.6856187291, 561881.4013377926, 563888.1170568562, 565894.8327759197, 567901.5484949832, 569908.2642140468, 571914.9799331103, 573921.6956521738, 575928.4113712375, 577935.127090301, 579941.8428093645, 581948.5585284281, 583955.2742474916, 585961.9899665551, 587968.7056856187, 589975.4214046822, 591982.1371237457, 593988.8528428093, 595995.5685618729, 598002.2842809365, 600009.0], "num_solved": 77, "cmc_vals": [0.0, 0.0, 0.01, 0.01, 0.01, 0.01, 0.01, 0.01, 0.02, 0.02, 0.03, 0.05, 0.07, 0.08, 0.1, 0.1, 0.13, 0.13, 0.13, 0.14, 0.15, 0.16, 0.16, 0.16, 0.16, 0.16, 0.16, 0.16, 0.18, 0.18, 0.18, 0.18, 0.19, 0.2, 0.2, 0.21, 0.21, 0.25, 0.29, 0.31, 0.34, 0.34, 0.35, 0.37, 0.39, 0.4, 0.42, 0.44, 0.45, 0.47, 0.48, 0.5, 0.51, 0.51, 0.53, 0.56, 0.56, 0.57, 0.59, 0.59, 0.61, 0.61, 0.62, 0.63, 0.65, 0.65, 0.67, 0.68, 0.69, 0.7, 0.7, 0.7, 0.7, 0.7, 0.71, 0.71, 0.71, 0.72, 0.73, 0.73, 0.73, 0.74, 0.75, 0.75, 0.75, 0.75, 0.75, 0.76, 0.76, 0.76, 0.76, 0.76, 0.76, 0.76, 0.76, 0.77, 0.77, 0.77, 0.77, 0.77, 0.77, 0.77, 0.77, 0.77, 0.77, 0.77, 0.77, 0.77, 0.77, 0.77, 0.77, 0.77, 0.77, 0.77, 0.77, 0.77, 0.77, 0.77, 0.77, 0.77, 0.77, 0.77, 0.77, 0.77, 0.77, 0.77, 0.77, 0.77, 0.77, 0.77, 0.77, 0.77, 0.77, 0.77, 0.77, 0.77, 0.77, 0.77, 0.77, 0.77, 0.77, 0.77, 0.77, 0.77, 0.77, 0.77, 0.77, 0.77, 0.77, 0.77, 0.77, 0.77, 0.77, 0.77, 0.77, 0.77, 0.77, 0.77, 0.77, 0.77, 0.77, 0.77, 0.77, 0.77, 0.77, 0.77, 0.77, 0.77, 0.77, 0.77, 0.77, 0.77, 0.77, 0.77, 0.77, 0.77, 0.77, 0.77, 0.77, 0.77, 0.77, 0.77, 0.77, 0.77, 0.77, 0.77, 0.77, 0.77, 0.77, 0.77, 0.77, 0.77, 0.77, 0.77, 0.77, 0.77, 0.77, 0.77, 0.77, 0.77, 0.77, 0.77, 0.77, 0.77, 0.77, 0.77, 0.77, 0.77, 0.77, 0.77, 0.77, 0.77, 0.77, 0.77, 0.77, 0.77, 0.77, 0.77, 0.77, 0.77, 0.77, 0.77, 0.77, 0.77, 0.77, 0.77, 0.77, 0.77, 0.77, 0.77, 0.77, 0.77, 0.77, 0.77, 0.77, 0.77, 0.77, 0.77, 0.77, 0.77, 0.77, 0.77, 0.77, 0.77, 0.77, 0.77, 0.77, 0.77, 0.77, 0.77, 0.77, 0.77, 0.77, 0.77, 0.77, 0.77, 0.77, 0.77, 0.77, 0.77, 0.77, 0.77, 0.77, 0.77, 0.77, 0.77, 0.77, 0.77, 0.77, 0.77, 0.77, 0.77, 0.77, 0.77, 0.77, 0.77, 0.77, 0.77, 0.77, 0.77, 0.77, 0.77, 0.77, 0.77, 0.77, 0.77, 0.77, 0.77, 0.77, 0.77, 0.77, 0.77, 0.77, 0.77, 0.77, 0.77, 0.77, 0.77, 0.77, 0.77]}