{"calc_counters": [61657.32], "capture": "DIRECT", "cmc_iters": [1.0, 1554.046822742475, 3107.09364548495, 4660.140468227424, 6213.1872909699, 7766.234113712375, 9319.280936454848, 10872.327759197324, 12425.3745819398, 13978.421404682274, 15531.46822742475, 17084.515050167225, 18637.561872909697, 20190.608695652172, 21743.655518394648, 23296.702341137123, 24849.7491638796, 26402.795986622074, 27955.84280936455, 29508.889632107024, 31061.9364548495, 32614.98327759197, 34168.03010033445, 35721.07692307692, 37274.123745819394, 38827.17056856187, 40380.217391304344, 41933.26421404682, 43486.311036789295, 45039.357859531774, 46592.404682274246, 48145.451505016725, 49698.4983277592, 51251.54515050167, 52804.59197324415, 54357.63879598662, 55910.6856187291, 57463.73244147157, 59016.77926421405, 60569.82608695652, 62122.872909699, 63675.91973244147, 65228.96655518394, 66782.01337792641, 68335.0602006689, 69888.10702341137, 71441.15384615384, 72994.20066889632, 74547.24749163879, 76100.29431438127, 77653.34113712375, 79206.38795986622, 80759.43478260869, 82312.48160535117, 83865.52842809365, 85418.57525083612, 86971.62207357859, 88524.66889632106, 90077.71571906355, 91630.76254180602, 93183.80936454849, 94736.85618729096, 96289.90301003345, 97842.94983277592, 99395.9966555184, 100949.04347826086, 102502.09030100334, 104055.13712374582, 105608.1839464883, 107161.23076923077, 108714.27759197324, 110267.32441471572, 111820.3712374582, 113373.41806020067, 114926.46488294314, 116479.51170568561, 118032.5585284281, 119585.60535117057, 121138.65217391304, 122691.69899665551, 124244.745819398, 125797.79264214047, 127350.83946488294, 128903.88628762541, 130456.93311036789, 132009.97993311036, 133563.02675585283, 135116.07357859533, 136669.1204013378, 138222.16722408027, 139775.21404682274, 141328.26086956522, 142881.3076923077, 144434.35451505016, 145987.40133779263, 147540.4481605351, 149093.49498327757, 150646.54180602008, 152199.58862876255, 153752.63545150502, 155305.6822742475, 156858.72909698996, 158411.77591973243, 159964.8227424749, 161517.86956521738, 163070.91638795985, 164623.96321070235, 166177.01003344482, 167730.0568561873, 169283.10367892977, 170836.15050167224, 172389.1973244147, 173942.24414715718, 175495.29096989965, 177048.33779264212, 178601.38461538462, 180154.4314381271, 181707.47826086957, 183260.52508361204, 184813.5719063545, 186366.61872909698, 187919.66555183945, 189472.71237458193, 191025.7591973244, 192578.8060200669, 194131.85284280937, 195684.89966555184, 197237.9464882943, 198790.9933110368, 200344.04013377926, 201897.08695652173, 203450.1337792642, 205003.18060200667, 206556.22742474917, 208109.27424749164, 209662.32107023412, 211215.3678929766, 212768.41471571906, 214321.46153846153, 215874.508361204, 217427.55518394648, 218980.60200668895, 220533.64882943145, 222086.69565217392, 223639.7424749164, 225192.78929765886, 226745.83612040133, 228298.8829431438, 229851.92976588628, 231404.97658862875, 232958.02341137122, 234511.07023411372, 236064.1170568562, 237617.16387959867, 239170.21070234114, 240723.2575250836, 242276.30434782608, 243829.35117056855, 245382.39799331102, 246935.4448160535, 248488.491638796, 250041.53846153847, 251594.58528428094, 253147.6321070234, 254700.67892976588, 256253.72575250836, 257806.77257525083, 259359.8193979933, 260912.86622073577, 262465.9130434783, 264018.9598662207, 265572.0066889632, 267125.05351170566, 268678.10033444816, 270231.14715719066, 271784.1939799331, 273337.2408026756, 274890.28762541804, 276443.33444816055, 277996.381270903, 279549.4280936455, 281102.47491638793, 282655.52173913043, 284208.56856187293, 285761.6153846154, 287314.6622073579, 288867.7090301003, 290420.7558528428, 291973.80267558526, 293526.84949832776, 295079.8963210702, 296632.9431438127, 298185.98996655515, 299739.03678929765, 301292.08361204015, 302845.1304347826, 304398.1772575251, 305951.22408026754, 307504.27090301004, 309057.3177257525, 310610.364548495, 312163.4113712374, 313716.4581939799, 315269.5050167224, 316822.55183946487, 318375.59866220737, 319928.6454849498, 321481.6923076923, 323034.73913043475, 324587.78595317726, 326140.8327759197, 327693.8795986622, 329246.9264214047, 330799.97324414714, 332353.02006688964, 333906.0668896321, 335459.1137123746, 337012.16053511703, 338565.20735785953, 340118.254180602, 341671.3010033445, 343224.347826087, 344777.3946488294, 346330.4414715719, 347883.48829431436, 349436.53511705686, 350989.5819397993, 352542.6287625418, 354095.67558528425, 355648.72240802675, 357201.76923076925, 358754.8160535117, 360307.8628762542, 361860.90969899663, 363413.95652173914, 364967.0033444816, 366520.0501672241, 368073.0969899665, 369626.143812709, 371179.1906354515, 372732.23745819397, 374285.28428093647, 375838.3311036789, 377391.3779264214, 378944.42474916385, 380497.47157190635, 382050.5183946488, 383603.5652173913, 385156.6120401338, 386709.65886287624, 388262.70568561874, 389815.7525083612, 391368.7993311037, 392921.8461538461, 394474.8929765886, 396027.93979933107, 397580.9866220736, 399134.0334448161, 400687.0802675585, 402240.127090301, 403793.17391304346, 405346.22073578596, 406899.2675585284, 408452.3143812709, 410005.36120401334, 411558.40802675585, 413111.45484949835, 414664.5016722408, 416217.5484949833, 417770.59531772573, 419323.64214046823, 420876.6889632107, 422429.7357859532, 423982.7826086956, 425535.8294314381, 427088.8762541806, 428641.92307692306, 430194.96989966556, 431748.016722408, 433301.0635451505, 434854.11036789295, 436407.15719063545, 437960.2040133779, 439513.2508361204, 441066.2976588629, 442619.34448160534, 444172.39130434784, 445725.4381270903, 447278.4849498328, 448831.5317725752, 450384.5785953177, 451937.62541806017, 453490.67224080267, 455043.71906354517, 456596.7658862876, 458149.8127090301, 459702.85953177256, 461255.90635451506, 462808.9531772575, 464362.0], "num_solved": 100, "cmc_vals": [0.0, 0.11, 0.16, 0.2, 0.22, 0.23, 0.25, 0.25, 0.26, 0.29, 0.32, 0.33, 0.34, 0.34, 0.36, 0.36, 0.39, 0.44, 0.46, 0.47, 0.48, 0.49, 0.51, 0.52, 0.53, 0.53, 0.54, 0.54, 0.56, 0.57, 0.58, 0.58, 0.6, 0.61, 0.61, 0.62, 0.63, 0.64, 0.64, 0.64, 0.65, 0.65, 0.66, 0.66, 0.68, 0.68, 0.7, 0.7, 0.7, 0.7, 0.71, 0.71, 0.71, 0.72, 0.72, 0.73, 0.73, 0.73, 0.73, 0.73, 0.73, 0.74, 0.75, 0.76, 0.76, 0.78, 0.78, 0.78, 0.78, 0.79, 0.79, 0.79, 0.79, 0.79, 0.8, 0.81, 0.83, 0.83, 0.84, 0.85, 0.85, 0.85, 0.85, 0.86, 0.87, 0.87, 0.87, 0.88, 0.88, 0.88, 0.89, 0.89, 0.89, 0.89, 0.89, 0.9, 0.9, 0.91, 0.92, 0.93, 0.93, 0.93, 0.93, 0.93, 0.93, 0.93, 0.93, 0.93, 0.93, 0.93, 0.93, 0.93, 0.94, 0.95, 0.95, 0.95, 0.95, 0.95, 0.95, 0.95, 0.95, 0.96, 0.96, 0.96, 0.96, 0.96, 0.96, 0.96, 0.96, 0.96, 0.96, 0.96, 0.96, 0.96, 0.96, 0.96, 0.96, 0.96, 0.96, 0.96, 0.96, 0.96, 0.96, 0.96, 0.96, 0.96, 0.96, 0.96, 0.96, 0.96, 0.96, 0.96, 0.96, 0.96, 0.96, 0.96, 0.96, 0.96, 0.96, 0.97, 0.97, 0.97, 0.97, 0.97, 0.97, 0.97, 0.97, 0.97, 0.97, 0.97, 0.97, 0.97, 0.97, 0.97, 0.97, 0.97, 0.97, 0.97, 0.97, 0.97, 0.97, 0.97, 0.97, 0.97, 0.97, 0.97, 0.97, 0.97, 0.97, 0.98, 0.98, 0.98, 0.98, 0.98, 0.98, 0.98, 0.98, 0.99, 0.99, 0.99, 0.99, 0.99, 0.99, 0.99, 0.99, 0.99, 0.99, 0.99, 0.99, 0.99, 0.99, 0.99, 0.99, 0.99, 0.99, 0.99, 0.99, 0.99, 0.99, 0.99, 0.99, 0.99, 0.99, 0.99, 0.99, 0.99, 0.99, 0.99, 0.99, 0.99, 0.99, 0.99, 0.99, 0.99, 0.99, 0.99, 0.99, 0.99, 0.99, 0.99, 0.99, 0.99, 0.99, 0.99, 0.99, 0.99, 0.99, 0.99, 0.99, 0.99, 0.99, 0.99, 0.99, 0.99, 0.99, 0.99, 0.99, 0.99, 0.99, 0.99, 0.99, 0.99, 0.99, 0.99, 0.99, 0.99, 0.99, 0.99, 0.99, 0.99, 0.99, 0.99, 0.99, 0.99, 0.99, 0.99, 0.99, 0.99, 0.99, 0.99, 0.99, 0.99, 0.99, 0.99, 0.99, 0.99, 0.99, 0.99, 0.99, 0.99, 0.99, 0.99, 0.99, 0.99, 0.99, 0.99, 0.99, 0.99, 0.99, 1.0]}