{"calc_counters": [148637.81720430107], "capture": "DIRECTl", "cmc_iters": [1.0, 2007.7391304347825, 4014.478260869565, 6021.217391304348, 8027.95652173913, 10034.695652173912, 12041.434782608696, 14048.173913043478, 16054.91304347826, 18061.652173913044, 20068.391304347824, 22075.130434782608, 24081.869565217392, 26088.608695652172, 28095.347826086956, 30102.086956521736, 32108.82608695652, 34115.565217391304, 36122.30434782609, 38129.043478260865, 40135.78260869565, 42142.52173913043, 44149.260869565216, 46156.0, 48162.739130434784, 50169.47826086956, 52176.217391304344, 54182.95652173913, 56189.69565217391, 58196.434782608696, 60203.17391304347, 62209.91304347826, 64216.65217391304, 66223.39130434782, 68230.13043478261, 70236.86956521739, 72243.60869565218, 74250.34782608696, 76257.08695652173, 78263.82608695651, 80270.5652173913, 82277.30434782608, 84284.04347826086, 86290.78260869565, 88297.52173913043, 90304.26086956522, 92311.0, 94317.73913043478, 96324.47826086957, 98331.21739130434, 100337.95652173912, 102344.6956521739, 104351.43478260869, 106358.17391304347, 108364.91304347826, 110371.65217391304, 112378.39130434782, 114385.13043478261, 116391.86956521739, 118398.60869565216, 120405.34782608695, 122412.08695652173, 124418.82608695651, 126425.5652173913, 128432.30434782608, 130439.04347826086, 132445.78260869565, 134452.52173913043, 136459.26086956522, 138466.0, 140472.73913043478, 142479.47826086957, 144486.21739130435, 146492.95652173914, 148499.69565217392, 150506.43478260867, 152513.17391304346, 154519.91304347824, 156526.65217391303, 158533.3913043478, 160540.1304347826, 162546.86956521738, 164553.60869565216, 166560.34782608695, 168567.08695652173, 170573.8260869565, 172580.5652173913, 174587.30434782608, 176594.04347826086, 178600.78260869565, 180607.52173913043, 182614.26086956522, 184621.0, 186627.73913043478, 188634.47826086957, 190641.21739130435, 192647.95652173914, 194654.6956521739, 196661.43478260867, 198668.17391304346, 200674.91304347824, 202681.65217391303, 204688.3913043478, 206695.1304347826, 208701.86956521738, 210708.60869565216, 212715.34782608695, 214722.08695652173, 216728.8260869565, 218735.5652173913, 220742.30434782608, 222749.04347826086, 224755.78260869565, 226762.52173913043, 228769.26086956522, 230776.0, 232782.73913043478, 234789.47826086957, 236796.21739130432, 238802.9565217391, 240809.6956521739, 242816.43478260867, 244823.17391304346, 246829.91304347824, 248836.65217391303, 250843.3913043478, 252850.1304347826, 254856.86956521738, 256863.60869565216, 258870.34782608695, 260877.08695652173, 262883.8260869565, 264890.5652173913, 266897.30434782605, 268904.04347826086, 270910.7826086956, 272917.52173913043, 274924.2608695652, 276931.0, 278937.73913043475, 280944.47826086957, 282951.2173913043, 284957.95652173914, 286964.6956521739, 288971.4347826087, 290978.17391304346, 292984.9130434783, 294991.652173913, 296998.39130434784, 299005.1304347826, 301011.86956521735, 303018.60869565216, 305025.3478260869, 307032.0869565217, 309038.8260869565, 311045.5652173913, 313052.30434782605, 315059.04347826086, 317065.7826086956, 319072.52173913043, 321079.2608695652, 323086.0, 325092.73913043475, 327099.47826086957, 329106.2173913043, 331112.95652173914, 333119.6956521739, 335126.4347826087, 337133.17391304346, 339139.9130434783, 341146.652173913, 343153.3913043478, 345160.1304347826, 347166.86956521735, 349173.60869565216, 351180.3478260869, 353187.0869565217, 355193.8260869565, 357200.5652173913, 359207.30434782605, 361214.04347826086, 363220.7826086956, 365227.52173913043, 367234.2608695652, 369241.0, 371247.73913043475, 373254.47826086957, 375261.2173913043, 377267.95652173914, 379274.6956521739, 381281.4347826087, 383288.17391304346, 385294.9130434783, 387301.652173913, 389308.3913043478, 391315.1304347826, 393321.86956521735, 395328.60869565216, 397335.3478260869, 399342.0869565217, 401348.8260869565, 403355.5652173913, 405362.30434782605, 407369.04347826086, 409375.7826086956, 411382.52173913043, 413389.2608695652, 415396.0, 417402.73913043475, 419409.47826086957, 421416.2173913043, 423422.95652173914, 425429.6956521739, 427436.4347826087, 429443.17391304346, 431449.9130434782, 433456.652173913, 435463.3913043478, 437470.1304347826, 439476.86956521735, 441483.60869565216, 443490.3478260869, 445497.0869565217, 447503.8260869565, 449510.5652173913, 451517.30434782605, 453524.04347826086, 455530.7826086956, 457537.52173913043, 459544.2608695652, 461551.0, 463557.73913043475, 465564.47826086957, 467571.2173913043, 469577.95652173914, 471584.6956521739, 473591.43478260865, 475598.17391304346, 477604.9130434782, 479611.652173913, 481618.3913043478, 483625.1304347826, 485631.86956521735, 487638.60869565216, 489645.3478260869, 491652.0869565217, 493658.8260869565, 495665.5652173913, 497672.30434782605, 499679.04347826086, 501685.7826086956, 503692.52173913043, 505699.2608695652, 507706.0, 509712.73913043475, 511719.47826086957, 513726.2173913043, 515732.9565217391, 517739.6956521739, 519746.43478260865, 521753.17391304346, 523759.9130434782, 525766.652173913, 527773.3913043478, 529780.1304347826, 531786.8695652174, 533793.6086956521, 535800.3478260869, 537807.0869565217, 539813.8260869565, 541820.5652173912, 543827.304347826, 545834.0434782609, 547840.7826086957, 549847.5217391304, 551854.2608695652, 553861.0, 555867.7391304348, 557874.4782608695, 559881.2173913043, 561887.9565217391, 563894.6956521738, 565901.4347826086, 567908.1739130435, 569914.9130434783, 571921.652173913, 573928.3913043478, 575935.1304347826, 577941.8695652174, 579948.6086956521, 581955.3478260869, 583962.0869565217, 585968.8260869565, 587975.5652173912, 589982.304347826, 591989.0434782609, 593995.7826086957, 596002.5217391304, 598009.2608695652, 600016.0], "num_solved": 93, "cmc_vals": [0.0, 0.09, 0.15, 0.19, 0.22, 0.26, 0.29, 0.3, 0.34, 0.34, 0.34, 0.34, 0.35, 0.35, 0.36, 0.36, 0.37, 0.38, 0.38, 0.39, 0.39, 0.4, 0.4, 0.41, 0.42, 0.42, 0.42, 0.42, 0.42, 0.42, 0.43, 0.43, 0.43, 0.43, 0.43, 0.43, 0.43, 0.43, 0.43, 0.43, 0.44, 0.45, 0.46, 0.46, 0.46, 0.46, 0.46, 0.46, 0.46, 0.47, 0.48, 0.48, 0.48, 0.48, 0.48, 0.48, 0.48, 0.48, 0.49, 0.49, 0.5, 0.52, 0.53, 0.53, 0.53, 0.53, 0.54, 0.54, 0.56, 0.56, 0.56, 0.56, 0.56, 0.56, 0.56, 0.57, 0.57, 0.57, 0.57, 0.57, 0.58, 0.58, 0.58, 0.58, 0.58, 0.58, 0.58, 0.58, 0.58, 0.59, 0.59, 0.59, 0.59, 0.59, 0.59, 0.6, 0.6, 0.6, 0.6, 0.6, 0.61, 0.61, 0.61, 0.61, 0.62, 0.62, 0.63, 0.65, 0.65, 0.65, 0.65, 0.66, 0.66, 0.66, 0.66, 0.67, 0.67, 0.67, 0.67, 0.67, 0.67, 0.67, 0.67, 0.67, 0.68, 0.68, 0.68, 0.68, 0.68, 0.68, 0.69, 0.69, 0.7, 0.71, 0.71, 0.71, 0.72, 0.73, 0.73, 0.73, 0.74, 0.74, 0.74, 0.75, 0.75, 0.75, 0.75, 0.76, 0.76, 0.76, 0.76, 0.76, 0.76, 0.76, 0.76, 0.76, 0.76, 0.77, 0.77, 0.78, 0.78, 0.78, 0.78, 0.78, 0.78, 0.79, 0.79, 0.79, 0.79, 0.8, 0.8, 0.8, 0.8, 0.8, 0.8, 0.8, 0.8, 0.8, 0.8, 0.8, 0.8, 0.8, 0.8, 0.8, 0.8, 0.8, 0.8, 0.8, 0.8, 0.81, 0.81, 0.81, 0.81, 0.81, 0.81, 0.81, 0.81, 0.81, 0.81, 0.81, 0.81, 0.81, 0.81, 0.82, 0.82, 0.82, 0.82, 0.82, 0.82, 0.82, 0.82, 0.83, 0.83, 0.84, 0.85, 0.85, 0.85, 0.85, 0.85, 0.85, 0.85, 0.86, 0.86, 0.86, 0.86, 0.87, 0.87, 0.88, 0.88, 0.88, 0.88, 0.88, 0.89, 0.89, 0.89, 0.89, 0.9, 0.9, 0.9, 0.9, 0.9, 0.9, 0.9, 0.9, 0.9, 0.9, 0.9, 0.9, 0.9, 0.9, 0.9, 0.9, 0.9, 0.91, 0.91, 0.92, 0.92, 0.92, 0.92, 0.92, 0.92, 0.92, 0.92, 0.92, 0.92, 0.92, 0.92, 0.92, 0.92, 0.92, 0.92, 0.92, 0.93, 0.93, 0.93, 0.93, 0.93, 0.93, 0.93, 0.93, 0.93, 0.93, 0.93, 0.93, 0.93, 0.93, 0.93, 0.93, 0.93, 0.93, 0.93, 0.93, 0.93, 0.93, 0.93, 0.93, 0.93, 0.93, 0.93, 0.93]}