{"calc_counters": [26850.03896103896], "capture": "Scipy DE", "cmc_iters": [1.0, 2009.715719063545, 4018.43143812709, 6027.147157190635, 8035.86287625418, 10044.578595317726, 12053.29431438127, 14062.010033444816, 16070.72575250836, 18079.441471571907, 20088.15719063545, 22096.872909698995, 24105.58862876254, 26114.304347826084, 28123.020066889632, 30131.735785953177, 32140.45150501672, 34149.167224080265, 36157.88294314381, 38166.598662207354, 40175.3143812709, 42184.03010033444, 44192.74581939799, 46201.46153846154, 48210.17725752508, 50218.89297658863, 52227.60869565217, 54236.32441471572, 56245.040133779265, 58253.755852842805, 60262.47157190635, 62271.187290969894, 64279.90301003344, 66288.61872909698, 68297.33444816053, 70306.05016722408, 72314.76588628763, 74323.48160535116, 76332.19732441471, 78340.91304347826, 80349.6287625418, 82358.34448160535, 84367.06020066889, 86375.77591973243, 88384.49163879598, 90393.20735785953, 92401.92307692308, 94410.63879598661, 96419.35451505016, 98428.07023411371, 100436.78595317726, 102445.5016722408, 104454.21739130434, 106462.93311036789, 108471.64882943143, 110480.36454849498, 112489.08026755853, 114497.79598662206, 116506.51170568561, 118515.22742474916, 120523.9431438127, 122532.65886287625, 124541.37458193979, 126550.09030100334, 128558.80602006688, 130567.52173913043, 132576.23745819397, 134584.95317725753, 136593.66889632106, 138602.3846153846, 140611.10033444816, 142619.8160535117, 144628.53177257525, 146637.2474916388, 148645.96321070232, 150654.67892976588, 152663.39464882942, 154672.11036789298, 156680.8260869565, 158689.54180602005, 160698.2575250836, 162706.97324414714, 164715.6889632107, 166724.40468227424, 168733.12040133777, 170741.83612040133, 172750.55183946487, 174759.26755852843, 176767.98327759196, 178776.6989966555, 180785.41471571906, 182794.1304347826, 184802.84615384616, 186811.5618729097, 188820.27759197322, 190828.9933110368, 192837.70903010032, 194846.42474916388, 196855.14046822742, 198863.85618729095, 200872.5719063545, 202881.28762541804, 204890.0033444816, 206898.71906354514, 208907.43478260867, 210916.15050167224, 212924.86622073577, 214933.58193979933, 216942.29765886287, 218951.0133779264, 220959.72909698996, 222968.4448160535, 224977.16053511706, 226985.8762541806, 228994.59197324413, 231003.3076923077, 233012.02341137122, 235020.73913043478, 237029.45484949832, 239038.17056856185, 241046.8862876254, 243055.60200668895, 245064.3177257525, 247073.03344481604, 249081.74916387958, 251090.46488294314, 253099.18060200667, 255107.89632107023, 257116.61204013377, 259125.3277591973, 261134.04347826086, 263142.7591973244, 265151.47491638793, 267160.19063545146, 269168.90635451506, 271177.6220735786, 273186.3377926421, 275195.05351170566, 277203.7692307692, 279212.4849498328, 281221.2006688963, 283229.91638795985, 285238.6321070234, 287247.3478260869, 289256.0635451505, 291264.77926421404, 293273.4949832776, 295282.2107023411, 297290.92642140464, 299299.64214046823, 301308.35785953177, 303317.0735785953, 305325.78929765883, 307334.50501672237, 309343.22073578596, 311351.9364548495, 313360.652173913, 315369.36789297656, 317378.0836120401, 319386.7993311037, 321395.5150501672, 323404.23076923075, 325412.9464882943, 327421.6622073578, 329430.3779264214, 331439.09364548494, 333447.8093645485, 335456.525083612, 337465.24080267554, 339473.95652173914, 341482.67224080267, 343491.3879598662, 345500.10367892974, 347508.81939799327, 349517.53511705686, 351526.2508361204, 353534.9665551839, 355543.68227424746, 357552.397993311, 359561.1137123746, 361569.8294314381, 363578.54515050165, 365587.2608695652, 367595.9765886287, 369604.6923076923, 371613.40802675585, 373622.1237458194, 375630.8394648829, 377639.55518394645, 379648.27090301004, 381656.9866220736, 383665.7023411371, 385674.41806020064, 387683.1337792642, 389691.84949832776, 391700.5652173913, 393709.28093645483, 395717.99665551836, 397726.7123745819, 399735.4280936455, 401744.143812709, 403752.85953177256, 405761.5752508361, 407770.2909698996, 409779.0066889632, 411787.72240802675, 413796.4381270903, 415805.1538461538, 417813.86956521735, 419822.58528428094, 421831.3010033445, 423840.016722408, 425848.73244147154, 427857.4481605351, 429866.16387959867, 431874.8795986622, 433883.59531772573, 435892.31103678927, 437901.0267558528, 439909.7424749164, 441918.4581939799, 443927.17391304346, 445935.889632107, 447944.6053511705, 449953.3210702341, 451962.03678929765, 453970.7525083612, 455979.4682274247, 457988.18394648825, 459996.89966555184, 462005.6153846154, 464014.3311036789, 466023.04682274244, 468031.762541806, 470040.47826086957, 472049.1939799331, 474057.90969899663, 476066.62541806017, 478075.3411371237, 480084.0568561873, 482092.7725752508, 484101.48829431436, 486110.2040133779, 488118.9197324414, 490127.635451505, 492136.35117056855, 494145.0668896321, 496153.7826086956, 498162.49832775915, 500171.21404682274, 502179.9297658863, 504188.6454849498, 506197.36120401334, 508206.0769230769, 510214.79264214047, 512223.508361204, 514232.22408026754, 516240.93979933107, 518249.6555183946, 520258.3712374582, 522267.0869565217, 524275.80267558526, 526284.5183946488, 528293.2341137123, 530301.9498327759, 532310.6655518394, 534319.3812709029, 536328.0969899666, 538336.8127090301, 540345.5284280936, 542354.2441471572, 544362.9598662207, 546371.6755852842, 548380.3913043478, 550389.1070234113, 552397.8227424748, 554406.5384615384, 556415.254180602, 558423.9698996656, 560432.6856187291, 562441.4013377926, 564450.1170568562, 566458.8327759197, 568467.5484949832, 570476.2642140468, 572484.9799331103, 574493.6956521738, 576502.4113712375, 578511.127090301, 580519.8428093645, 582528.5585284281, 584537.2742474916, 586545.9899665551, 588554.7056856187, 590563.4214046822, 592572.1371237457, 594580.8528428093, 596589.5685618729, 598598.2842809365, 600607.0], "num_solved": 77, "cmc_vals": [0.0, 0.0, 0.02, 0.06, 0.07, 0.09, 0.14, 0.2, 0.27, 0.3, 0.34, 0.38, 0.42, 0.44, 0.5, 0.54, 0.59, 0.62, 0.63, 0.65, 0.66, 0.67, 0.68, 0.69, 0.7, 0.7, 0.7, 0.7, 0.71, 0.71, 0.72, 0.72, 0.72, 0.74, 0.74, 0.74, 0.74, 0.74, 0.74, 0.74, 0.74, 0.75, 0.75, 0.75, 0.76, 0.76, 0.76, 0.76, 0.76, 0.76, 0.76, 0.76, 0.76, 0.76, 0.76, 0.76, 0.76, 0.76, 0.76, 0.76, 0.76, 0.76, 0.76, 0.76, 0.76, 0.76, 0.76, 0.76, 0.76, 0.76, 0.76, 0.76, 0.76, 0.76, 0.77, 0.77, 0.77, 0.77, 0.77, 0.77, 0.77, 0.77, 0.77, 0.77, 0.77, 0.77, 0.77, 0.77, 0.77, 0.77, 0.77, 0.77, 0.77, 0.77, 0.77, 0.77, 0.77, 0.77, 0.77, 0.77, 0.77, 0.77, 0.77, 0.77, 0.77, 0.77, 0.77, 0.77, 0.77, 0.77, 0.77, 0.77, 0.77, 0.77, 0.77, 0.77, 0.77, 0.77, 0.77, 0.77, 0.77, 0.77, 0.77, 0.77, 0.77, 0.77, 0.77, 0.77, 0.77, 0.77, 0.77, 0.77, 0.77, 0.77, 0.77, 0.77, 0.77, 0.77, 0.77, 0.77, 0.77, 0.77, 0.77, 0.77, 0.77, 0.77, 0.77, 0.77, 0.77, 0.77, 0.77, 0.77, 0.77, 0.77, 0.77, 0.77, 0.77, 0.77, 0.77, 0.77, 0.77, 0.77, 0.77, 0.77, 0.77, 0.77, 0.77, 0.77, 0.77, 0.77, 0.77, 0.77, 0.77, 0.77, 0.77, 0.77, 0.77, 0.77, 0.77, 0.77, 0.77, 0.77, 0.77, 0.77, 0.77, 0.77, 0.77, 0.77, 0.77, 0.77, 0.77, 0.77, 0.77, 0.77, 0.77, 0.77, 0.77, 0.77, 0.77, 0.77, 0.77, 0.77, 0.77, 0.77, 0.77, 0.77, 0.77, 0.77, 0.77, 0.77, 0.77, 0.77, 0.77, 0.77, 0.77, 0.77, 0.77, 0.77, 0.77, 0.77, 0.77, 0.77, 0.77, 0.77, 0.77, 0.77, 0.77, 0.77, 0.77, 0.77, 0.77, 0.77, 0.77, 0.77, 0.77, 0.77, 0.77, 0.77, 0.77, 0.77, 0.77, 0.77, 0.77, 0.77, 0.77, 0.77, 0.77, 0.77, 0.77, 0.77, 0.77, 0.77, 0.77, 0.77, 0.77, 0.77, 0.77, 0.77, 0.77, 0.77, 0.77, 0.77, 0.77, 0.77, 0.77, 0.77, 0.77, 0.77, 0.77, 0.77, 0.77, 0.77, 0.77, 0.77, 0.77, 0.77, 0.77, 0.77, 0.77, 0.77, 0.77, 0.77, 0.77, 0.77, 0.77, 0.77, 0.77, 0.77, 0.77, 0.77, 0.77, 0.77, 0.77, 0.77, 0.77, 0.77, 0.77, 0.77, 0.77, 0.77]}