{"calc_counters": [29809.99], "capture": "AGS", "cmc_iters": [1.0, 1034.408026755853, 2067.816053511706, 3101.2240802675587, 4134.632107023412, 5168.040133779265, 6201.4481605351175, 7234.85618729097, 8268.264214046823, 9301.672240802676, 10335.08026755853, 11368.488294314382, 12401.896321070235, 13435.304347826088, 14468.71237458194, 15502.120401337794, 16535.528428093647, 17568.9364548495, 18602.344481605352, 19635.752508361205, 20669.16053511706, 21702.56856187291, 22735.976588628764, 23769.384615384617, 24802.79264214047, 25836.200668896323, 26869.608695652176, 27903.01672240803, 28936.42474916388, 29969.832775919735, 31003.240802675587, 32036.64882943144, 33070.05685618729, 34103.464882943146, 35136.872909699, 36170.28093645485, 37203.688963210705, 38237.09698996656, 39270.50501672241, 40303.913043478264, 41337.32107023412, 42370.72909698997, 43404.13712374582, 44437.545150501675, 45470.95317725753, 46504.36120401338, 47537.769230769234, 48571.17725752509, 49604.58528428094, 50637.99331103679, 51671.401337792646, 52704.8093645485, 53738.21739130435, 54771.625418060205, 55805.03344481606, 56838.44147157191, 57871.84949832776, 58905.257525083616, 59938.66555183947, 60972.07357859532, 62005.481605351175, 63038.88963210703, 64072.29765886288, 65105.705685618734, 66139.11371237459, 67172.52173913043, 68205.92976588629, 69239.33779264215, 70272.745819398, 71306.15384615384, 72339.5618729097, 73372.96989966556, 74406.37792642141, 75439.78595317726, 76473.19397993312, 77506.60200668898, 78540.01003344482, 79573.41806020067, 80606.82608695653, 81640.23411371239, 82673.64214046823, 83707.05016722408, 84740.45819397994, 85773.8662207358, 86807.27424749164, 87840.68227424749, 88874.09030100335, 89907.49832775921, 90940.90635451506, 91974.3143812709, 93007.72240802676, 94041.13043478262, 95074.53846153847, 96107.94648829431, 97141.35451505017, 98174.76254180603, 99208.17056856188, 100241.57859531773, 101274.98662207359, 102308.39464882945, 103341.80267558529, 104375.21070234114, 105408.618729097, 106442.02675585286, 107475.4347826087, 108508.84280936455, 109542.25083612041, 110575.65886287627, 111609.06688963211, 112642.47491638796, 113675.88294314382, 114709.29096989968, 115742.69899665553, 116776.10702341137, 117809.51505016723, 118842.92307692309, 119876.33110367894, 120909.73913043478, 121943.14715719064, 122976.5551839465, 124009.96321070235, 125043.3712374582, 126076.77926421406, 127110.18729096992, 128143.59531772576, 129177.0033444816, 130210.41137123747, 131243.81939799333, 132277.22742474917, 133310.63545150502, 134344.04347826086, 135377.45150501674, 136410.85953177258, 137444.26755852843, 138477.6755852843, 139511.08361204015, 140544.491638796, 141577.89966555184, 142611.3076923077, 143644.71571906356, 144678.1237458194, 145711.53177257525, 146744.93979933113, 147778.34782608697, 148811.75585284282, 149845.16387959867, 150878.5719063545, 151911.9799331104, 152945.38795986623, 153978.79598662208, 155012.20401337795, 156045.6120401338, 157079.02006688964, 158112.4280936455, 159145.83612040133, 160179.2441471572, 161212.65217391305, 162246.0602006689, 163279.46822742478, 164312.87625418062, 165346.28428093647, 166379.6923076923, 167413.10033444816, 168446.50836120403, 169479.91638795988, 170513.32441471572, 171546.7324414716, 172580.14046822744, 173613.5484949833, 174646.95652173914, 175680.36454849498, 176713.77257525086, 177747.1806020067, 178780.58862876255, 179813.99665551842, 180847.40468227427, 181880.8127090301, 182914.22073578596, 183947.6287625418, 184981.03678929768, 186014.44481605352, 187047.85284280937, 188081.26086956525, 189114.6688963211, 190148.07692307694, 191181.48494983278, 192214.89297658863, 193248.3010033445, 194281.70903010035, 195315.1170568562, 196348.52508361207, 197381.9331103679, 198415.34113712376, 199448.7491638796, 200482.15719063545, 201515.56521739133, 202548.97324414717, 203582.38127090302, 204615.7892976589, 205649.19732441474, 206682.60535117058, 207716.01337792643, 208749.42140468227, 209782.82943143815, 210816.237458194, 211849.64548494984, 212883.05351170572, 213916.46153846156, 214949.8695652174, 215983.27759197325, 217016.6856187291, 218050.09364548497, 219083.50167224082, 220116.90969899666, 221150.31772575254, 222183.72575250838, 223217.13377926423, 224250.54180602008, 225283.94983277592, 226317.3578595318, 227350.76588628764, 228384.1739130435, 229417.58193979936, 230450.9899665552, 231484.39799331105, 232517.8060200669, 233551.21404682274, 234584.62207357862, 235618.03010033446, 236651.4381270903, 237684.84615384619, 238718.25418060203, 239751.66220735788, 240785.07023411372, 241818.47826086957, 242851.88628762544, 243885.2943143813, 244918.70234113713, 245952.110367893, 246985.51839464885, 248018.9264214047, 249052.33444816055, 250085.7424749164, 251119.15050167227, 252152.5585284281, 253185.96655518396, 254219.37458193983, 255252.78260869568, 256286.19063545152, 257319.59866220737, 258353.0066889632, 259386.4147157191, 260419.82274247493, 261453.23076923078, 262486.63879598666, 263520.0468227425, 264553.45484949835, 265586.8628762542, 266620.27090301004, 267653.6789297659, 268687.0869565217, 269720.49498327763, 270753.9030100335, 271787.3110367893, 272820.71906354517, 273854.127090301, 274887.53511705686, 275920.9431438127, 276954.3511705686, 277987.75919732446, 279021.1672240803, 280054.57525083615, 281087.983277592, 282121.39130434784, 283154.7993311037, 284188.20735785953, 285221.6153846154, 286255.0234113713, 287288.4314381271, 288321.83946488297, 289355.2474916388, 290388.65551839466, 291422.0635451505, 292455.47157190635, 293488.87959866226, 294522.2876254181, 295555.69565217395, 296589.1036789298, 297622.51170568564, 298655.9197324415, 299689.32775919733, 300722.7357859532, 301756.143812709, 302789.5518394649, 303822.9598662208, 304856.3678929766, 305889.77591973246, 306923.1839464883, 307956.59197324415, 308990.0], "num_solved": 100, "cmc_vals": [0.0, 0.01, 0.03, 0.05, 0.08, 0.09, 0.13, 0.14, 0.19, 0.19, 0.23, 0.28, 0.3, 0.36, 0.42, 0.43, 0.44, 0.46, 0.47, 0.48, 0.5, 0.51, 0.52, 0.54, 0.56, 0.58, 0.59, 0.62, 0.64, 0.68, 0.69, 0.7, 0.7, 0.72, 0.73, 0.74, 0.75, 0.77, 0.78, 0.78, 0.79, 0.79, 0.79, 0.81, 0.81, 0.81, 0.84, 0.86, 0.86, 0.86, 0.87, 0.88, 0.89, 0.9, 0.91, 0.92, 0.92, 0.92, 0.92, 0.92, 0.92, 0.92, 0.92, 0.92, 0.92, 0.92, 0.92, 0.92, 0.93, 0.93, 0.93, 0.93, 0.93, 0.93, 0.95, 0.96, 0.96, 0.96, 0.96, 0.96, 0.96, 0.96, 0.96, 0.96, 0.96, 0.97, 0.97, 0.97, 0.97, 0.97, 0.97, 0.97, 0.97, 0.97, 0.97, 0.97, 0.97, 0.97, 0.97, 0.97, 0.97, 0.97, 0.97, 0.97, 0.97, 0.97, 0.97, 0.97, 0.97, 0.97, 0.97, 0.97, 0.97, 0.97, 0.97, 0.97, 0.98, 0.98, 0.98, 0.98, 0.98, 0.98, 0.98, 0.98, 0.98, 0.98, 0.98, 0.98, 0.98, 0.98, 0.98, 0.98, 0.98, 0.98, 0.98, 0.98, 0.99, 0.99, 0.99, 0.99, 0.99, 0.99, 0.99, 0.99, 0.99, 0.99, 0.99, 0.99, 0.99, 0.99, 0.99, 0.99, 0.99, 0.99, 0.99, 0.99, 0.99, 0.99, 0.99, 0.99, 0.99, 0.99, 0.99, 0.99, 0.99, 0.99, 0.99, 0.99, 0.99, 0.99, 0.99, 0.99, 0.99, 0.99, 0.99, 0.99, 0.99, 0.99, 0.99, 0.99, 0.99, 0.99, 0.99, 0.99, 0.99, 0.99, 0.99, 0.99, 0.99, 0.99, 0.99, 0.99, 0.99, 0.99, 0.99, 0.99, 0.99, 0.99, 0.99, 0.99, 0.99, 0.99, 0.99, 0.99, 0.99, 0.99, 0.99, 0.99, 0.99, 0.99, 0.99, 0.99, 0.99, 0.99, 0.99, 0.99, 0.99, 0.99, 0.99, 0.99, 0.99, 0.99, 0.99, 0.99, 0.99, 0.99, 0.99, 0.99, 0.99, 0.99, 0.99, 0.99, 0.99, 0.99, 0.99, 0.99, 0.99, 0.99, 0.99, 0.99, 0.99, 0.99, 0.99, 0.99, 0.99, 0.99, 0.99, 0.99, 0.99, 0.99, 0.99, 0.99, 0.99, 0.99, 0.99, 0.99, 0.99, 0.99, 0.99, 0.99, 0.99, 0.99, 0.99, 0.99, 0.99, 0.99, 0.99, 0.99, 0.99, 0.99, 0.99, 0.99, 0.99, 0.99, 0.99, 0.99, 0.99, 0.99, 0.99, 0.99, 0.99, 0.99, 0.99, 0.99, 0.99, 0.99, 0.99, 0.99, 0.99, 0.99, 0.99, 0.99, 0.99, 0.99, 0.99, 0.99, 0.99, 0.99, 0.99, 1.0]}