{"calc_counters": [143574.98529411765], "capture": "CRS", "cmc_iters": [1.0, 1171.591973244147, 2342.183946488294, 3512.7759197324413, 4683.367892976588, 5853.959866220735, 7024.5518394648825, 8195.14381270903, 9365.735785953177, 10536.327759197324, 11706.91973244147, 12877.511705685618, 14048.103678929765, 15218.695652173912, 16389.28762541806, 17559.879598662206, 18730.471571906353, 19901.0635451505, 21071.655518394648, 22242.247491638795, 23412.83946488294, 24583.43143812709, 25754.023411371236, 26924.615384615383, 28095.20735785953, 29265.799331103677, 30436.391304347824, 31606.98327759197, 32777.57525083612, 33948.167224080265, 35118.75919732441, 36289.35117056856, 37459.94314381271, 38630.535117056854, 39801.127090301, 40971.71906354515, 42142.311036789295, 43312.90301003344, 44483.49498327759, 45654.086956521736, 46824.67892976588, 47995.27090301003, 49165.86287625418, 50336.454849498325, 51507.04682274247, 52677.63879598662, 53848.230769230766, 55018.82274247491, 56189.41471571906, 57360.00668896321, 58530.598662207354, 59701.1906354515, 60871.78260869565, 62042.374581939795, 63212.96655518394, 64383.55852842809, 65554.15050167224, 66724.74247491639, 67895.33444816053, 69065.92642140467, 70236.51839464883, 71407.11036789298, 72577.70234113712, 73748.29431438126, 74918.88628762541, 76089.47826086957, 77260.07023411371, 78430.66220735785, 79601.254180602, 80771.84615384616, 81942.4381270903, 83113.03010033444, 84283.62207357859, 85454.21404682274, 86624.80602006688, 87795.39799331102, 88965.98996655518, 90136.58193979933, 91307.17391304347, 92477.76588628761, 93648.35785953177, 94818.94983277592, 95989.54180602006, 97160.1337792642, 98330.72575250836, 99501.31772575251, 100671.90969899665, 101842.50167224079, 103013.09364548494, 104183.6856187291, 105354.27759197324, 106524.86956521738, 107695.46153846153, 108866.05351170569, 110036.64548494983, 111207.23745819397, 112377.82943143812, 113548.42140468227, 114719.01337792641, 115889.60535117055, 117060.19732441471, 118230.78929765886, 119401.381270903, 120571.97324414714, 121742.5652173913, 122913.15719063545, 124083.74916387959, 125254.34113712373, 126424.93311036789, 127595.52508361204, 128766.11705685618, 129936.70903010032, 131107.30100334447, 132277.89297658863, 133448.48494983278, 134619.0769230769, 135789.66889632106, 136960.26086956522, 138130.85284280934, 139301.4448160535, 140472.03678929765, 141642.6287625418, 142813.22073578596, 143983.81270903008, 145154.40468227424, 146324.9966555184, 147495.58862876252, 148666.18060200667, 149836.77257525083, 151007.36454849498, 152177.95652173914, 153348.54849498326, 154519.14046822742, 155689.73244147157, 156860.3244147157, 158030.91638795985, 159201.508361204, 160372.10033444816, 161542.6923076923, 162713.28428093644, 163883.8762541806, 165054.46822742475, 166225.06020066887, 167395.65217391303, 168566.24414715718, 169736.83612040133, 170907.4280936455, 172078.0200668896, 173248.61204013377, 174419.20401337792, 175589.79598662205, 176760.3879598662, 177930.97993311036, 179101.5719063545, 180272.16387959867, 181442.7558528428, 182613.34782608695, 183783.9397993311, 184954.53177257522, 186125.12374581938, 187295.71571906353, 188466.3076923077, 189636.89966555184, 190807.49163879597, 191978.08361204012, 193148.67558528428, 194319.2675585284, 195489.85953177256, 196660.4515050167, 197831.04347826086, 199001.63545150502, 200172.22742474914, 201342.8193979933, 202513.41137123745, 203684.00334448158, 204854.59531772573, 206025.1872909699, 207195.77926421404, 208366.3712374582, 209536.96321070232, 210707.55518394648, 211878.14715719063, 213048.73913043475, 214219.3311036789, 215389.92307692306, 216560.51505016722, 217731.10702341137, 218901.6989966555, 220072.29096989965, 221242.8829431438, 222413.47491638793, 223584.0668896321, 224754.65886287624, 225925.2508361204, 227095.84280936455, 228266.43478260867, 229437.02675585283, 230607.61872909698, 231778.2107023411, 232948.80267558526, 234119.39464882942, 235289.98662207357, 236460.57859531773, 237631.17056856185, 238801.762541806, 239972.35451505016, 241142.94648829428, 242313.53846153844, 243484.1304347826, 244654.72240802675, 245825.3143812709, 246995.90635451503, 248166.49832775918, 249337.09030100334, 250507.68227424746, 251678.27424749162, 252848.86622073577, 254019.45819397992, 255190.05016722408, 256360.6421404682, 257531.23411371236, 258701.8260869565, 259872.41806020064, 261043.0100334448, 262213.60200668895, 263384.1939799331, 264554.78595317726, 265725.3779264214, 266895.96989966556, 268066.56187290966, 269237.1538461538, 270407.74581939797, 271578.3377926421, 272748.9297658863, 273919.52173913043, 275090.1137123746, 276260.7056856187, 277431.29765886284, 278601.889632107, 279772.48160535115, 280943.0735785953, 282113.66555183945, 283284.2575250836, 284454.84949832776, 285625.4414715719, 286796.033444816, 287966.62541806017, 289137.2173913043, 290307.8093645485, 291478.40133779263, 292648.9933110368, 293819.58528428094, 294990.17725752504, 296160.7692307692, 297331.36120401334, 298501.9531772575, 299672.54515050165, 300843.1371237458, 302013.72909698996, 303184.3210702341, 304354.9130434783, 305525.50501672237, 306696.0969899665, 307866.6889632107, 309037.28093645483, 310207.872909699, 311378.46488294314, 312549.0568561873, 313719.6488294314, 314890.24080267554, 316060.8327759197, 317231.42474916385, 318402.016722408, 319572.60869565216, 320743.2006688963, 321913.79264214047, 323084.3846153846, 324254.9765886287, 325425.5685618729, 326596.16053511703, 327766.7525083612, 328937.34448160534, 330107.9364548495, 331278.52842809365, 332449.12040133774, 333619.7123745819, 334790.30434782605, 335960.8963210702, 337131.48829431436, 338302.0802675585, 339472.67224080267, 340643.2642140468, 341813.856187291, 342984.4481605351, 344155.0401337792, 345325.6321070234, 346496.22408026754, 347666.8160535117, 348837.40802675585, 350008.0], "num_solved": 68, "cmc_vals": [0.0, 0.0, 0.0, 0.0, 0.0, 0.0, 0.0, 0.0, 0.0, 0.0, 0.0, 0.0, 0.0, 0.0, 0.0, 0.0, 0.0, 0.0, 0.0, 0.0, 0.0, 0.0, 0.0, 0.0, 0.0, 0.0, 0.0, 0.0, 0.0, 0.0, 0.0, 0.0, 0.0, 0.0, 0.0, 0.0, 0.0, 0.0, 0.0, 0.0, 0.0, 0.0, 0.0, 0.0, 0.0, 0.0, 0.0, 0.0, 0.0, 0.0, 0.0, 0.0, 0.0, 0.0, 0.0, 0.0, 0.0, 0.0, 0.0, 0.0, 0.0, 0.0, 0.0, 0.0, 0.0, 0.0, 0.0, 0.0, 0.0, 0.0, 0.0, 0.0, 0.0, 0.02, 0.02, 0.02, 0.02, 0.02, 0.02, 0.02, 0.02, 0.02, 0.03, 0.03, 0.03, 0.03, 0.03, 0.03, 0.03, 0.05, 0.05, 0.05, 0.06, 0.07, 0.07, 0.08, 0.08, 0.08, 0.09, 0.1, 0.11, 0.12, 0.12, 0.14, 0.15, 0.17, 0.18, 0.18, 0.2, 0.21, 0.22, 0.23, 0.23, 0.23, 0.26, 0.26, 0.27, 0.27, 0.27, 0.29, 0.29, 0.29, 0.33, 0.33, 0.37, 0.39, 0.41, 0.42, 0.42, 0.43, 0.46, 0.47, 0.48, 0.5, 0.52, 0.52, 0.53, 0.53, 0.54, 0.56, 0.56, 0.57, 0.59, 0.59, 0.59, 0.59, 0.6, 0.6, 0.6, 0.6, 0.6, 0.6, 0.6, 0.61, 0.61, 0.61, 0.61, 0.62, 0.63, 0.63, 0.63, 0.63, 0.63, 0.63, 0.63, 0.63, 0.63, 0.63, 0.63, 0.64, 0.64, 0.65, 0.65, 0.65, 0.65, 0.65, 0.66, 0.66, 0.66, 0.66, 0.66, 0.66, 0.66, 0.66, 0.66, 0.66, 0.66, 0.66, 0.66, 0.66, 0.66, 0.66, 0.67, 0.68, 0.68, 0.68, 0.68, 0.68, 0.68, 0.68, 0.68, 0.68, 0.68, 0.68, 0.68, 0.68, 0.68, 0.68, 0.68, 0.68, 0.68, 0.68, 0.68, 0.68, 0.68, 0.68, 0.68, 0.68, 0.68, 0.68, 0.68, 0.68, 0.68, 0.68, 0.68, 0.68, 0.68, 0.68, 0.68, 0.68, 0.68, 0.68, 0.68, 0.68, 0.68, 0.68, 0.68, 0.68, 0.68, 0.68, 0.68, 0.68, 0.68, 0.68, 0.68, 0.68, 0.68, 0.68, 0.68, 0.68, 0.68, 0.68, 0.68, 0.68, 0.68, 0.68, 0.68, 0.68, 0.68, 0.68, 0.68, 0.68, 0.68, 0.68, 0.68, 0.68, 0.68, 0.68, 0.68, 0.68, 0.68, 0.68, 0.68, 0.68, 0.68, 0.68, 0.68, 0.68, 0.68, 0.68, 0.68, 0.68, 0.68, 0.68, 0.68, 0.68, 0.68, 0.68, 0.68, 0.68, 0.68, 0.68, 0.68, 0.68, 0.68, 0.68, 0.68, 0.68, 0.68, 0.68]}