{"calc_counters": [13970.53], "capture": "DIRECTl", "cmc_iters": [1.0, 585.2274247491639, 1169.4548494983278, 1753.6822742474917, 2337.9096989966556, 2922.1371237458197, 3506.3645484949834, 4090.591973244147, 4674.819397993311, 5259.046822742475, 5843.2742474916395, 6427.501672240803, 7011.729096989967, 7595.956521739131, 8180.183946488294, 8764.411371237458, 9348.638795986622, 9932.866220735787, 10517.09364548495, 11101.321070234115, 11685.548494983279, 12269.775919732441, 12854.003344481605, 13438.23076923077, 14022.458193979934, 14606.685618729098, 15190.913043478262, 15775.140468227426, 16359.367892976588, 16943.595317725754, 17527.822742474917, 18112.050167224083, 18696.277591973245, 19280.505016722407, 19864.732441471573, 20448.959866220735, 21033.1872909699, 21617.414715719064, 22201.64214046823, 22785.869565217392, 23370.096989966558, 23954.32441471572, 24538.551839464883, 25122.77926421405, 25707.00668896321, 26291.234113712377, 26875.46153846154, 27459.688963210705, 28043.916387959867, 28628.14381270903, 29212.371237458196, 29796.598662207358, 30380.826086956524, 30965.053511705686, 31549.280936454852, 32133.508361204014, 32717.735785953177, 33301.96321070234, 33886.19063545151, 34470.41806020067, 35054.64548494983, 35638.872909699, 36223.100334448165, 36807.327759197324, 37391.55518394649, 37975.782608695656, 38560.010033444814, 39144.23745819398, 39728.464882943146, 40312.69230769231, 40896.91973244147, 41481.14715719064, 42065.3745819398, 42649.60200668896, 43233.82943143813, 43818.05685618729, 44402.28428093646, 44986.51170568562, 45570.739130434784, 46154.96655518395, 46739.193979933116, 47323.421404682274, 47907.64882943144, 48491.876254180606, 49076.103678929765, 49660.33110367893, 50244.5585284281, 50828.78595317726, 51413.01337792642, 51997.24080267559, 52581.46822742475, 53165.69565217391, 53749.92307692308, 54334.150501672244, 54918.37792642141, 55502.60535117057, 56086.832775919735, 56671.0602006689, 57255.28762541806, 57839.515050167225, 58423.74247491639, 59007.96989966556, 59592.197324414716, 60176.42474916388, 60760.65217391305, 61344.879598662206, 61929.10702341137, 62513.33444816054, 63097.561872909704, 63681.78929765886, 64266.01672240803, 64850.244147157195, 65434.47157190635, 66018.69899665553, 66602.92642140469, 67187.15384615384, 67771.38127090302, 68355.60869565218, 68939.83612040133, 69524.06354515051, 70108.29096989967, 70692.51839464883, 71276.745819398, 71860.97324414716, 72445.20066889633, 73029.42809364549, 73613.65551839465, 74197.88294314382, 74782.11036789298, 75366.33779264214, 75950.56521739131, 76534.79264214047, 77119.02006688963, 77703.2474916388, 78287.47491638796, 78871.70234113713, 79455.92976588629, 80040.15719063545, 80624.38461538462, 81208.61204013378, 81792.83946488294, 82377.06688963211, 82961.29431438127, 83545.52173913043, 84129.7491638796, 84713.97658862876, 85298.20401337792, 85882.4314381271, 86466.65886287625, 87050.88628762543, 87635.11371237459, 88219.34113712375, 88803.56856187292, 89387.79598662208, 89972.02341137124, 90556.25083612041, 91140.47826086957, 91724.70568561873, 92308.9331103679, 92893.16053511706, 93477.38795986623, 94061.61538461539, 94645.84280936455, 95230.07023411372, 95814.29765886288, 96398.52508361204, 96982.75250836121, 97566.97993311037, 98151.20735785953, 98735.4347826087, 99319.66220735786, 99903.88963210702, 100488.1170568562, 101072.34448160535, 101656.57190635453, 102240.79933110368, 102825.02675585284, 103409.25418060202, 103993.48160535117, 104577.70903010033, 105161.9364548495, 105746.16387959867, 106330.39130434782, 106914.618729097, 107498.84615384616, 108083.07357859531, 108667.30100334449, 109251.52842809365, 109835.75585284282, 110419.98327759198, 111004.21070234114, 111588.43812709031, 112172.66555183947, 112756.89297658863, 113341.1204013378, 113925.34782608696, 114509.57525083612, 115093.80267558529, 115678.03010033445, 116262.25752508362, 116846.48494983278, 117430.71237458194, 118014.93979933111, 118599.16722408027, 119183.39464882943, 119767.6220735786, 120351.84949832776, 120936.07692307692, 121520.3043478261, 122104.53177257525, 122688.75919732441, 123272.98662207359, 123857.21404682274, 124441.44147157192, 125025.66889632108, 125609.89632107023, 126194.12374581941, 126778.35117056857, 127362.57859531773, 127946.8060200669, 128531.03344481606, 129115.26086956522, 129699.48829431439, 130283.71571906355, 130867.9431438127, 131452.17056856188, 132036.39799331105, 132620.6254180602, 133204.85284280937, 133789.08026755854, 134373.3076923077, 134957.53511705686, 135541.76254180603, 136125.98996655518, 136710.21739130435, 137294.44481605352, 137878.67224080267, 138462.89966555184, 139047.12709030102, 139631.35451505016, 140215.58193979933, 140799.8093645485, 141384.03678929765, 141968.26421404682, 142552.491638796, 143136.71906354517, 143720.9464882943, 144305.1739130435, 144889.40133779266, 145473.6287625418, 146057.85618729098, 146642.08361204015, 147226.3110367893, 147810.53846153847, 148394.76588628764, 148978.9933110368, 149563.22073578596, 150147.44816053513, 150731.67558528428, 151315.90301003345, 151900.13043478262, 152484.35785953177, 153068.58528428094, 153652.8127090301, 154237.04013377926, 154821.26755852843, 155405.4949832776, 155989.72240802675, 156573.94983277592, 157158.1772575251, 157742.40468227427, 158326.6321070234, 158910.85953177258, 159495.08695652176, 160079.3143812709, 160663.54180602008, 161247.76923076925, 161831.9966555184, 162416.22408026757, 163000.45150501674, 163584.67892976588, 164168.90635451506, 164753.13377926423, 165337.36120401337, 165921.58862876255, 166505.81605351172, 167090.04347826086, 167674.27090301004, 168258.4983277592, 168842.72575250836, 169426.95317725753, 170011.1806020067, 170595.40802675585, 171179.63545150502, 171763.8628762542, 172348.09030100337, 172932.3177257525, 173516.54515050168, 174100.77257525086, 174685.0], "num_solved": 100, "cmc_vals": [0.0, 0.04, 0.12, 0.18, 0.27, 0.29, 0.35, 0.39, 0.42, 0.44, 0.46, 0.46, 0.5, 0.53, 0.57, 0.6, 0.62, 0.62, 0.63, 0.65, 0.66, 0.67, 0.71, 0.73, 0.75, 0.76, 0.76, 0.78, 0.78, 0.79, 0.8, 0.8, 0.8, 0.8, 0.82, 0.82, 0.84, 0.85, 0.87, 0.87, 0.88, 0.88, 0.88, 0.88, 0.88, 0.89, 0.89, 0.89, 0.89, 0.89, 0.89, 0.89, 0.89, 0.9, 0.91, 0.91, 0.91, 0.91, 0.91, 0.91, 0.91, 0.92, 0.92, 0.93, 0.93, 0.94, 0.94, 0.94, 0.94, 0.94, 0.94, 0.94, 0.94, 0.94, 0.94, 0.94, 0.94, 0.94, 0.94, 0.94, 0.94, 0.94, 0.94, 0.94, 0.94, 0.94, 0.94, 0.94, 0.95, 0.96, 0.96, 0.96, 0.96, 0.96, 0.96, 0.96, 0.96, 0.96, 0.96, 0.96, 0.96, 0.96, 0.96, 0.96, 0.96, 0.96, 0.96, 0.96, 0.96, 0.96, 0.96, 0.96, 0.96, 0.96, 0.96, 0.96, 0.96, 0.96, 0.96, 0.96, 0.96, 0.96, 0.96, 0.96, 0.96, 0.96, 0.96, 0.96, 0.96, 0.96, 0.97, 0.97, 0.97, 0.98, 0.98, 0.98, 0.98, 0.98, 0.98, 0.98, 0.98, 0.98, 0.98, 0.98, 0.98, 0.98, 0.98, 0.98, 0.98, 0.98, 0.98, 0.98, 0.98, 0.98, 0.98, 0.98, 0.98, 0.98, 0.98, 0.98, 0.98, 0.98, 0.98, 0.98, 0.98, 0.98, 0.98, 0.98, 0.98, 0.98, 0.98, 0.98, 0.98, 0.98, 0.98, 0.98, 0.98, 0.98, 0.98, 0.98, 0.98, 0.98, 0.98, 0.98, 0.98, 0.98, 0.98, 0.98, 0.98, 0.98, 0.98, 0.98, 0.98, 0.98, 0.98, 0.98, 0.98, 0.98, 0.98, 0.98, 0.98, 0.98, 0.98, 0.98, 0.98, 0.98, 0.98, 0.98, 0.98, 0.98, 0.98, 0.98, 0.98, 0.98, 0.98, 0.98, 0.98, 0.98, 0.98, 0.98, 0.98, 0.98, 0.98, 0.98, 0.99, 0.99, 0.99, 0.99, 0.99, 0.99, 0.99, 0.99, 0.99, 0.99, 0.99, 0.99, 0.99, 0.99, 0.99, 0.99, 0.99, 0.99, 0.99, 0.99, 0.99, 0.99, 0.99, 0.99, 0.99, 0.99, 0.99, 0.99, 0.99, 0.99, 0.99, 0.99, 0.99, 0.99, 0.99, 0.99, 0.99, 0.99, 0.99, 0.99, 0.99, 0.99, 0.99, 0.99, 0.99, 0.99, 0.99, 0.99, 0.99, 0.99, 0.99, 0.99, 0.99, 0.99, 0.99, 0.99, 0.99, 0.99, 0.99, 0.99, 0.99, 0.99, 0.99, 0.99, 0.99, 0.99, 0.99, 0.99, 0.99, 0.99, 0.99, 0.99, 0.99, 0.99, 0.99, 1.0]}