{"calc_counters": [7166.49], "capture": "DIRECT", "cmc_iters": [1.0, 358.25083612040135, 715.5016722408027, 1072.752508361204, 1430.0033444816054, 1787.2541806020067, 2144.505016722408, 2501.7558528428094, 2859.0066889632108, 3216.257525083612, 3573.5083612040135, 3930.759197324415, 4288.010033444816, 4645.260869565218, 5002.511705685619, 5359.76254180602, 5717.0133779264215, 6074.264214046823, 6431.515050167224, 6788.765886287625, 7146.016722408027, 7503.267558528429, 7860.51839464883, 8217.76923076923, 8575.020066889632, 8932.270903010034, 9289.521739130436, 9646.772575250836, 10004.023411371238, 10361.27424749164, 10718.52508361204, 11075.775919732441, 11433.026755852843, 11790.277591973245, 12147.528428093647, 12504.779264214047, 12862.030100334448, 13219.28093645485, 13576.53177257525, 13933.782608695652, 14291.033444816054, 14648.284280936456, 15005.535117056857, 15362.785953177257, 15720.03678929766, 16077.287625418061, 16434.53846153846, 16791.789297658863, 17149.040133779265, 17506.290969899666, 17863.541806020068, 18220.79264214047, 18578.04347826087, 18935.29431438127, 19292.54515050167, 19649.795986622074, 20007.046822742475, 20364.297658862877, 20721.54849498328, 21078.79933110368, 21436.05016722408, 21793.30100334448, 22150.551839464883, 22507.802675585284, 22865.053511705686, 23222.304347826088, 23579.55518394649, 23936.80602006689, 24294.056856187293, 24651.30769230769, 25008.558528428093, 25365.809364548495, 25723.060200668897, 26080.3110367893, 26437.5618729097, 26794.812709030102, 27152.0635451505, 27509.314381270902, 27866.565217391304, 28223.816053511706, 28581.066889632108, 28938.31772575251, 29295.56856187291, 29652.819397993313, 30010.070234113715, 30367.321070234113, 30724.571906354515, 31081.822742474917, 31439.07357859532, 31796.32441471572, 32153.575250836122, 32510.826086956524, 32868.07692307692, 33225.327759197324, 33582.578595317726, 33939.82943143813, 34297.08026755853, 34654.33110367893, 35011.58193979933, 35368.832775919735, 35726.083612040136, 36083.33444816054, 36440.58528428094, 36797.83612040134, 37155.08695652174, 37512.33779264214, 37869.58862876254, 38226.83946488294, 38584.09030100334, 38941.341137123745, 39298.59197324415, 39655.84280936455, 40013.09364548495, 40370.34448160535, 40727.595317725754, 41084.846153846156, 41442.09698996656, 41799.34782608696, 42156.59866220736, 42513.84949832776, 42871.10033444816, 43228.35117056856, 43585.60200668896, 43942.85284280936, 44300.103678929765, 44657.35451505017, 45014.60535117057, 45371.85618729097, 45729.10702341137, 46086.357859531774, 46443.608695652176, 46800.85953177258, 47158.11036789298, 47515.36120401338, 47872.61204013378, 48229.862876254185, 48587.11371237459, 48944.36454849498, 49301.61538461538, 49658.866220735785, 50016.11705685619, 50373.36789297659, 50730.61872909699, 51087.86956521739, 51445.120401337794, 51802.371237458196, 52159.6220735786, 52516.872909699, 52874.1237458194, 53231.3745819398, 53588.625418060205, 53945.876254180606, 54303.127090301, 54660.3779264214, 55017.628762541804, 55374.879598662206, 55732.13043478261, 56089.38127090301, 56446.63210702341, 56803.88294314381, 57161.133779264215, 57518.38461538462, 57875.63545150502, 58232.88628762542, 58590.13712374582, 58947.387959866224, 59304.638795986626, 59661.88963210703, 60019.14046822743, 60376.391304347824, 60733.642140468226, 61090.89297658863, 61448.14381270903, 61805.39464882943, 62162.64548494983, 62519.896321070235, 62877.14715719064, 63234.39799331104, 63591.64882943144, 63948.89966555184, 64306.150501672244, 64663.401337792646, 65020.65217391305, 65377.90301003345, 65735.15384615384, 66092.40468227425, 66449.65551839465, 66806.90635451506, 67164.15719063545, 67521.40802675586, 67878.65886287625, 68235.90969899666, 68593.16053511706, 68950.41137123745, 69307.66220735786, 69664.91304347826, 70022.16387959867, 70379.41471571906, 70736.66555183947, 71093.91638795986, 71451.16722408027, 71808.41806020067, 72165.66889632108, 72522.91973244147, 72880.17056856188, 73237.42140468227, 73594.67224080268, 73951.92307692308, 74309.17391304349, 74666.42474916388, 75023.67558528428, 75380.92642140469, 75738.17725752508, 76095.42809364549, 76452.67892976588, 76809.92976588629, 77167.18060200669, 77524.4314381271, 77881.68227424749, 78238.9331103679, 78596.1839464883, 78953.4347826087, 79310.6856187291, 79667.9364548495, 80025.1872909699, 80382.4381270903, 80739.6889632107, 81096.9397993311, 81454.19063545151, 81811.4414715719, 82168.69230769231, 82525.9431438127, 82883.19397993312, 83240.44481605351, 83597.69565217392, 83954.94648829431, 84312.19732441472, 84669.44816053512, 85026.69899665553, 85383.94983277592, 85741.20066889632, 86098.45150501672, 86455.70234113712, 86812.95317725753, 87170.20401337792, 87527.45484949833, 87884.70568561873, 88241.95652173914, 88599.20735785953, 88956.45819397994, 89313.70903010033, 89670.95986622074, 90028.21070234114, 90385.46153846155, 90742.71237458194, 91099.96321070235, 91457.21404682274, 91814.46488294314, 92171.71571906355, 92528.96655518394, 92886.21739130435, 93243.46822742475, 93600.71906354516, 93957.96989966555, 94315.22073578596, 94672.47157190635, 95029.72240802676, 95386.97324414716, 95744.22408026757, 96101.47491638796, 96458.72575250837, 96815.97658862876, 97173.22742474917, 97530.47826086957, 97887.72909698996, 98244.97993311037, 98602.23076923077, 98959.48160535117, 99316.73244147157, 99673.98327759198, 100031.23411371237, 100388.48494983278, 100745.73578595318, 101102.98662207359, 101460.23745819398, 101817.48829431439, 102174.73913043478, 102531.9899665552, 102889.24080267559, 103246.49163879598, 103603.74247491639, 103960.99331103679, 104318.2441471572, 104675.49498327759, 105032.745819398, 105389.9966555184, 105747.2474916388, 106104.4983277592, 106461.7491638796, 106819.0], "num_solved": 100, "cmc_vals": [0.0, 0.06, 0.18, 0.31, 0.37, 0.45, 0.51, 0.53, 0.57, 0.61, 0.62, 0.64, 0.64, 0.64, 0.66, 0.67, 0.69, 0.69, 0.73, 0.73, 0.74, 0.74, 0.75, 0.76, 0.76, 0.76, 0.79, 0.82, 0.82, 0.82, 0.82, 0.84, 0.84, 0.85, 0.85, 0.85, 0.85, 0.85, 0.85, 0.85, 0.86, 0.87, 0.87, 0.88, 0.9, 0.9, 0.9, 0.9, 0.9, 0.9, 0.9, 0.91, 0.93, 0.93, 0.93, 0.94, 0.94, 0.94, 0.94, 0.94, 0.94, 0.95, 0.95, 0.95, 0.95, 0.95, 0.95, 0.95, 0.95, 0.95, 0.95, 0.95, 0.95, 0.95, 0.95, 0.95, 0.95, 0.95, 0.95, 0.95, 0.95, 0.95, 0.95, 0.95, 0.95, 0.95, 0.95, 0.95, 0.95, 0.95, 0.96, 0.96, 0.96, 0.96, 0.96, 0.96, 0.96, 0.96, 0.96, 0.96, 0.96, 0.96, 0.96, 0.96, 0.96, 0.96, 0.97, 0.97, 0.97, 0.97, 0.97, 0.97, 0.97, 0.97, 0.97, 0.97, 0.98, 0.98, 0.98, 0.98, 0.98, 0.98, 0.98, 0.98, 0.98, 0.98, 0.98, 0.98, 0.98, 0.98, 0.98, 0.98, 0.98, 0.98, 0.98, 0.98, 0.98, 0.98, 0.98, 0.98, 0.98, 0.98, 0.98, 0.98, 0.98, 0.98, 0.98, 0.98, 0.98, 0.98, 0.98, 0.98, 0.98, 0.98, 0.98, 0.98, 0.98, 0.98, 0.98, 0.98, 0.98, 0.98, 0.98, 0.98, 0.98, 0.98, 0.98, 0.98, 0.98, 0.98, 0.98, 0.98, 0.98, 0.98, 0.98, 0.98, 0.98, 0.98, 0.98, 0.98, 0.98, 0.98, 0.98, 0.98, 0.98, 0.98, 0.98, 0.98, 0.98, 0.98, 0.98, 0.98, 0.98, 0.98, 0.98, 0.98, 0.98, 0.98, 0.98, 0.98, 0.98, 0.98, 0.98, 0.98, 0.98, 0.98, 0.98, 0.98, 0.98, 0.98, 0.98, 0.98, 0.99, 0.99, 0.99, 0.99, 0.99, 0.99, 0.99, 0.99, 0.99, 0.99, 0.99, 0.99, 0.99, 0.99, 0.99, 0.99, 0.99, 0.99, 0.99, 0.99, 0.99, 0.99, 0.99, 0.99, 0.99, 0.99, 0.99, 0.99, 0.99, 0.99, 0.99, 0.99, 0.99, 0.99, 0.99, 0.99, 0.99, 0.99, 0.99, 0.99, 0.99, 0.99, 0.99, 0.99, 0.99, 0.99, 0.99, 0.99, 0.99, 0.99, 0.99, 0.99, 0.99, 0.99, 0.99, 0.99, 0.99, 0.99, 0.99, 0.99, 0.99, 0.99, 0.99, 0.99, 0.99, 0.99, 0.99, 0.99, 0.99, 0.99, 0.99, 0.99, 0.99, 0.99, 0.99, 0.99, 0.99, 0.99, 0.99, 0.99, 0.99, 0.99, 0.99, 0.99, 0.99, 0.99, 0.99, 1.0]}