{"calc_counters": [52647.63265306123], "capture": "MLSL", "cmc_iters": [1.0, 1171.5685618729096, 2342.1371237458193, 3512.705685618729, 4683.274247491639, 5853.842809364548, 7024.411371237458, 8194.979933110368, 9365.548494983277, 10536.117056856187, 11706.685618729096, 12877.254180602005, 14047.822742474917, 15218.391304347826, 16388.959866220735, 17559.528428093643, 18730.096989966554, 19900.665551839465, 21071.234113712373, 22241.802675585284, 23412.371237458192, 24582.939799331103, 25753.50836120401, 26924.076923076922, 28094.645484949833, 29265.21404682274, 30435.782608695652, 31606.35117056856, 32776.91973244147, 33947.48829431438, 35118.056856187286, 36288.6254180602, 37459.19397993311, 38629.76254180602, 39800.33110367893, 40970.899665551835, 42141.468227424746, 43312.03678929766, 44482.60535117057, 45653.17391304347, 46823.742474916384, 47994.311036789295, 49164.879598662206, 50335.44816053512, 51506.01672240802, 52676.58528428093, 53847.153846153844, 55017.722408026755, 56188.29096989967, 57358.85953177257, 58529.42809364548, 59699.99665551839, 60870.565217391304, 62041.13377926421, 63211.70234113712, 64382.27090301003, 65552.83946488294, 66723.40802675585, 67893.97658862876, 69064.54515050167, 70235.11371237457, 71405.68227424749, 72576.2508361204, 73746.81939799331, 74917.38795986622, 76087.95652173912, 77258.52508361204, 78429.09364548494, 79599.66220735786, 80770.23076923077, 81940.79933110367, 83111.36789297659, 84281.93645484949, 85452.50501672241, 86623.07357859531, 87793.64214046822, 88964.21070234114, 90134.77926421404, 91305.34782608695, 92475.91638795986, 93646.48494983277, 94817.05351170569, 95987.62207357859, 97158.1906354515, 98328.75919732441, 99499.32775919732, 100669.89632107023, 101840.46488294314, 103011.03344481604, 104181.60200668896, 105352.17056856187, 106522.73913043478, 107693.30769230769, 108863.87625418059, 110034.44481605351, 111205.01337792641, 112375.58193979933, 113546.15050167224, 114716.71906354514, 115887.28762541806, 117057.85618729096, 118228.42474916387, 119398.99331103679, 120569.56187290969, 121740.13043478261, 122910.69899665551, 124081.26755852842, 125251.83612040133, 126422.40468227424, 127592.97324414716, 128763.54180602006, 129934.11036789296, 131104.67892976588, 132275.2474916388, 133445.8160535117, 134616.3846153846, 135786.95317725753, 136957.52173913043, 138128.09030100334, 139298.65886287624, 140469.22742474914, 141639.79598662208, 142810.36454849498, 143980.93311036789, 145151.5016722408, 146322.0702341137, 147492.63879598663, 148663.20735785953, 149833.77591973243, 151004.34448160534, 152174.91304347824, 153345.48160535117, 154516.05016722408, 155686.61872909698, 156857.1872909699, 158027.7558528428, 159198.32441471572, 160368.89297658863, 161539.46153846153, 162710.03010033444, 163880.59866220734, 165051.16722408027, 166221.73578595318, 167392.30434782608, 168562.87290969898, 169733.4414715719, 170904.01003344482, 172074.57859531773, 173245.14715719063, 174415.71571906353, 175586.28428093644, 176756.85284280934, 177927.42140468227, 179097.98996655518, 180268.55852842808, 181439.127090301, 182609.6956521739, 183780.26421404682, 184950.83277591973, 186121.40133779263, 187291.96989966554, 188462.53846153844, 189633.10702341137, 190803.67558528428, 191974.24414715718, 193144.81270903008, 194315.381270903, 195485.94983277592, 196656.51839464883, 197827.08695652173, 198997.65551839463, 200168.22408026754, 201338.79264214047, 202509.36120401337, 203679.92976588628, 204850.49832775918, 206021.0668896321, 207191.63545150502, 208362.20401337792, 209532.77257525083, 210703.34113712373, 211873.90969899663, 213044.47826086957, 214215.04682274247, 215385.61538461538, 216556.18394648828, 217726.75250836118, 218897.32107023412, 220067.88963210702, 221238.45819397992, 222409.02675585283, 223579.59531772573, 224750.16387959867, 225920.73244147157, 227091.30100334447, 228261.86956521738, 229432.43812709028, 230603.00668896319, 231773.57525083612, 232944.14381270902, 234114.71237458193, 235285.28093645483, 236455.84949832773, 237626.41806020067, 238796.98662207357, 239967.55518394648, 241138.12374581938, 242308.69230769228, 243479.26086956522, 244649.82943143812, 245820.39799331102, 246990.96655518393, 248161.53511705683, 249332.10367892977, 250502.67224080267, 251673.24080267557, 252843.80936454848, 254014.37792642138, 255184.9464882943, 256355.51505016722, 257526.08361204012, 258696.65217391303, 259867.22073578593, 261037.78929765886, 262208.35785953177, 263378.92642140464, 264549.4949832776, 265720.0635451505, 266890.6321070234, 268061.2006688963, 269231.7692307692, 270402.3377926421, 271572.90635451506, 272743.47491638793, 273914.04347826086, 275084.61204013374, 276255.1806020067, 277425.7491638796, 278596.3177257525, 279766.8862876254, 280937.4548494983, 282108.0234113712, 283278.59197324415, 284449.16053511703, 285619.72909698996, 286790.29765886284, 287960.86622073577, 289131.4347826087, 290302.0033444816, 291472.5719063545, 292643.1404682274, 293813.7090301003, 294984.27759197325, 296154.8461538461, 297325.41471571906, 298495.98327759193, 299666.55183946487, 300837.1204013378, 302007.6889632107, 303178.2575250836, 304348.8260869565, 305519.3946488294, 306689.96321070235, 307860.5317725752, 309031.10033444816, 310201.66889632103, 311372.23745819397, 312542.8060200669, 313713.3745819398, 314883.9431438127, 316054.5117056856, 317225.0802675585, 318395.64882943145, 319566.2173913043, 320736.78595317726, 321907.35451505013, 323077.92307692306, 324248.491638796, 325419.0602006689, 326589.6287625418, 327760.1973244147, 328930.7658862876, 330101.33444816055, 331271.9030100334, 332442.47157190635, 333613.0401337792, 334783.60869565216, 335954.1772575251, 337124.74581939797, 338295.3143812709, 339465.8829431438, 340636.4515050167, 341807.02006688964, 342977.5886287625, 344148.15719063545, 345318.7257525083, 346489.29431438126, 347659.8628762542, 348830.43143812707, 350001.0], "num_solved": 98, "cmc_vals": [0.0, 0.08, 0.12, 0.16, 0.2, 0.27, 0.3, 0.35, 0.37, 0.38, 0.38, 0.39, 0.39, 0.42, 0.43, 0.45, 0.45, 0.47, 0.47, 0.48, 0.5, 0.5, 0.54, 0.56, 0.57, 0.58, 0.59, 0.59, 0.59, 0.6, 0.6, 0.6, 0.61, 0.62, 0.63, 0.64, 0.64, 0.64, 0.64, 0.65, 0.66, 0.66, 0.66, 0.66, 0.66, 0.68, 0.68, 0.69, 0.69, 0.69, 0.69, 0.69, 0.7, 0.71, 0.72, 0.73, 0.73, 0.73, 0.73, 0.73, 0.73, 0.74, 0.74, 0.74, 0.76, 0.77, 0.78, 0.79, 0.8, 0.8, 0.8, 0.8, 0.8, 0.81, 0.82, 0.82, 0.82, 0.82, 0.82, 0.82, 0.82, 0.82, 0.82, 0.82, 0.82, 0.83, 0.83, 0.83, 0.84, 0.84, 0.84, 0.84, 0.84, 0.84, 0.84, 0.84, 0.84, 0.84, 0.84, 0.84, 0.85, 0.85, 0.85, 0.85, 0.85, 0.85, 0.85, 0.85, 0.85, 0.85, 0.85, 0.85, 0.85, 0.85, 0.85, 0.85, 0.85, 0.85, 0.85, 0.85, 0.85, 0.85, 0.86, 0.86, 0.86, 0.86, 0.86, 0.86, 0.86, 0.86, 0.86, 0.86, 0.86, 0.86, 0.87, 0.87, 0.87, 0.87, 0.87, 0.87, 0.87, 0.87, 0.87, 0.87, 0.87, 0.87, 0.87, 0.88, 0.88, 0.88, 0.88, 0.89, 0.9, 0.9, 0.9, 0.9, 0.9, 0.9, 0.9, 0.9, 0.9, 0.9, 0.9, 0.9, 0.9, 0.9, 0.9, 0.9, 0.9, 0.9, 0.9, 0.9, 0.9, 0.9, 0.9, 0.9, 0.9, 0.9, 0.9, 0.9, 0.9, 0.9, 0.91, 0.91, 0.91, 0.91, 0.91, 0.91, 0.91, 0.91, 0.91, 0.91, 0.91, 0.91, 0.92, 0.92, 0.92, 0.92, 0.92, 0.92, 0.92, 0.92, 0.92, 0.93, 0.93, 0.93, 0.93, 0.93, 0.93, 0.93, 0.94, 0.94, 0.94, 0.94, 0.94, 0.94, 0.94, 0.94, 0.95, 0.96, 0.96, 0.96, 0.96, 0.96, 0.96, 0.96, 0.96, 0.97, 0.97, 0.97, 0.97, 0.97, 0.97, 0.97, 0.97, 0.97, 0.97, 0.97, 0.97, 0.97, 0.97, 0.97, 0.97, 0.97, 0.97, 0.97, 0.97, 0.97, 0.97, 0.97, 0.97, 0.97, 0.97, 0.97, 0.97, 0.97, 0.97, 0.97, 0.97, 0.97, 0.97, 0.97, 0.97, 0.97, 0.97, 0.97, 0.97, 0.97, 0.97, 0.97, 0.97, 0.97, 0.97, 0.97, 0.97, 0.97, 0.97, 0.98, 0.98, 0.98, 0.98, 0.98, 0.98, 0.98, 0.98, 0.98, 0.98, 0.98, 0.98, 0.98, 0.98, 0.98, 0.98, 0.98, 0.98, 0.98, 0.98, 0.98, 0.98, 0.98]}