{"calc_counters": [34255.31], "capture": "SDA", "cmc_iters": [1.0, 1084.6020066889632, 2168.2040133779265, 3251.8060200668897, 4335.408026755853, 5419.010033444816, 6502.612040133779, 7586.214046822743, 8669.816053511706, 9753.418060200669, 10837.020066889632, 11920.622073578596, 13004.224080267559, 14087.826086956522, 15171.428093645485, 16255.030100334448, 17338.63210702341, 18422.234113712373, 19505.836120401338, 20589.438127090303, 21673.040133779265, 22756.642140468226, 23840.24414715719, 24923.846153846156, 26007.448160535117, 27091.05016722408, 28174.652173913044, 29258.25418060201, 30341.85618729097, 31425.458193979932, 32509.060200668897, 33592.66220735786, 34676.26421404682, 35759.866220735785, 36843.468227424746, 37927.070234113715, 39010.672240802676, 40094.27424749164, 41177.876254180606, 42261.47826086957, 43345.08026755853, 44428.68227424749, 45512.28428093645, 46595.88628762542, 47679.48829431438, 48763.09030100334, 49846.69230769231, 50930.29431438127, 52013.896321070235, 53097.4983277592, 54181.10033444816, 55264.70234113713, 56348.30434782609, 57431.90635451505, 58515.50836120402, 59599.11036789298, 60682.71237458194, 61766.3143812709, 62849.916387959864, 63933.51839464883, 65017.120401337794, 66100.72240802676, 67184.32441471572, 68267.92642140469, 69351.52842809365, 70435.13043478261, 71518.73244147157, 72602.33444816053, 73685.93645484949, 74769.53846153847, 75853.14046822743, 76936.74247491639, 78020.34448160535, 79103.94648829431, 80187.54849498328, 81271.15050167224, 82354.75250836121, 83438.35451505017, 84521.95652173914, 85605.5585284281, 86689.16053511706, 87772.76254180602, 88856.36454849498, 89939.96655518394, 91023.5685618729, 92107.17056856188, 93190.77257525084, 94274.3745819398, 95357.97658862876, 96441.57859531773, 97525.18060200669, 98608.78260869565, 99692.38461538462, 100775.98662207359, 101859.58862876255, 102943.19063545151, 104026.79264214047, 105110.39464882943, 106193.9966555184, 107277.59866220735, 108361.20066889632, 109444.80267558529, 110528.40468227425, 111612.00668896321, 112695.60869565218, 113779.21070234114, 114862.8127090301, 115946.41471571906, 117030.01672240804, 118113.618729097, 119197.22073578596, 120280.82274247492, 121364.42474916388, 122448.02675585284, 123531.6287625418, 124615.23076923077, 125698.83277591973, 126782.4347826087, 127866.03678929766, 128949.63879598663, 130033.24080267559, 131116.84280936455, 132200.44481605352, 133284.04682274247, 134367.64882943145, 135451.2508361204, 136534.85284280937, 137618.45484949832, 138702.0568561873, 139785.65886287627, 140869.26086956522, 141952.8628762542, 143036.46488294314, 144120.06688963211, 145203.66889632106, 146287.27090301004, 147370.87290969898, 148454.47491638796, 149538.07692307694, 150621.67892976588, 151705.28093645486, 152788.8829431438, 153872.48494983278, 154956.08695652173, 156039.6889632107, 157123.29096989968, 158206.89297658863, 159290.4949832776, 160374.09698996655, 161457.69899665553, 162541.30100334447, 163624.90301003345, 164708.50501672243, 165792.10702341137, 166875.70903010035, 167959.3110367893, 169042.91304347827, 170126.51505016722, 171210.1170568562, 172293.71906354514, 173377.32107023412, 174460.9230769231, 175544.52508361204, 176628.12709030102, 177711.72909698996, 178795.33110367894, 179878.93311036789, 180962.53511705686, 182046.1371237458, 183129.73913043478, 184213.34113712376, 185296.9431438127, 186380.54515050168, 187464.14715719063, 188547.7491638796, 189631.35117056855, 190714.95317725753, 191798.5551839465, 192882.15719063545, 193965.75919732443, 195049.36120401337, 196132.96321070235, 197216.5652173913, 198300.16722408027, 199383.76923076925, 200467.3712374582, 201550.97324414717, 202634.57525083612, 203718.1772575251, 204801.77926421404, 205885.38127090302, 206968.98327759196, 208052.58528428094, 209136.18729096992, 210219.78929765886, 211303.39130434784, 212386.9933110368, 213470.59531772576, 214554.1973244147, 215637.79933110368, 216721.40133779263, 217805.0033444816, 218888.60535117058, 219972.20735785953, 221055.8093645485, 222139.41137123745, 223223.01337792643, 224306.61538461538, 225390.21739130435, 226473.81939799333, 227557.42140468227, 228641.02341137125, 229724.6254180602, 230808.22742474917, 231891.82943143812, 232975.4314381271, 234059.03344481607, 235142.63545150502, 236226.237458194, 237309.83946488294, 238393.44147157192, 239477.04347826086, 240560.64548494984, 241644.2474916388, 242727.84949832776, 243811.45150501674, 244895.0535117057, 245978.65551839466, 247062.2575250836, 248145.85953177258, 249229.46153846153, 250313.0635451505, 251396.66555183945, 252480.26755852843, 253563.8695652174, 254647.47157190635, 255731.07357859533, 256814.67558528428, 257898.27759197325, 258981.8795986622, 260065.48160535117, 261149.08361204015, 262232.6856187291, 263316.28762541804, 264399.88963210705, 265483.491638796, 266567.09364548494, 267650.6956521739, 268734.2976588629, 269817.89966555184, 270901.5016722408, 271985.1036789298, 273068.70568561874, 274152.3076923077, 275235.90969899663, 276319.51170568564, 277403.1137123746, 278486.71571906353, 279570.31772575254, 280653.9197324415, 281737.52173913043, 282821.1237458194, 283904.7257525084, 284988.32775919733, 286071.9297658863, 287155.5317725753, 288239.13377926423, 289322.7357859532, 290406.3377926421, 291489.9397993311, 292573.5418060201, 293657.143812709, 294740.74581939797, 295824.347826087, 296907.9498327759, 297991.55183946487, 299075.1538461539, 300158.7558528428, 301242.35785953177, 302325.9598662207, 303409.5618729097, 304493.16387959867, 305576.7658862876, 306660.3678929766, 307743.96989966556, 308827.5719063545, 309911.17391304346, 310994.77591973246, 312078.3779264214, 313161.97993311036, 314245.58193979936, 315329.1839464883, 316412.78595317726, 317496.3879598662, 318579.9899665552, 319663.59197324415, 320747.1939799331, 321830.7959866221, 322914.39799331105, 323998.0], "num_solved": 100, "cmc_vals": [0.0, 0.26, 0.35, 0.35, 0.4, 0.48, 0.5, 0.53, 0.53, 0.55, 0.59, 0.59, 0.6, 0.61, 0.61, 0.62, 0.62, 0.62, 0.68, 0.68, 0.69, 0.7, 0.72, 0.72, 0.73, 0.74, 0.78, 0.78, 0.78, 0.78, 0.78, 0.79, 0.79, 0.79, 0.79, 0.79, 0.8, 0.8, 0.8, 0.8, 0.81, 0.81, 0.81, 0.81, 0.81, 0.81, 0.81, 0.81, 0.81, 0.82, 0.82, 0.83, 0.83, 0.83, 0.83, 0.83, 0.83, 0.84, 0.84, 0.84, 0.84, 0.84, 0.84, 0.84, 0.84, 0.85, 0.85, 0.85, 0.85, 0.85, 0.87, 0.88, 0.88, 0.88, 0.88, 0.88, 0.88, 0.88, 0.88, 0.88, 0.88, 0.88, 0.88, 0.88, 0.89, 0.89, 0.89, 0.9, 0.9, 0.91, 0.91, 0.91, 0.91, 0.91, 0.91, 0.91, 0.91, 0.91, 0.91, 0.91, 0.91, 0.91, 0.91, 0.91, 0.91, 0.91, 0.92, 0.92, 0.92, 0.92, 0.92, 0.92, 0.92, 0.92, 0.92, 0.92, 0.92, 0.93, 0.93, 0.93, 0.93, 0.93, 0.94, 0.94, 0.94, 0.94, 0.94, 0.94, 0.94, 0.94, 0.94, 0.94, 0.94, 0.94, 0.94, 0.94, 0.94, 0.94, 0.94, 0.94, 0.94, 0.94, 0.94, 0.94, 0.94, 0.94, 0.94, 0.94, 0.94, 0.94, 0.94, 0.94, 0.94, 0.94, 0.94, 0.94, 0.94, 0.94, 0.94, 0.94, 0.94, 0.94, 0.94, 0.94, 0.94, 0.94, 0.94, 0.94, 0.94, 0.94, 0.94, 0.94, 0.94, 0.94, 0.94, 0.94, 0.94, 0.94, 0.94, 0.94, 0.94, 0.94, 0.94, 0.94, 0.94, 0.94, 0.94, 0.94, 0.94, 0.94, 0.94, 0.94, 0.94, 0.94, 0.94, 0.94, 0.94, 0.94, 0.94, 0.94, 0.94, 0.94, 0.94, 0.94, 0.94, 0.94, 0.94, 0.94, 0.94, 0.95, 0.95, 0.95, 0.95, 0.95, 0.95, 0.95, 0.95, 0.95, 0.95, 0.95, 0.95, 0.95, 0.95, 0.95, 0.95, 0.95, 0.95, 0.95, 0.95, 0.95, 0.95, 0.95, 0.95, 0.95, 0.96, 0.97, 0.97, 0.97, 0.97, 0.97, 0.97, 0.97, 0.97, 0.97, 0.97, 0.97, 0.97, 0.97, 0.97, 0.98, 0.98, 0.98, 0.98, 0.98, 0.98, 0.98, 0.98, 0.98, 0.99, 0.99, 0.99, 0.99, 0.99, 0.99, 0.99, 0.99, 0.99, 0.99, 0.99, 0.99, 0.99, 0.99, 0.99, 0.99, 0.99, 0.99, 0.99, 0.99, 0.99, 0.99, 0.99, 0.99, 0.99, 0.99, 0.99, 0.99, 0.99, 0.99, 0.99, 0.99, 0.99, 0.99, 0.99, 0.99, 0.99, 0.99, 0.99, 0.99, 0.99, 1.0]}