{"calc_counters": [115634.59302325582], "capture": "Simulated annealing", "cmc_iters": [1.0, 2008.1204013377926, 4015.240802675585, 6022.361204013378, 8029.48160535117, 10036.602006688963, 12043.722408026755, 14050.842809364549, 16057.96321070234, 18065.083612040133, 20072.204013377926, 22079.32441471572, 24086.44481605351, 26093.565217391304, 28100.685618729098, 30107.806020066888, 32114.92642140468, 34122.04682274247, 36129.167224080265, 38136.28762541806, 40143.40802675585, 42150.52842809365, 44157.64882943144, 46164.76923076923, 48171.88963210702, 50179.010033444814, 52186.13043478261, 54193.2508361204, 56200.371237458196, 58207.49163879598, 60214.612040133776, 62221.73244147157, 64228.85284280936, 66235.97324414716, 68243.09364548494, 70250.21404682274, 72257.33444816053, 74264.45484949833, 76271.57525083612, 78278.6956521739, 80285.8160535117, 82292.93645484949, 84300.0568561873, 86307.17725752508, 88314.29765886288, 90321.41806020067, 92328.53846153845, 94335.65886287625, 96342.77926421404, 98349.89966555184, 100357.02006688963, 102364.14046822743, 104371.26086956522, 106378.381270903, 108385.5016722408, 110392.62207357859, 112399.74247491639, 114406.86287625418, 116413.98327759196, 118421.10367892977, 120428.22408026755, 122435.34448160535, 124442.46488294314, 126449.58528428094, 128456.70568561873, 130463.82608695651, 132470.9464882943, 134478.06688963211, 136485.1872909699, 138492.3076923077, 140499.4280936455, 142506.54849498326, 144513.66889632106, 146520.78929765886, 148527.90969899666, 150535.03010033444, 152542.15050167224, 154549.27090301004, 156556.3913043478, 158563.5117056856, 160570.6321070234, 162577.7525083612, 164584.87290969898, 166591.9933110368, 168599.1137123746, 170606.23411371236, 172613.35451505016, 174620.47491638796, 176627.59531772576, 178634.71571906353, 180641.83612040133, 182648.95652173914, 184656.0769230769, 186663.1973244147, 188670.3177257525, 190677.4381270903, 192684.55852842808, 194691.67892976588, 196698.79933110368, 198705.91973244146, 200713.04013377926, 202720.16053511706, 204727.28093645486, 206734.40133779263, 208741.52173913043, 210748.64214046823, 212755.762541806, 214762.8829431438, 216770.0033444816, 218777.12374581938, 220784.24414715718, 222791.36454849498, 224798.48494983278, 226805.60535117055, 228812.72575250836, 230819.84615384616, 232826.96655518393, 234834.08695652173, 236841.20735785953, 238848.32775919733, 240855.4481605351, 242862.5685618729, 244869.6889632107, 246876.80936454848, 248883.92976588628, 250891.05016722408, 252898.17056856188, 254905.29096989965, 256912.41137123745, 258919.53177257525, 260926.65217391303, 262933.7725752508, 264940.8929765886, 266948.0133779264, 268955.13377926423, 270962.254180602, 272969.3745819398, 274976.4949832776, 276983.6153846154, 278990.7357859532, 280997.856187291, 283004.9765886288, 285012.0969899665, 287019.2173913043, 289026.3377926421, 291033.4581939799, 293040.5785953177, 295047.6989966555, 297054.8193979933, 299061.93979933107, 301069.0602006689, 303076.1806020067, 305083.3010033445, 307090.4214046823, 309097.5418060201, 311104.6622073579, 313111.7826086956, 315118.9030100334, 317126.0234113712, 319133.143812709, 321140.2642140468, 323147.3846153846, 325154.5050167224, 327161.62541806017, 329168.74581939797, 331175.86622073577, 333182.9866220736, 335190.1070234114, 337197.2274247492, 339204.347826087, 341211.4682274247, 343218.5886287625, 345225.7090301003, 347232.8294314381, 349239.9498327759, 351247.0702341137, 353254.1906354515, 355261.31103678927, 357268.43143812707, 359275.55183946487, 361282.67224080267, 363289.79264214047, 365296.9130434783, 367304.0334448161, 369311.1538461538, 371318.2742474916, 373325.3946488294, 375332.5150501672, 377339.635451505, 379346.7558528428, 381353.8762541806, 383360.99665551836, 385368.11705685616, 387375.23745819397, 389382.35785953177, 391389.47826086957, 393396.59866220737, 395403.71906354517, 397410.8394648829, 399417.9598662207, 401425.0802675585, 403432.2006688963, 405439.3210702341, 407446.4414715719, 409453.5618729097, 411460.68227424746, 413467.80267558526, 415474.92307692306, 417482.04347826086, 419489.16387959867, 421496.28428093647, 423503.40468227427, 425510.525083612, 427517.6454849498, 429524.7658862876, 431531.8862876254, 433539.0066889632, 435546.127090301, 437553.24749163876, 439560.36789297656, 441567.48829431436, 443574.60869565216, 445581.72909698996, 447588.84949832776, 449595.96989966556, 451603.0903010033, 453610.2107023411, 455617.3311036789, 457624.4515050167, 459631.5719063545, 461638.6923076923, 463645.8127090301, 465652.93311036786, 467660.05351170566, 469667.17391304346, 471674.29431438126, 473681.41471571906, 475688.53511705686, 477695.65551839466, 479702.7759197324, 481709.8963210702, 483717.016722408, 485724.1371237458, 487731.2575250836, 489738.3779264214, 491745.4983277592, 493752.61872909695, 495759.73913043475, 497766.85953177256, 499773.97993311036, 501781.10033444816, 503788.22073578596, 505795.34113712376, 507802.4615384615, 509809.5819397993, 511816.7023411371, 513823.8227424749, 515830.9431438127, 517838.0635451505, 519845.1839464883, 521852.30434782605, 523859.42474916385, 525866.5451505017, 527873.6655518394, 529880.7859531773, 531887.906354515, 533895.0267558529, 535902.1471571906, 537909.2675585285, 539916.3879598662, 541923.508361204, 543930.6287625418, 545937.7491638795, 547944.8695652174, 549951.9899665551, 551959.110367893, 553966.2307692308, 555973.3511705685, 557980.4715719064, 559987.5919732441, 561994.712374582, 564001.8327759197, 566008.9531772576, 568016.0735785953, 570023.193979933, 572030.3143812709, 574037.4347826086, 576044.5551839465, 578051.6755852842, 580058.7959866221, 582065.9163879598, 584073.0367892976, 586080.1571906355, 588087.2775919732, 590094.397993311, 592101.5183946488, 594108.6387959867, 596115.7591973244, 598122.8795986621, 600130.0], "num_solved": 86, "cmc_vals": [0.0, 0.16, 0.17, 0.18, 0.22, 0.25, 0.27, 0.3, 0.3, 0.31, 0.32, 0.32, 0.34, 0.35, 0.36, 0.37, 0.37, 0.39, 0.42, 0.42, 0.42, 0.42, 0.43, 0.46, 0.46, 0.46, 0.46, 0.47, 0.48, 0.48, 0.48, 0.48, 0.48, 0.49, 0.49, 0.51, 0.51, 0.51, 0.52, 0.52, 0.52, 0.53, 0.53, 0.53, 0.54, 0.54, 0.54, 0.54, 0.54, 0.54, 0.55, 0.56, 0.56, 0.56, 0.57, 0.58, 0.58, 0.58, 0.58, 0.58, 0.58, 0.58, 0.58, 0.58, 0.58, 0.58, 0.59, 0.59, 0.59, 0.59, 0.59, 0.6, 0.6, 0.6, 0.6, 0.6, 0.6, 0.6, 0.6, 0.6, 0.6, 0.61, 0.61, 0.61, 0.61, 0.62, 0.62, 0.62, 0.62, 0.62, 0.62, 0.63, 0.64, 0.64, 0.64, 0.65, 0.65, 0.66, 0.66, 0.66, 0.66, 0.66, 0.66, 0.66, 0.67, 0.67, 0.67, 0.67, 0.68, 0.69, 0.69, 0.69, 0.69, 0.69, 0.69, 0.71, 0.71, 0.71, 0.72, 0.72, 0.72, 0.72, 0.72, 0.72, 0.72, 0.72, 0.72, 0.72, 0.72, 0.72, 0.72, 0.72, 0.72, 0.72, 0.72, 0.72, 0.72, 0.72, 0.73, 0.73, 0.73, 0.73, 0.74, 0.74, 0.74, 0.74, 0.74, 0.74, 0.74, 0.74, 0.74, 0.74, 0.74, 0.74, 0.74, 0.74, 0.75, 0.75, 0.75, 0.75, 0.75, 0.75, 0.75, 0.75, 0.75, 0.75, 0.75, 0.75, 0.75, 0.75, 0.76, 0.76, 0.76, 0.76, 0.76, 0.76, 0.77, 0.77, 0.77, 0.78, 0.78, 0.78, 0.78, 0.78, 0.79, 0.79, 0.79, 0.79, 0.79, 0.79, 0.79, 0.79, 0.79, 0.79, 0.79, 0.79, 0.79, 0.79, 0.79, 0.79, 0.79, 0.79, 0.8, 0.8, 0.8, 0.8, 0.8, 0.8, 0.8, 0.8, 0.8, 0.8, 0.8, 0.8, 0.8, 0.8, 0.8, 0.81, 0.81, 0.81, 0.81, 0.81, 0.82, 0.82, 0.82, 0.82, 0.82, 0.82, 0.82, 0.82, 0.82, 0.82, 0.82, 0.82, 0.82, 0.82, 0.82, 0.82, 0.82, 0.83, 0.83, 0.83, 0.83, 0.83, 0.83, 0.83, 0.83, 0.83, 0.84, 0.84, 0.84, 0.84, 0.84, 0.84, 0.85, 0.85, 0.85, 0.85, 0.85, 0.85, 0.85, 0.85, 0.85, 0.85, 0.85, 0.85, 0.85, 0.85, 0.85, 0.85, 0.85, 0.85, 0.85, 0.85, 0.85, 0.85, 0.85, 0.85, 0.85, 0.85, 0.85, 0.85, 0.85, 0.85, 0.85, 0.85, 0.86, 0.86, 0.86, 0.86, 0.86, 0.86, 0.86, 0.86, 0.86, 0.86, 0.86, 0.86, 0.86, 0.86]}